id,tvt
000d7d20_1442,11747.379022797637
000d7d20_1443,11747.404064337012
000d7d20_1444,11747.422820017926
000d7d20_1445,11747.448363163174
000d7d20_1446,11747.470029493048
000d7d20_1447,11747.49910515876
000d7d20_1448,11747.505522816677
000d7d20_1449,11747.517219027424
000d7d20_1450,11747.541969772683
000d7d20_1451,11747.565053849165
000d7d20_1452,11747.617895653424
000d7d20_1453,11747.637117873972
000d7d20_1454,11747.607314871699
000d7d20_1455,11747.606103415144
000d7d20_1456,11747.61106743013
000d7d20_1457,11747.618388405992
000d7d20_1458,11747.614854435702
000d7d20_1459,11747.609890847934
000d7d20_1460,11747.608260850131
000d7d20_1461,11747.623377375658
000d7d20_1462,11747.618372066576
000d7d20_1463,11747.614970409391
000d7d20_1464,11747.66541005097
000d7d20_1465,11747.687414726885
000d7d20_1466,11747.694119125348
000d7d20_1467,11747.72685084956
000d7d20_1468,11747.740637465424
000d7d20_1469,11747.776966048374
000d7d20_1470,11747.787891685006
000d7d20_1471,11747.81646343229
000d7d20_1472,11747.82684406823
000d7d20_1473,11747.835786002324
000d7d20_1474,11747.846962795753
000d7d20_1475,11747.855672920934
000d7d20_1476,11747.861314300346
000d7d20_1477,11747.874729230049
000d7d20_1478,11747.886503061794
000d7d20_1479,11747.89121338663
000d7d20_1480,11747.902573959478
000d7d20_1481,11747.897092480294
000d7d20_1482,11747.902904687198
000d7d20_1483,11747.907824664768
000d7d20_1484,11747.913077886938
000d7d20_1485,11747.92290504807
000d7d20_1486,11747.930899729883
000d7d20_1487,11747.938134229422
000d7d20_1488,11747.94988926357
000d7d20_1489,11747.961862688195
000d7d20_1490,11747.967878246956
000d7d20_1491,11747.969287149257
000d7d20_1492,11747.975182810827
000d7d20_1493,11747.979696246768
000d7d20_1494,11747.986742474099
000d7d20_1495,11747.989599491164
000d7d20_1496,11747.988502606038
000d7d20_1497,11747.99184123733
000d7d20_1498,11747.993875243748
000d7d20_1499,11747.991831385563
000d7d20_1500,11747.993901874677
000d7d20_1501,11748.00294423692
000d7d20_1502,11748.015942994445
000d7d20_1503,11748.023904366413
000d7d20_1504,11748.035433510617
000d7d20_1505,11748.048975457456
000d7d20_1506,11748.07330215556
000d7d20_1507,11748.09528169165
000d7d20_1508,11748.114912659512
000d7d20_1509,11748.120102611932
000d7d20_1510,11748.11120082907
000d7d20_1511,11748.118611154228
000d7d20_1512,11748.125140089927
000d7d20_1513,11748.131577730272
000d7d20_1514,11748.142568244248
000d7d20_1515,11748.1847685317
000d7d20_1516,11748.212180539298
000d7d20_1517,11748.242460737963
000d7d20_1518,11748.257016041922
000d7d20_1519,11748.271368551483
000d7d20_1520,11748.292377975364
000d7d20_1521,11748.312052792007
000d7d20_1522,11748.319999079089
000d7d20_1523,11748.332118834098
000d7d20_1524,11748.350396970196
000d7d20_1525,11748.370368896925
000d7d20_1526,11748.39893212818
000d7d20_1527,11748.427948009492
000d7d20_1528,11748.476740297358
000d7d20_1529,11748.491970599265
000d7d20_1530,11748.523136715288
000d7d20_1531,11748.537428823534
000d7d20_1532,11748.556102281073
000d7d20_1533,11748.581909062097
000d7d20_1534,11748.604925671489
000d7d20_1535,11748.621464833948
000d7d20_1536,11748.636577084035
000d7d20_1537,11748.650857639885
000d7d20_1538,11748.664607141263
000d7d20_1539,11748.680088747851
000d7d20_1540,11748.69096369905
000d7d20_1541,11748.691719956872
000d7d20_1542,11748.699028578962
000d7d20_1543,11748.681190069576
000d7d20_1544,11748.67096671188
000d7d20_1545,11748.65360170345
000d7d20_1546,11748.61819424514
000d7d20_1547,11748.571509130887
000d7d20_1548,11748.550254842314
000d7d20_1549,11748.529070630542
000d7d20_1550,11748.503819975951
000d7d20_1551,11748.473704390524
000d7d20_1552,11748.417027570076
000d7d20_1553,11748.425255556864
000d7d20_1554,11748.419986229927
000d7d20_1555,11748.420906795422
000d7d20_1556,11748.460298081274
000d7d20_1557,11748.469100956967
000d7d20_1558,11748.469839137277
000d7d20_1559,11748.490121785479
000d7d20_1560,11748.43680059751
000d7d20_1561,11748.40240467716
000d7d20_1562,11748.2863985525
000d7d20_1563,11748.246768857984
000d7d20_1564,11748.210722700278
000d7d20_1565,11748.181284425023
000d7d20_1566,11748.145576491213
000d7d20_1567,11748.115297967375
000d7d20_1568,11748.071978249369
000d7d20_1569,11748.045505974776
000d7d20_1570,11748.019029151821
000d7d20_1571,11747.971219176323
000d7d20_1572,11747.99367882063
000d7d20_1573,11747.983034234236
000d7d20_1574,11747.973233214128
000d7d20_1575,11747.95907240684
000d7d20_1576,11747.935490569856
000d7d20_1577,11747.907214066068
000d7d20_1578,11747.881851226331
000d7d20_1579,11747.873513060104
000d7d20_1580,11747.864945201643
000d7d20_1581,11747.856660685962
000d7d20_1582,11747.85492816526
000d7d20_1583,11747.856343276504
000d7d20_1584,11747.875135972043
000d7d20_1585,11747.861137494547
000d7d20_1586,11747.81775240603
000d7d20_1587,11747.814782875264
000d7d20_1588,11747.809204228033
000d7d20_1589,11747.854600849836
000d7d20_1590,11747.863504395214
000d7d20_1591,11747.878878627418
000d7d20_1592,11747.88506892458
000d7d20_1593,11747.896522252391
000d7d20_1594,11747.920459168665
000d7d20_1595,11747.935035085051
000d7d20_1596,11747.946018897033
000d7d20_1597,11747.959835938773
000d7d20_1598,11747.966985649566
000d7d20_1599,11747.973727934777
000d7d20_1600,11747.98548583663
000d7d20_1601,11747.988991209837
000d7d20_1602,11747.998960017423
000d7d20_1603,11748.009655360345
000d7d20_1604,11748.018187628288
000d7d20_1605,11748.026322156114
000d7d20_1606,11748.058789764618
000d7d20_1607,11748.065862186297
000d7d20_1608,11748.074378524967
000d7d20_1609,11748.083643242437
000d7d20_1610,11748.09602506745
000d7d20_1611,11748.107697288506
000d7d20_1612,11748.107014985377
000d7d20_1613,11748.105774040248
000d7d20_1614,11748.112251570761
000d7d20_1615,11748.118837260095
000d7d20_1616,11748.117825021407
000d7d20_1617,11748.119298224805
000d7d20_1618,11748.117348258986
000d7d20_1619,11748.120990709542
000d7d20_1620,11748.11938088468
000d7d20_1621,11748.115302145086
000d7d20_1622,11748.10382809202
000d7d20_1623,11748.09885222538
000d7d20_1624,11748.087003799046
000d7d20_1625,11748.079879547642
000d7d20_1626,11748.065179481178
000d7d20_1627,11748.05543351814
000d7d20_1628,11748.04942315392
000d7d20_1629,11748.035527888142
000d7d20_1630,11748.076639811
000d7d20_1631,11748.074142160935
000d7d20_1632,11748.061143553692
000d7d20_1633,11748.050947911966
000d7d20_1634,11748.059810047733
000d7d20_1635,11748.056532501312
000d7d20_1636,11748.053441194685
000d7d20_1637,11748.041354544395
000d7d20_1638,11748.037738171577
000d7d20_1639,11748.0329936594
000d7d20_1640,11748.032630250018
000d7d20_1641,11748.021394579031
000d7d20_1642,11748.015409361398
000d7d20_1643,11748.008834198186
000d7d20_1644,11748.015416029857
000d7d20_1645,11748.007265049264
000d7d20_1646,11748.01807465993
000d7d20_1647,11747.984363628733
000d7d20_1648,11747.972231968386
000d7d20_1649,11747.959943651736
000d7d20_1650,11747.956950940377
000d7d20_1651,11747.951868790034
000d7d20_1652,11747.933692966231
000d7d20_1653,11747.928923786494
000d7d20_1654,11747.904417746593
000d7d20_1655,11747.90115319984
000d7d20_1656,11747.904455520023
000d7d20_1657,11747.91786224637
000d7d20_1658,11747.91744114869
000d7d20_1659,11747.906240962442
000d7d20_1660,11747.90285742036
000d7d20_1661,11747.891391332496
000d7d20_1662,11747.89210940296
000d7d20_1663,11747.876897466895
000d7d20_1664,11747.876637403877
000d7d20_1665,11747.878581068204
000d7d20_1666,11747.88083784606
000d7d20_1667,11747.8856267948
000d7d20_1668,11747.882115817138
000d7d20_1669,11747.879069642233
000d7d20_1670,11747.844068851417
000d7d20_1671,11747.84732402072
000d7d20_1672,11747.817142429107
000d7d20_1673,11747.813208258154
000d7d20_1674,11747.796960284315
000d7d20_1675,11747.744546576161
000d7d20_1676,11747.721782463432
000d7d20_1677,11747.71212703345
000d7d20_1678,11747.688196646106
000d7d20_1679,11747.677932367824
000d7d20_1680,11747.661643923619
000d7d20_1681,11747.656525520415
000d7d20_1682,11747.644853504842
000d7d20_1683,11747.640292647318
000d7d20_1684,11747.63361875199
000d7d20_1685,11747.632614866068
000d7d20_1686,11747.631702186432
000d7d20_1687,11747.637576818477
000d7d20_1688,11747.636006163755
000d7d20_1689,11747.646635815408
000d7d20_1690,11747.658994727992
000d7d20_1691,11747.65300168944
000d7d20_1692,11747.6483000659
000d7d20_1693,11747.67767731929
000d7d20_1694,11747.676355782192
000d7d20_1695,11747.701818162757
000d7d20_1696,11747.699844244367
000d7d20_1697,11747.661311931126
000d7d20_1698,11747.655305151848
000d7d20_1699,11747.662050879813
000d7d20_1700,11747.671361474198
000d7d20_1701,11747.663821706406
000d7d20_1702,11747.666842687519
000d7d20_1703,11747.678509326073
000d7d20_1704,11747.683733170967
000d7d20_1705,11747.695627872026
000d7d20_1706,11747.707668040503
000d7d20_1707,11747.711596770181
000d7d20_1708,11747.723616261093
000d7d20_1709,11747.732186553072
000d7d20_1710,11747.759067153715
000d7d20_1711,11747.7789847781
000d7d20_1712,11747.818149629207
000d7d20_1713,11747.829741291824
000d7d20_1714,11747.836890029394
000d7d20_1715,11747.856292091574
000d7d20_1716,11747.864773973974
000d7d20_1717,11747.865867199662
000d7d20_1718,11747.85773757841
000d7d20_1719,11747.854164267297
000d7d20_1720,11747.856042546455
000d7d20_1721,11747.869818777315
000d7d20_1722,11747.878330802734
000d7d20_1723,11747.883891892616
000d7d20_1724,11747.884414465098
000d7d20_1725,11747.892928768508
000d7d20_1726,11747.902484253502
000d7d20_1727,11747.902747176577
000d7d20_1728,11747.911358371388
000d7d20_1729,11747.92154646076
000d7d20_1730,11747.922124952278
000d7d20_1731,11747.918578487419
000d7d20_1732,11747.910800893338
000d7d20_1733,11747.918579906043
000d7d20_1734,11747.918706395338
000d7d20_1735,11747.920023590497
000d7d20_1736,11747.941368672462
000d7d20_1737,11747.946290249522
000d7d20_1738,11747.958193891132
000d7d20_1739,11747.96231805434
000d7d20_1740,11747.95299441339
000d7d20_1741,11747.956470183719
000d7d20_1742,11747.96394693695
000d7d20_1743,11747.984145784812
000d7d20_1744,11747.994239860996
000d7d20_1745,11748.007606773286
000d7d20_1746,11748.023706863243
000d7d20_1747,11748.044505635295
000d7d20_1748,11748.066595650456
000d7d20_1749,11748.093728603162
000d7d20_1750,11748.113227234076
000d7d20_1751,11748.13140759556
000d7d20_1752,11748.149371965015
000d7d20_1753,11748.161439105887
000d7d20_1754,11748.170469374927
000d7d20_1755,11748.178388120017
000d7d20_1756,11748.181742391098
000d7d20_1757,11748.181627192567
000d7d20_1758,11748.185534693463
000d7d20_1759,11748.186214498715
000d7d20_1760,11748.192087245538
000d7d20_1761,11748.193059979654
000d7d20_1762,11748.201181511273
000d7d20_1763,11748.200520386643
000d7d20_1764,11748.200242880375
000d7d20_1765,11748.213363801817
000d7d20_1766,11748.241122344785
000d7d20_1767,11748.269660519843
000d7d20_1768,11748.291595414128
000d7d20_1769,11748.307114693456
000d7d20_1770,11748.322934807447
000d7d20_1771,11748.331093057819
000d7d20_1772,11748.331792922698
000d7d20_1773,11748.330916101004
000d7d20_1774,11748.335952333398
000d7d20_1775,11748.33284919023
000d7d20_1776,11748.333260069034
000d7d20_1777,11748.326664102397
000d7d20_1778,11748.329932874869
000d7d20_1779,11748.332113678947
000d7d20_1780,11748.347207835843
000d7d20_1781,11748.360558058872
000d7d20_1782,11748.373004968558
000d7d20_1783,11748.383620915589
000d7d20_1784,11748.390704458267
000d7d20_1785,11748.415508442677
000d7d20_1786,11748.42299896126
000d7d20_1787,11748.437726972541
000d7d20_1788,11748.447809515908
000d7d20_1789,11748.464114191009
000d7d20_1790,11748.472885080453
000d7d20_1791,11748.480642318451
000d7d20_1792,11748.486279689518
000d7d20_1793,11748.497536017143
000d7d20_1794,11748.490540637804
000d7d20_1795,11748.492324873852
000d7d20_1796,11748.496195801568
000d7d20_1797,11748.500000870008
000d7d20_1798,11748.511531077722
000d7d20_1799,11748.505196999067
000d7d20_1800,11748.510376609263
000d7d20_1801,11748.510237625344
000d7d20_1802,11748.50804884324
000d7d20_1803,11748.498028733138
000d7d20_1804,11748.488809900642
000d7d20_1805,11748.476117388644
000d7d20_1806,11748.47791752851
000d7d20_1807,11748.47510614622
000d7d20_1808,11748.472780931668
000d7d20_1809,11748.470175319926
000d7d20_1810,11748.467954625108
000d7d20_1811,11748.471394071652
000d7d20_1812,11748.480672764768
000d7d20_1813,11748.488189354945
000d7d20_1814,11748.49059738975
000d7d20_1815,11748.493853172782
000d7d20_1816,11748.486497321477
000d7d20_1817,11748.483474295195
000d7d20_1818,11748.481905003111
000d7d20_1819,11748.493782109947
000d7d20_1820,11748.490580321846
000d7d20_1821,11748.489808828333
000d7d20_1822,11748.489631224427
000d7d20_1823,11748.490238131035
000d7d20_1824,11748.490787769668
000d7d20_1825,11748.491074520009
000d7d20_1826,11748.48798357244
000d7d20_1827,11748.486384120595
000d7d20_1828,11748.490309872295
000d7d20_1829,11748.489896480383
000d7d20_1830,11748.499752055353
000d7d20_1831,11748.49946310934
000d7d20_1832,11748.492729165639
000d7d20_1833,11748.493424968041
000d7d20_1834,11748.494383082423
000d7d20_1835,11748.495109691383
000d7d20_1836,11748.501716062894
000d7d20_1837,11748.529133346048
000d7d20_1838,11748.531842300448
000d7d20_1839,11748.540667286936
000d7d20_1840,11748.554097085114
000d7d20_1841,11748.561182768468
000d7d20_1842,11748.563352541894
000d7d20_1843,11748.563522281585
000d7d20_1844,11748.568341607333
000d7d20_1845,11748.568677366808
000d7d20_1846,11748.568859725574
000d7d20_1847,11748.565754517851
000d7d20_1848,11748.565285123506
000d7d20_1849,11748.564483287355
000d7d20_1850,11748.561888971271
000d7d20_1851,11748.560665577645
000d7d20_1852,11748.558099892456
000d7d20_1853,11748.559238507094
000d7d20_1854,11748.554438822493
000d7d20_1855,11748.555531401342
000d7d20_1856,11748.562655765018
000d7d20_1857,11748.572850409724
000d7d20_1858,11748.578885406223
000d7d20_1859,11748.582978420844
000d7d20_1860,11748.580937519764
000d7d20_1861,11748.578072460947
000d7d20_1862,11748.586467528126
000d7d20_1863,11748.583326162818
000d7d20_1864,11748.58291900745
000d7d20_1865,11748.590776908164
000d7d20_1866,11748.58957115409
000d7d20_1867,11748.614281667988
000d7d20_1868,11748.61149347002
000d7d20_1869,11748.604843032746
000d7d20_1870,11748.60131171006
000d7d20_1871,11748.60011419799
000d7d20_1872,11748.555268285809
000d7d20_1873,11748.557446337945
000d7d20_1874,11748.557852244176
000d7d20_1875,11748.563448521078
000d7d20_1876,11748.56495562287
000d7d20_1877,11748.560428042474
000d7d20_1878,11748.55967758039
000d7d20_1879,11748.547355888411
000d7d20_1880,11748.532210506726
000d7d20_1881,11748.519950429072
000d7d20_1882,11748.498766190087
000d7d20_1883,11748.488590206345
000d7d20_1884,11748.492452832024
000d7d20_1885,11748.487544320353
000d7d20_1886,11748.480533090864
000d7d20_1887,11748.471321828973
000d7d20_1888,11748.456840869168
000d7d20_1889,11748.454893737216
000d7d20_1890,11748.46102865966
000d7d20_1891,11748.45937743167
000d7d20_1892,11748.455740126628
000d7d20_1893,11748.451610255965
000d7d20_1894,11748.451846617663
000d7d20_1895,11748.449192473892
000d7d20_1896,11748.45006278815
000d7d20_1897,11748.447810585929
000d7d20_1898,11748.445914060223
000d7d20_1899,11748.443870693918
000d7d20_1900,11748.436975663462
000d7d20_1901,11748.430407762833
000d7d20_1902,11748.424718581147
000d7d20_1903,11748.41173994664
000d7d20_1904,11748.382284426276
000d7d20_1905,11748.38241380644
000d7d20_1906,11748.375911481233
000d7d20_1907,11748.374019274885
000d7d20_1908,11748.381523597262
000d7d20_1909,11748.382422421138
000d7d20_1910,11748.380263915735
000d7d20_1911,11748.373794158972
000d7d20_1912,11748.368204922568
000d7d20_1913,11748.372712979339
000d7d20_1914,11748.379133701783
000d7d20_1915,11748.382226109832
000d7d20_1916,11748.38077601217
000d7d20_1917,11748.37134844716
000d7d20_1918,11748.376856200468
000d7d20_1919,11748.377279021415
000d7d20_1920,11748.381371609647
000d7d20_1921,11748.396310044154
000d7d20_1922,11748.414070356743
000d7d20_1923,11748.423777975582
000d7d20_1924,11748.426499143889
000d7d20_1925,11748.427214930265
000d7d20_1926,11748.429969493847
000d7d20_1927,11748.4287404237
000d7d20_1928,11748.425980034226
000d7d20_1929,11748.412594831787
000d7d20_1930,11748.411879186524
000d7d20_1931,11748.40453991932
000d7d20_1932,11748.415571234149
000d7d20_1933,11748.437996732504
000d7d20_1934,11748.495920831101
000d7d20_1935,11748.554938945435
000d7d20_1936,11748.600401943622
000d7d20_1937,11748.684710902517
000d7d20_1938,11748.710554675308
000d7d20_1939,11748.722230349693
000d7d20_1940,11748.733042403735
000d7d20_1941,11748.73949482247
000d7d20_1942,11748.750615419425
000d7d20_1943,11748.806453153235
000d7d20_1944,11748.92486252395
000d7d20_1945,11748.975999930775
000d7d20_1946,11749.042207143391
000d7d20_1947,11749.10118453378
000d7d20_1948,11749.20097623209
000d7d20_1949,11749.247544875698
000d7d20_1950,11749.298175595311
000d7d20_1951,11749.355051493716
000d7d20_1952,11749.448695407897
000d7d20_1953,11749.527476003708
000d7d20_1954,11749.591560073544
000d7d20_1955,11749.654496349518
000d7d20_1956,11749.72291361248
000d7d20_1957,11749.723968358841
000d7d20_1958,11749.672395860702
000d7d20_1959,11749.631349410873
000d7d20_1960,11749.593225589308
000d7d20_1961,11749.523171044773
000d7d20_1962,11749.471838527492
000d7d20_1963,11749.415307313684
000d7d20_1964,11749.34239048373
000d7d20_1965,11749.297299200338
000d7d20_1966,11749.278733183364
000d7d20_1967,11749.256300387617
000d7d20_1968,11749.292652955259
000d7d20_1969,11749.29006183297
000d7d20_1970,11749.28137443478
000d7d20_1971,11749.262637044814
000d7d20_1972,11749.252175684638
000d7d20_1973,11749.248249178429
000d7d20_1974,11749.23695507256
000d7d20_1975,11749.23393039129
000d7d20_1976,11749.224523054305
000d7d20_1977,11749.214442995431
000d7d20_1978,11749.207820340025
000d7d20_1979,11749.21045673627
000d7d20_1980,11749.204907344943
000d7d20_1981,11749.210594759264
000d7d20_1982,11749.210628584937
000d7d20_1983,11749.217556443291
000d7d20_1984,11749.212128135237
000d7d20_1985,11749.199199236073
000d7d20_1986,11749.20415144326
000d7d20_1987,11749.193599538832
000d7d20_1988,11749.183126149272
000d7d20_1989,11749.188461928832
000d7d20_1990,11749.179574764015
000d7d20_1991,11749.182201873473
000d7d20_1992,11749.17810273976
000d7d20_1993,11749.180572137037
000d7d20_1994,11749.177530570112
000d7d20_1995,11749.181788075308
000d7d20_1996,11749.179843752296
000d7d20_1997,11749.182687042454
000d7d20_1998,11749.182928721219
000d7d20_1999,11749.183718563565
000d7d20_2000,11749.183448203597
000d7d20_2001,11749.186854188092
000d7d20_2002,11749.169640352182
000d7d20_2003,11749.180766931117
000d7d20_2004,11749.197799540085
000d7d20_2005,11749.190647855983
000d7d20_2006,11749.204311855268
000d7d20_2007,11749.222379883315
000d7d20_2008,11749.232663045317
000d7d20_2009,11749.271027556053
000d7d20_2010,11749.282577703729
000d7d20_2011,11749.278714174414
000d7d20_2012,11749.309818903952
000d7d20_2013,11749.354321955423
000d7d20_2014,11749.366885257792
000d7d20_2015,11749.382122756044
000d7d20_2016,11749.393955184867
000d7d20_2017,11749.454776197394
000d7d20_2018,11749.52138302191
000d7d20_2019,11749.57309312416
000d7d20_2020,11749.605414999636
000d7d20_2021,11749.620077817419
000d7d20_2022,11749.623772660454
000d7d20_2023,11749.647391158334
000d7d20_2024,11749.674715011213
000d7d20_2025,11749.703324723983
000d7d20_2026,11749.693337753013
000d7d20_2027,11749.697052308025
000d7d20_2028,11749.727749274329
000d7d20_2029,11749.737793401182
000d7d20_2030,11749.737434027142
000d7d20_2031,11749.765857116936
000d7d20_2032,11749.768049391885
000d7d20_2033,11749.773731785652
000d7d20_2034,11749.79980835858
000d7d20_2035,11749.817444291133
000d7d20_2036,11749.834900012485
000d7d20_2037,11749.847346893876
000d7d20_2038,11749.861269272758
000d7d20_2039,11749.905227513631
000d7d20_2040,11749.910923468815
000d7d20_2041,11749.901039267166
000d7d20_2042,11749.903780436758
000d7d20_2043,11749.917437963646
000d7d20_2044,11749.927891505231
000d7d20_2045,11749.93416723696
000d7d20_2046,11749.935832128498
000d7d20_2047,11749.940276171204
000d7d20_2048,11749.945603868111
000d7d20_2049,11749.951811648418
000d7d20_2050,11749.950529320891
000d7d20_2051,11749.952469173257
000d7d20_2052,11749.947192289514
000d7d20_2053,11749.935672366824
000d7d20_2054,11749.919922511246
000d7d20_2055,11749.913488954717
000d7d20_2056,11749.904013493924
000d7d20_2057,11749.899678473763
000d7d20_2058,11749.901400801358
000d7d20_2059,11749.903428446767
000d7d20_2060,11749.905616631826
000d7d20_2061,11749.909523013775
000d7d20_2062,11749.909399573531
000d7d20_2063,11749.919520208357
000d7d20_2064,11749.922737597692
000d7d20_2065,11749.921232223121
000d7d20_2066,11749.92862828427
000d7d20_2067,11749.935963771914
000d7d20_2068,11749.938498378804
000d7d20_2069,11749.936976978914
000d7d20_2070,11749.943901556904
000d7d20_2071,11749.955260750321
000d7d20_2072,11749.969557171024
000d7d20_2073,11749.973478057007
000d7d20_2074,11749.977595232704
000d7d20_2075,11749.97812111397
000d7d20_2076,11749.978133850238
000d7d20_2077,11749.983665602764
000d7d20_2078,11749.990026158068
000d7d20_2079,11750.00498737102
000d7d20_2080,11750.014252046234
000d7d20_2081,11750.025615189254
000d7d20_2082,11750.031418485538
000d7d20_2083,11750.0415881618
000d7d20_2084,11750.04710515292
000d7d20_2085,11750.053490285602
000d7d20_2086,11750.061766699306
000d7d20_2087,11750.067740438124
000d7d20_2088,11750.0705328558
000d7d20_2089,11750.076656498615
000d7d20_2090,11750.075283722374
000d7d20_2091,11750.071495230837
000d7d20_2092,11750.070992408148
000d7d20_2093,11750.077722660064
000d7d20_2094,11750.08757836147
000d7d20_2095,11750.084483214485
000d7d20_2096,11750.090479823804
000d7d20_2097,11750.098167711465
000d7d20_2098,11750.096523828755
000d7d20_2099,11750.095093307938
000d7d20_2100,11750.100613169523
000d7d20_2101,11750.097606952228
000d7d20_2102,11750.093068791473
000d7d20_2103,11750.09832205449
000d7d20_2104,11750.099163642524
000d7d20_2105,11750.088458394752
000d7d20_2106,11750.08779797927
000d7d20_2107,11750.076197960278
000d7d20_2108,11750.052594382607
000d7d20_2109,11750.029379893997
000d7d20_2110,11750.030039718744
000d7d20_2111,11750.013551657823
000d7d20_2112,11749.995429878603
000d7d20_2113,11749.983437169747
000d7d20_2114,11749.981049749435
000d7d20_2115,11749.958753385348
000d7d20_2116,11749.962208024519
000d7d20_2117,11749.950802351086
000d7d20_2118,11749.951820916993
000d7d20_2119,11749.937362895682
000d7d20_2120,11749.918617553441
000d7d20_2121,11749.920850401904
000d7d20_2122,11749.8996718638
000d7d20_2123,11749.903261687004
000d7d20_2124,11749.889346045313
000d7d20_2125,11749.875058465492
000d7d20_2126,11749.877053015134
000d7d20_2127,11749.873431795993
000d7d20_2128,11749.863019946504
000d7d20_2129,11749.85674333324
000d7d20_2130,11749.8349324094
000d7d20_2131,11749.836579735842
000d7d20_2132,11749.834766424843
000d7d20_2133,11749.82378751184
000d7d20_2134,11749.820726340711
000d7d20_2135,11749.816821936047
000d7d20_2136,11749.804038806225
000d7d20_2137,11749.79615400469
000d7d20_2138,11749.787950546319
000d7d20_2139,11749.79203632051
000d7d20_2140,11749.79467342802
000d7d20_2141,11749.794736694796
000d7d20_2142,11749.783949689427
000d7d20_2143,11749.785199495194
000d7d20_2144,11749.785246681906
000d7d20_2145,11749.778254579756
000d7d20_2146,11749.772778332619
000d7d20_2147,11749.770114636174
000d7d20_2148,11749.76329021488
000d7d20_2149,11749.750200875482
000d7d20_2150,11749.732383016288
000d7d20_2151,11749.718216831548
000d7d20_2152,11749.707488204907
000d7d20_2153,11749.698792086056
000d7d20_2154,11749.686168735678
000d7d20_2155,11749.67476117954
000d7d20_2156,11749.673244007188
000d7d20_2157,11749.65614842321
000d7d20_2158,11749.639240298555
000d7d20_2159,11749.625323767046
000d7d20_2160,11749.605124524154
000d7d20_2161,11749.59575687567
000d7d20_2162,11749.581711124192
000d7d20_2163,11749.576006725702
000d7d20_2164,11749.569635565193
000d7d20_2165,11749.56272636276
000d7d20_2166,11749.557811886305
000d7d20_2167,11749.560683678183
000d7d20_2168,11749.561730566686
000d7d20_2169,11749.557647388798
000d7d20_2170,11749.547317204371
000d7d20_2171,11749.540184087178
000d7d20_2172,11749.527181341495
000d7d20_2173,11749.529692258118
000d7d20_2174,11749.531050739763
000d7d20_2175,11749.524742789368
000d7d20_2176,11749.529505401246
000d7d20_2177,11749.528102480954
000d7d20_2178,11749.527589622741
000d7d20_2179,11749.532977222618
000d7d20_2180,11749.535048748392
000d7d20_2181,11749.531528441037
000d7d20_2182,11749.528955725991
000d7d20_2183,11749.524552079354
000d7d20_2184,11749.520773087464
000d7d20_2185,11749.511490576331
000d7d20_2186,11749.509333096827
000d7d20_2187,11749.503259095349
000d7d20_2188,11749.49459446294
000d7d20_2189,11749.48515484798
000d7d20_2190,11749.476477523272
000d7d20_2191,11749.46779013498
000d7d20_2192,11749.468117480257
000d7d20_2193,11749.465834773753
000d7d20_2194,11749.464601571019
000d7d20_2195,11749.461407677898
000d7d20_2196,11749.458816045915
000d7d20_2197,11749.457269836323
000d7d20_2198,11749.455125875245
000d7d20_2199,11749.461050496224
000d7d20_2200,11749.46265635331
000d7d20_2201,11749.461154468307
000d7d20_2202,11749.45329391987
000d7d20_2203,11749.450335669739
000d7d20_2204,11749.451434028982
000d7d20_2205,11749.445666520242
000d7d20_2206,11749.419162517192
000d7d20_2207,11749.40030342888
000d7d20_2208,11749.40113846853
000d7d20_2209,11749.435442709186
000d7d20_2210,11749.430373426228
000d7d20_2211,11749.423605008084
000d7d20_2212,11749.413079917877
000d7d20_2213,11749.312173600803
000d7d20_2214,11749.29741841211
000d7d20_2215,11749.281826053582
000d7d20_2216,11749.27440185863
000d7d20_2217,11749.262290997674
000d7d20_2218,11749.233711063407
000d7d20_2219,11749.226286667741
000d7d20_2220,11749.231341055303
000d7d20_2221,11749.225121355867
000d7d20_2222,11749.214032455402
000d7d20_2223,11749.210351907688
000d7d20_2224,11749.201497963773
000d7d20_2225,11749.19279244806
000d7d20_2226,11749.197727683943
000d7d20_2227,11749.188173429042
000d7d20_2228,11749.182428460415
000d7d20_2229,11749.178230611484
000d7d20_2230,11749.17806412781
000d7d20_2231,11749.16814501225
000d7d20_2232,11749.151115864825
000d7d20_2233,11749.147120177176
000d7d20_2234,11749.149388546231
000d7d20_2235,11749.176291512147
000d7d20_2236,11749.198605028048
000d7d20_2237,11749.206269140377
000d7d20_2238,11749.186893655375
000d7d20_2239,11749.186061663375
000d7d20_2240,11749.219122486042
000d7d20_2241,11749.23650084417
000d7d20_2242,11749.261368413681
000d7d20_2243,11749.310533867003
000d7d20_2244,11749.322421111932
000d7d20_2245,11749.342921683881
000d7d20_2246,11749.354683447124
000d7d20_2247,11749.370171102786
000d7d20_2248,11749.358192900272
000d7d20_2249,11749.360799243554
000d7d20_2250,11749.372862937722
000d7d20_2251,11749.389909648633
000d7d20_2252,11749.408558377372
000d7d20_2253,11749.480703555026
000d7d20_2254,11749.479785412768
000d7d20_2255,11749.476326651973
000d7d20_2256,11749.482794655836
000d7d20_2257,11749.482003029763
000d7d20_2258,11749.474754435983
000d7d20_2259,11749.452959454064
000d7d20_2260,11749.43980477042
000d7d20_2261,11749.430365431095
000d7d20_2262,11749.418459764065
000d7d20_2263,11749.415343289958
000d7d20_2264,11749.404681476466
000d7d20_2265,11749.404035799931
000d7d20_2266,11749.412930163495
000d7d20_2267,11749.411744925794
000d7d20_2268,11749.410599179844
000d7d20_2269,11749.408266538312
000d7d20_2270,11749.379421495914
000d7d20_2271,11749.388343606995
000d7d20_2272,11749.381799384564
000d7d20_2273,11749.381686314975
000d7d20_2274,11749.37253567106
000d7d20_2275,11749.361541497201
000d7d20_2276,11749.345046903238
000d7d20_2277,11749.33159163239
000d7d20_2278,11749.308631818305
000d7d20_2279,11749.277080885098
000d7d20_2280,11749.216535403973
000d7d20_2281,11749.189396342957
000d7d20_2282,11749.165949704888
000d7d20_2283,11749.161091611535
000d7d20_2284,11749.153971388008
000d7d20_2285,11749.135400373349
000d7d20_2286,11749.12840618841
000d7d20_2287,11749.100106257314
000d7d20_2288,11749.07621330972
000d7d20_2289,11749.038785538329
000d7d20_2290,11748.972543330376
000d7d20_2291,11748.955677430813
000d7d20_2292,11748.935331339417
000d7d20_2293,11748.916694957104
000d7d20_2294,11748.889983315368
000d7d20_2295,11748.837002803153
000d7d20_2296,11748.798964917962
000d7d20_2297,11748.857751432177
000d7d20_2298,11748.831585962513
000d7d20_2299,11748.808777535864
000d7d20_2300,11748.790811818162
000d7d20_2301,11748.764885003113
000d7d20_2302,11748.750609930827
000d7d20_2303,11748.725233669244
000d7d20_2304,11748.655368293636
000d7d20_2305,11748.613517474547
000d7d20_2306,11748.570210338105
000d7d20_2307,11748.511113802313
000d7d20_2308,11748.428943373114
000d7d20_2309,11748.395955248336
000d7d20_2310,11748.350649470145
000d7d20_2311,11748.31297204694
000d7d20_2312,11748.266172615911
000d7d20_2313,11748.230759733991
000d7d20_2314,11748.178094260471
000d7d20_2315,11748.128068319878
000d7d20_2316,11748.071195139193
000d7d20_2317,11748.022632602911
000d7d20_2318,11747.92687709217
000d7d20_2319,11747.913238061825
000d7d20_2320,11747.88851139302
000d7d20_2321,11747.849110440797
000d7d20_2322,11747.81394772607
000d7d20_2323,11747.758771495115
000d7d20_2324,11747.739385378352
000d7d20_2325,11747.72842432619
000d7d20_2326,11747.710930895904
000d7d20_2327,11747.721512021748
000d7d20_2328,11747.749968742506
000d7d20_2329,11747.94864919878
000d7d20_2330,11747.991514443758
000d7d20_2331,11748.099381527663
000d7d20_2332,11748.200131229196
000d7d20_2333,11748.26528766379
000d7d20_2334,11748.331508376377
000d7d20_2335,11748.446273217312
000d7d20_2336,11748.480926145114
000d7d20_2337,11748.52006423504
000d7d20_2338,11748.568032060104
000d7d20_2339,11748.564399438623
000d7d20_2340,11748.605197427427
000d7d20_2341,11748.622551891856
000d7d20_2342,11748.642833187056
000d7d20_2343,11748.653404927503
000d7d20_2344,11748.644975707082
000d7d20_2345,11748.66246526346
000d7d20_2346,11748.656650480869
000d7d20_2347,11748.658796675714
000d7d20_2348,11748.657511209496
000d7d20_2349,11748.648456767593
000d7d20_2350,11748.609297921752
000d7d20_2351,11748.600945355249
000d7d20_2352,11748.578317976906
000d7d20_2353,11748.587657402024
000d7d20_2354,11748.606794115052
000d7d20_2355,11748.594680262986
000d7d20_2356,11748.579103671926
000d7d20_2357,11748.548351038437
000d7d20_2358,11748.526294611129
000d7d20_2359,11748.517176809832
000d7d20_2360,11748.486780938345
000d7d20_2361,11748.476472038143
000d7d20_2362,11748.469570809108
000d7d20_2363,11748.448504911063
000d7d20_2364,11748.417432279539
000d7d20_2365,11748.370791446992
000d7d20_2366,11748.280493799337
000d7d20_2367,11748.235742092864
000d7d20_2368,11748.199040876198
000d7d20_2369,11748.165389804739
000d7d20_2370,11748.13074689012
000d7d20_2371,11748.075497598486
000d7d20_2372,11748.031134427301
000d7d20_2373,11747.987103774098
000d7d20_2374,11747.906102644152
000d7d20_2375,11747.849101345928
000d7d20_2376,11747.81254061798
000d7d20_2377,11747.788407702137
000d7d20_2378,11747.756330563734
000d7d20_2379,11747.604024311182
000d7d20_2380,11747.550805429026
000d7d20_2381,11747.524528101896
000d7d20_2382,11747.47270194915
000d7d20_2383,11747.435904916418
000d7d20_2384,11747.413475796611
000d7d20_2385,11747.413125761339
000d7d20_2386,11747.420593055704
000d7d20_2387,11747.386106950187
000d7d20_2388,11747.360035232521
000d7d20_2389,11747.288522656414
000d7d20_2390,11747.315720078168
000d7d20_2391,11747.334169424441
000d7d20_2392,11747.327716518816
000d7d20_2393,11747.345821216117
000d7d20_2394,11747.328916281744
000d7d20_2395,11747.304234368454
000d7d20_2396,11747.277953580297
000d7d20_2397,11747.367596721344
000d7d20_2398,11747.396985066882
000d7d20_2399,11747.411514143027
000d7d20_2400,11747.436261645862
000d7d20_2401,11747.456774069466
000d7d20_2402,11747.501804611284
000d7d20_2403,11747.537657119987
000d7d20_2404,11747.563406630936
000d7d20_2405,11747.592114025687
000d7d20_2406,11747.60061518654
000d7d20_2407,11747.629615464242
000d7d20_2408,11747.690639872
000d7d20_2409,11747.71068882708
000d7d20_2410,11747.692931469752
000d7d20_2411,11747.822289358712
000d7d20_2412,11747.847438102186
000d7d20_2413,11747.948966409722
000d7d20_2414,11747.99274521109
000d7d20_2415,11748.030881684625
000d7d20_2416,11748.051368434333
000d7d20_2417,11748.08096331087
000d7d20_2418,11748.098526678943
000d7d20_2419,11748.118449091024
000d7d20_2420,11748.114619389937
000d7d20_2421,11748.133151477376
000d7d20_2422,11748.129368078104
000d7d20_2423,11748.141797170503
000d7d20_2424,11748.152028187556
000d7d20_2425,11748.14143973022
000d7d20_2426,11748.134663945235
000d7d20_2427,11748.127455525273
000d7d20_2428,11748.145318748839
000d7d20_2429,11748.14436268386
000d7d20_2430,11748.14172408242
000d7d20_2431,11748.156598697802
000d7d20_2432,11748.162681862468
000d7d20_2433,11748.164303496424
000d7d20_2434,11748.187080511914
000d7d20_2435,11748.20190542674
000d7d20_2436,11748.41364941105
000d7d20_2437,11748.429303515097
000d7d20_2438,11748.427753085567
000d7d20_2439,11748.461520295945
000d7d20_2440,11748.454941749755
000d7d20_2441,11748.463544144319
000d7d20_2442,11748.468197219736
000d7d20_2443,11748.475789897853
000d7d20_2444,11748.48039426078
000d7d20_2445,11748.50147583726
000d7d20_2446,11748.508798691399
000d7d20_2447,11748.530008089654
000d7d20_2448,11748.535050276172
000d7d20_2449,11748.534131441782
000d7d20_2450,11748.551417192552
000d7d20_2451,11748.55345431197
000d7d20_2452,11748.569993029692
000d7d20_2453,11748.568250573528
000d7d20_2454,11748.575487822545
000d7d20_2455,11748.578657728678
000d7d20_2456,11748.558984028217
000d7d20_2457,11748.555689961217
000d7d20_2458,11748.550985810925
000d7d20_2459,11748.549554598587
000d7d20_2460,11748.528566596488
000d7d20_2461,11748.507599004746
000d7d20_2462,11748.489504332843
000d7d20_2463,11748.462024737306
000d7d20_2464,11748.453622583324
000d7d20_2465,11748.45111709937
000d7d20_2466,11748.449626918531
000d7d20_2467,11748.436775022954
000d7d20_2468,11748.40831508478
000d7d20_2469,11748.40052899711
000d7d20_2470,11748.389658277316
000d7d20_2471,11748.380124130443
000d7d20_2472,11748.356417917175
000d7d20_2473,11748.35735098154
000d7d20_2474,11748.337761580788
000d7d20_2475,11748.314344680359
000d7d20_2476,11748.36408979849
000d7d20_2477,11748.362777043845
000d7d20_2478,11748.335680974553
000d7d20_2479,11748.296380720385
000d7d20_2480,11748.28132545566
000d7d20_2481,11748.25531625211
000d7d20_2482,11748.243738998408
000d7d20_2483,11748.239191064185
000d7d20_2484,11748.245813193347
000d7d20_2485,11748.227062717573
000d7d20_2486,11748.220815476867
000d7d20_2487,11748.22061972276
000d7d20_2488,11748.192403731544
000d7d20_2489,11748.195358913881
000d7d20_2490,11748.190818770861
000d7d20_2491,11748.186326167775
000d7d20_2492,11748.169218312572
000d7d20_2493,11748.174559542334
000d7d20_2494,11748.183652164129
000d7d20_2495,11748.19299715441
000d7d20_2496,11748.196185270377
000d7d20_2497,11748.197384945954
000d7d20_2498,11748.19420795124
000d7d20_2499,11748.198786159815
000d7d20_2500,11748.204316244337
000d7d20_2501,11748.202208251569
000d7d20_2502,11748.198086326456
000d7d20_2503,11748.183567646354
000d7d20_2504,11748.181373318235
000d7d20_2505,11748.154425890796
000d7d20_2506,11748.129920265277
000d7d20_2507,11748.116717301116
000d7d20_2508,11748.114274704134
000d7d20_2509,11748.108156373251
000d7d20_2510,11748.112430809804
000d7d20_2511,11748.111621361524
000d7d20_2512,11748.104945146513
000d7d20_2513,11748.105120623597
000d7d20_2514,11748.088143753896
000d7d20_2515,11748.084400732992
000d7d20_2516,11748.075003611892
000d7d20_2517,11748.075548238701
000d7d20_2518,11748.068277057402
000d7d20_2519,11748.080153251589
000d7d20_2520,11748.075041652484
000d7d20_2521,11748.057980309
000d7d20_2522,11748.054774279602
000d7d20_2523,11748.050325847624
000d7d20_2524,11748.054741411623
000d7d20_2525,11748.060797383077
000d7d20_2526,11748.061629042704
000d7d20_2527,11748.071503492782
000d7d20_2528,11748.078655823425
000d7d20_2529,11748.083040387473
000d7d20_2530,11748.089125230652
000d7d20_2531,11748.092652430883
000d7d20_2532,11748.09901013262
000d7d20_2533,11748.106863261952
000d7d20_2534,11748.117234044466
000d7d20_2535,11748.107975494406
000d7d20_2536,11748.111583995802
000d7d20_2537,11748.115445250722
000d7d20_2538,11748.118259282883
000d7d20_2539,11748.121938418908
000d7d20_2540,11748.127554603761
000d7d20_2541,11748.13096255092
000d7d20_2542,11748.137092548468
000d7d20_2543,11748.142662869443
000d7d20_2544,11748.147381710218
000d7d20_2545,11748.153995136736
000d7d20_2546,11748.159217590663
000d7d20_2547,11748.160759621765
000d7d20_2548,11748.168763787047
000d7d20_2549,11748.174070574172
000d7d20_2550,11748.18116691875
000d7d20_2551,11748.175993624931
000d7d20_2552,11748.181428848608
000d7d20_2553,11748.18764389063
000d7d20_2554,11748.18642382129
000d7d20_2555,11748.19240126514
000d7d20_2556,11748.195768612291
000d7d20_2557,11748.201999384275
000d7d20_2558,11748.20811468361
000d7d20_2559,11748.206925923134
000d7d20_2560,11748.212288024068
000d7d20_2561,11748.219011179744
000d7d20_2562,11748.22336693924
000d7d20_2563,11748.237812753614
000d7d20_2564,11748.285990526645
000d7d20_2565,11748.271373247822
000d7d20_2566,11748.272440836083
000d7d20_2567,11748.272998610988
000d7d20_2568,11748.275893848138
000d7d20_2569,11748.300610033484
000d7d20_2570,11748.316784161074
000d7d20_2571,11748.335465567197
000d7d20_2572,11748.351725375695
000d7d20_2573,11748.360283282576
000d7d20_2574,11748.373587730686
000d7d20_2575,11748.382021872381
000d7d20_2576,11748.388000662067
000d7d20_2577,11748.396428994147
000d7d20_2578,11748.39548401518
000d7d20_2579,11748.394154762238
000d7d20_2580,11748.385121098685
000d7d20_2581,11748.365312330085
000d7d20_2582,11748.346345682867
000d7d20_2583,11748.344510927624
000d7d20_2584,11748.344415055217
000d7d20_2585,11748.335682902718
000d7d20_2586,11748.348647659805
000d7d20_2587,11748.34966372071
000d7d20_2588,11748.34401107816
000d7d20_2589,11748.335578119828
000d7d20_2590,11748.332287233683
000d7d20_2591,11748.328199666017
000d7d20_2592,11748.326709164437
000d7d20_2593,11748.324518997439
000d7d20_2594,11748.319409350142
000d7d20_2595,11748.311683381882
000d7d20_2596,11748.308355889334
000d7d20_2597,11748.308053694014
000d7d20_2598,11748.307223678576
000d7d20_2599,11748.305890563079
000d7d20_2600,11748.316593049616
000d7d20_2601,11748.316549657775
000d7d20_2602,11748.315470699228
000d7d20_2603,11748.31509901361
000d7d20_2604,11748.317647069502
000d7d20_2605,11748.31701799297
000d7d20_2606,11748.32608575785
000d7d20_2607,11748.325129206401
000d7d20_2608,11748.314071623368
000d7d20_2609,11748.315087274179
000d7d20_2610,11748.31016107774
000d7d20_2611,11748.30941475549
000d7d20_2612,11748.308490541254
000d7d20_2613,11748.294770376793
000d7d20_2614,11748.293521151934
000d7d20_2615,11748.285680699393
000d7d20_2616,11748.284734772555
000d7d20_2617,11748.29065290073
000d7d20_2618,11748.291125408194
000d7d20_2619,11748.293575273807
000d7d20_2620,11748.304273025007
000d7d20_2621,11748.30533619807
000d7d20_2622,11748.309096967363
000d7d20_2623,11748.31137733842
000d7d20_2624,11748.312213955396
000d7d20_2625,11748.312425883152
000d7d20_2626,11748.319780752008
000d7d20_2627,11748.315237036386
000d7d20_2628,11748.327951951187
000d7d20_2629,11748.324632447053
000d7d20_2630,11748.325797161113
000d7d20_2631,11748.329439978703
000d7d20_2632,11748.32599042905
000d7d20_2633,11748.324612325065
000d7d20_2634,11748.31701372057
000d7d20_2635,11748.304781214909
000d7d20_2636,11748.312663533065
000d7d20_2637,11748.30822404363
000d7d20_2638,11748.310429002113
000d7d20_2639,11748.311777665056
000d7d20_2640,11748.311495887845
000d7d20_2641,11748.309960132085
000d7d20_2642,11748.306360894827
000d7d20_2643,11748.30478806115
000d7d20_2644,11748.304876826955
000d7d20_2645,11748.299520685698
000d7d20_2646,11748.291856048183
000d7d20_2647,11748.28618756582
000d7d20_2648,11748.300562346774
000d7d20_2649,11748.299767864239
000d7d20_2650,11748.290884783259
000d7d20_2651,11748.2887379646
000d7d20_2652,11748.285028886767
000d7d20_2653,11748.27894744133
000d7d20_2654,11748.272596507619
000d7d20_2655,11748.272978397732
000d7d20_2656,11748.279678544779
000d7d20_2657,11748.278501605068
000d7d20_2658,11748.274914021207
000d7d20_2659,11748.27319072541
000d7d20_2660,11748.27745955432
000d7d20_2661,11748.275583827222
000d7d20_2662,11748.277857133911
000d7d20_2663,11748.281390193559
000d7d20_2664,11748.276098221104
000d7d20_2665,11748.280925362114
000d7d20_2666,11748.28117788866
000d7d20_2667,11748.273532798174
000d7d20_2668,11748.272774103561
000d7d20_2669,11748.283429749179
000d7d20_2670,11748.283546131403
000d7d20_2671,11748.2907445618
000d7d20_2672,11748.296110814737
000d7d20_2673,11748.30973105899
000d7d20_2674,11748.310627969611
000d7d20_2675,11748.305968770694
000d7d20_2676,11748.308468634725
000d7d20_2677,11748.302648162116
000d7d20_2678,11748.305141387727
000d7d20_2679,11748.301675876415
000d7d20_2680,11748.29912228292
000d7d20_2681,11748.303459179844
000d7d20_2682,11748.289431306013
000d7d20_2683,11748.284556714216
000d7d20_2684,11748.336273017645
000d7d20_2685,11748.341585101798
000d7d20_2686,11748.344886279658
000d7d20_2687,11748.347128019199
000d7d20_2688,11748.34801699631
000d7d20_2689,11748.360344687804
000d7d20_2690,11748.359724950406
000d7d20_2691,11748.356608210217
000d7d20_2692,11748.339844425267
000d7d20_2693,11748.314271315008
000d7d20_2694,11748.305921428782
000d7d20_2695,11748.291609128677
000d7d20_2696,11748.27648828896
000d7d20_2697,11748.257265453642
000d7d20_2698,11748.243514382062
000d7d20_2699,11748.239398140402
000d7d20_2700,11748.248833183126
000d7d20_2701,11748.257350904714
000d7d20_2702,11748.262154861775
000d7d20_2703,11748.276568959078
000d7d20_2704,11748.293543527489
000d7d20_2705,11748.307430778179
000d7d20_2706,11748.331558937814
000d7d20_2707,11748.355005564266
000d7d20_2708,11748.383217978011
000d7d20_2709,11748.413887687073
000d7d20_2710,11748.45103172681
000d7d20_2711,11748.49445605799
000d7d20_2712,11748.566269260336
000d7d20_2713,11748.553944245694
000d7d20_2714,11748.557266065241
000d7d20_2715,11748.564859442773
000d7d20_2716,11748.59378487918
000d7d20_2717,11748.612097213585
000d7d20_2718,11748.626994883896
000d7d20_2719,11748.629209946768
000d7d20_2720,11748.629329145828
000d7d20_2721,11748.62873744881
000d7d20_2722,11748.626290999866
000d7d20_2723,11748.62052310165
000d7d20_2724,11748.621564968762
000d7d20_2725,11748.624540399793
000d7d20_2726,11748.623333414214
000d7d20_2727,11748.63333762949
000d7d20_2728,11748.64927243223
000d7d20_2729,11748.666038646987
000d7d20_2730,11748.703439988285
000d7d20_2731,11748.784490075726
000d7d20_2732,11748.807007669782
000d7d20_2733,11748.828665104396
000d7d20_2734,11748.828847278759
000d7d20_2735,11748.8305239682
000d7d20_2736,11748.831598665593
000d7d20_2737,11748.845620064687
000d7d20_2738,11748.864229152696
000d7d20_2739,11748.868473729672
000d7d20_2740,11748.864688602898
000d7d20_2741,11748.873340154296
000d7d20_2742,11748.899315242705
000d7d20_2743,11748.928994171984
000d7d20_2744,11748.960618093142
000d7d20_2745,11748.997302112106
000d7d20_2746,11749.040658013846
000d7d20_2747,11749.080122503252
000d7d20_2748,11749.118843763541
000d7d20_2749,11749.161028085746
000d7d20_2750,11749.191808017578
000d7d20_2751,11749.224364972895
000d7d20_2752,11749.252363839218
000d7d20_2753,11749.26647153575
000d7d20_2754,11749.286442725972
000d7d20_2755,11749.3028100741
000d7d20_2756,11749.32275031342
000d7d20_2757,11749.344633928731
000d7d20_2758,11749.367162781422
000d7d20_2759,11749.395076304832
000d7d20_2760,11749.413246463138
000d7d20_2761,11749.42321668577
000d7d20_2762,11749.423039431262
000d7d20_2763,11749.434687249119
000d7d20_2764,11749.443701313867
000d7d20_2765,11749.462003744997
000d7d20_2766,11749.477004992672
000d7d20_2767,11749.486902383884
000d7d20_2768,11749.491028040058
000d7d20_2769,11749.491696900612
000d7d20_2770,11749.489987476562
000d7d20_2771,11749.475402745466
000d7d20_2772,11749.470290821948
000d7d20_2773,11749.508745969659
000d7d20_2774,11749.497898477392
000d7d20_2775,11749.490599530798
000d7d20_2776,11749.47812974766
000d7d20_2777,11749.43872580404
000d7d20_2778,11749.423656092269
000d7d20_2779,11749.40273290736
000d7d20_2780,11749.38845184155
000d7d20_2781,11749.37863156699
000d7d20_2782,11749.372714424067
000d7d20_2783,11749.308586000045
000d7d20_2784,11749.25356937436
000d7d20_2785,11749.243319218382
000d7d20_2786,11749.239056845818
000d7d20_2787,11749.234734130501
000d7d20_2788,11749.232398971748
000d7d20_2789,11749.220976954864
000d7d20_2790,11749.223302411541
000d7d20_2791,11749.229846350092
000d7d20_2792,11749.282156296238
000d7d20_2793,11749.28534186465
000d7d20_2794,11749.268331709623
000d7d20_2795,11749.244849258821
000d7d20_2796,11749.235176299742
000d7d20_2797,11749.229232014564
000d7d20_2798,11749.227859647337
000d7d20_2799,11749.225321770171
000d7d20_2800,11749.213180125964
000d7d20_2801,11749.225009596563
000d7d20_2802,11749.228897311665
000d7d20_2803,11749.23239543122
000d7d20_2804,11749.227189021036
000d7d20_2805,11749.215061706775
000d7d20_2806,11749.210486518394
000d7d20_2807,11749.201691670281
000d7d20_2808,11749.188681476804
000d7d20_2809,11749.154352035617
000d7d20_2810,11749.13199678709
000d7d20_2811,11749.099561060142
000d7d20_2812,11749.081907501037
000d7d20_2813,11749.072587238947
000d7d20_2814,11749.05249867881
000d7d20_2815,11749.032467116274
000d7d20_2816,11749.028744600975
000d7d20_2817,11749.020813725427
000d7d20_2818,11749.01739827736
000d7d20_2819,11749.002027103468
000d7d20_2820,11748.998458838207
000d7d20_2821,11748.984913585178
000d7d20_2822,11748.977039123049
000d7d20_2823,11748.965393592716
000d7d20_2824,11748.966395005786
000d7d20_2825,11748.962092513557
000d7d20_2826,11748.966127556525
000d7d20_2827,11748.965176123158
000d7d20_2828,11748.963500188831
000d7d20_2829,11748.959070062603
000d7d20_2830,11748.95389064164
000d7d20_2831,11748.945920247686
000d7d20_2832,11748.937893737408
000d7d20_2833,11748.937147331299
000d7d20_2834,11748.92801826646
000d7d20_2835,11748.92314684075
000d7d20_2836,11748.914642806692
000d7d20_2837,11748.913222984775
000d7d20_2838,11748.909614240749
000d7d20_2839,11748.908773316152
000d7d20_2840,11748.902342012725
000d7d20_2841,11748.887312545912
000d7d20_2842,11748.886443100566
000d7d20_2843,11748.879827300716
000d7d20_2844,11748.87952623794
000d7d20_2845,11748.870232452893
000d7d20_2846,11748.86597834156
000d7d20_2847,11748.862314189271
000d7d20_2848,11748.86154197684
000d7d20_2849,11748.85314139652
000d7d20_2850,11748.841951482733
000d7d20_2851,11748.839947862936
000d7d20_2852,11748.848061196313
000d7d20_2853,11748.840768820593
000d7d20_2854,11748.83952187365
000d7d20_2855,11748.834421163752
000d7d20_2856,11748.827525460809
000d7d20_2857,11748.822091661415
000d7d20_2858,11748.810210196105
000d7d20_2859,11748.800696723327
000d7d20_2860,11748.787387816976
000d7d20_2861,11748.773548971174
000d7d20_2862,11748.783865641428
000d7d20_2863,11748.777086109374
000d7d20_2864,11748.772872850974
000d7d20_2865,11748.772556722215
000d7d20_2866,11748.751337922578
000d7d20_2867,11748.737108651818
000d7d20_2868,11748.735770219184
000d7d20_2869,11748.736801209914
000d7d20_2870,11748.735377227436
000d7d20_2871,11748.742139863276
000d7d20_2872,11748.742429559574
000d7d20_2873,11748.74365405939
000d7d20_2874,11748.746684354272
000d7d20_2875,11748.758882641148
000d7d20_2876,11748.797235800586
000d7d20_2877,11748.786892815278
000d7d20_2878,11748.790155703948
000d7d20_2879,11748.809379183735
000d7d20_2880,11748.811188136011
000d7d20_2881,11748.798554721796
000d7d20_2882,11748.790773311537
000d7d20_2883,11748.783471402523
000d7d20_2884,11748.776810021955
000d7d20_2885,11748.785899279743
000d7d20_2886,11748.783922577113
000d7d20_2887,11748.768986435092
000d7d20_2888,11748.769190053217
000d7d20_2889,11748.773992144013
000d7d20_2890,11748.76312512708
000d7d20_2891,11748.756231368865
000d7d20_2892,11748.761114192546
000d7d20_2893,11748.752591404054
000d7d20_2894,11748.734296928895
000d7d20_2895,11748.728041765859
000d7d20_2896,11748.73155374704
000d7d20_2897,11748.723934628919
000d7d20_2898,11748.718540262033
000d7d20_2899,11748.758353398058
000d7d20_2900,11748.74877703973
000d7d20_2901,11748.740125777804
000d7d20_2902,11748.733601631106
000d7d20_2903,11748.717140711125
000d7d20_2904,11748.707888752479
000d7d20_2905,11748.688993137494
000d7d20_2906,11748.676732552802
000d7d20_2907,11748.661923508753
000d7d20_2908,11748.651262977628
000d7d20_2909,11748.643743109236
000d7d20_2910,11748.622932324834
000d7d20_2911,11748.613361012238
000d7d20_2912,11748.602490387375
000d7d20_2913,11748.593800544648
000d7d20_2914,11748.578196401313
000d7d20_2915,11748.565777434584
000d7d20_2916,11748.558509777451
000d7d20_2917,11748.555890585114
000d7d20_2918,11748.55798015006
000d7d20_2919,11748.540556824164
000d7d20_2920,11748.550997463113
000d7d20_2921,11748.52055902139
000d7d20_2922,11748.503892163186
000d7d20_2923,11748.495031702396
000d7d20_2924,11748.49005103669
000d7d20_2925,11748.51787565546
000d7d20_2926,11748.501395234573
000d7d20_2927,11748.498024130993
000d7d20_2928,11748.451088154345
000d7d20_2929,11748.440938402871
000d7d20_2930,11748.438965991227
000d7d20_2931,11748.464691960593
000d7d20_2932,11748.464818568646
000d7d20_2933,11748.46340647923
000d7d20_2934,11748.451233970727
000d7d20_2935,11748.456051967301
000d7d20_2936,11748.446577278
000d7d20_2937,11748.39865298853
000d7d20_2938,11748.365205651862
000d7d20_2939,11748.344609528705
000d7d20_2940,11748.32794263873
000d7d20_2941,11748.353306110243
000d7d20_2942,11748.341982276288
000d7d20_2943,11748.342463338915
000d7d20_2944,11748.307202661632
000d7d20_2945,11748.285516418877
000d7d20_2946,11748.27551440767
000d7d20_2947,11748.269335177807
000d7d20_2948,11748.320444081455
000d7d20_2949,11748.319833386902
000d7d20_2950,11748.314203781298
000d7d20_2951,11748.30801552698
000d7d20_2952,11748.282396197086
000d7d20_2953,11748.281484878396
000d7d20_2954,11748.277490680028
000d7d20_2955,11748.286288684441
000d7d20_2956,11748.33577839235
000d7d20_2957,11748.336449930714
000d7d20_2958,11748.33298002957
000d7d20_2959,11748.323321831864
000d7d20_2960,11748.308164837086
000d7d20_2961,11748.300670923943
000d7d20_2962,11748.296731675822
000d7d20_2963,11748.299833696365
000d7d20_2964,11748.281313776028
000d7d20_2965,11748.284219279569
000d7d20_2966,11748.261932369607
000d7d20_2967,11748.256657410566
000d7d20_2968,11748.245645897417
000d7d20_2969,11748.244081540897
000d7d20_2970,11748.230812292973
000d7d20_2971,11748.21698665515
000d7d20_2972,11748.202055069627
000d7d20_2973,11748.195232629121
000d7d20_2974,11748.191152561798
000d7d20_2975,11748.193878249826
000d7d20_2976,11748.189006934192
000d7d20_2977,11748.185136188788
000d7d20_2978,11748.18228539566
000d7d20_2979,11748.183421270776
000d7d20_2980,11748.188179535515
000d7d20_2981,11748.170206342074
000d7d20_2982,11748.187006179785
000d7d20_2983,11748.183286191805
000d7d20_2984,11748.174644437418
000d7d20_2985,11748.165742730638
000d7d20_2986,11748.15680684643
000d7d20_2987,11748.149046405448
000d7d20_2988,11748.142057834979
000d7d20_2989,11748.167750982257
000d7d20_2990,11748.163274992176
000d7d20_2991,11748.157679470132
000d7d20_2992,11748.161105497406
000d7d20_2993,11748.15838533571
000d7d20_2994,11748.153072027018
000d7d20_2995,11748.1467160488
000d7d20_2996,11748.138702568196
000d7d20_2997,11748.151348519423
000d7d20_2998,11748.143249414949
000d7d20_2999,11748.140209131727
000d7d20_3000,11748.13587358023
000d7d20_3001,11748.133471785222
000d7d20_3002,11748.136605892529
000d7d20_3003,11748.137634228651
000d7d20_3004,11748.132972877185
000d7d20_3005,11748.136822942986
000d7d20_3006,11748.135991576417
000d7d20_3007,11748.139815986897
000d7d20_3008,11748.14334374358
000d7d20_3009,11748.15028423872
000d7d20_3010,11748.156494377949
000d7d20_3011,11748.163373244028
000d7d20_3012,11748.175216576376
000d7d20_3013,11748.181843361981
000d7d20_3014,11748.191888891266
000d7d20_3015,11748.202106102724
000d7d20_3016,11748.203599617644
000d7d20_3017,11748.208684971105
000d7d20_3018,11748.212648420116
000d7d20_3019,11748.209806802712
000d7d20_3020,11748.212131893531
000d7d20_3021,11748.21524305779
000d7d20_3022,11748.227685981617
000d7d20_3023,11748.241315640498
000d7d20_3024,11748.247155905836
000d7d20_3025,11748.26062857192
000d7d20_3026,11748.266076791033
000d7d20_3027,11748.276656099375
000d7d20_3028,11748.283868011045
000d7d20_3029,11748.293554092244
000d7d20_3030,11748.302211574864
000d7d20_3031,11748.309907910196
000d7d20_3032,11748.326423642358
000d7d20_3033,11748.394795007433
000d7d20_3034,11748.389183543313
000d7d20_3035,11748.390138557943
000d7d20_3036,11748.386185745192
000d7d20_3037,11748.384194674054
000d7d20_3038,11748.382390963949
000d7d20_3039,11748.397097594006
000d7d20_3040,11748.400701394072
000d7d20_3041,11748.408783844352
000d7d20_3042,11748.412011773507
000d7d20_3043,11748.419520431347
000d7d20_3044,11748.425438229078
000d7d20_3045,11748.42938358165
000d7d20_3046,11748.42020085544
000d7d20_3047,11748.394283221929
000d7d20_3048,11748.380056793583
000d7d20_3049,11748.37215785502
000d7d20_3050,11748.371365343435
000d7d20_3051,11748.367275252753
000d7d20_3052,11748.351887051915
000d7d20_3053,11748.340133306901
000d7d20_3054,11748.325744282014
000d7d20_3055,11748.329921811564
000d7d20_3056,11748.336295705609
000d7d20_3057,11748.329186263227
000d7d20_3058,11748.327491740933
000d7d20_3059,11748.333176181615
000d7d20_3060,11748.332552863398
000d7d20_3061,11748.315060934263
000d7d20_3062,11748.307438299164
000d7d20_3063,11748.187585446369
000d7d20_3064,11748.167939067596
000d7d20_3065,11748.157624142668
000d7d20_3066,11748.148866914973
000d7d20_3067,11748.144296428965
000d7d20_3068,11748.139090007684
000d7d20_3069,11748.132091413261
000d7d20_3070,11748.1348399438
000d7d20_3071,11748.16966806454
000d7d20_3072,11748.170057164662
000d7d20_3073,11748.176221754075
000d7d20_3074,11748.178512902228
000d7d20_3075,11748.18085331034
000d7d20_3076,11748.188750977994
000d7d20_3077,11748.188406707552
000d7d20_3078,11748.196306519705
000d7d20_3079,11748.207137684914
000d7d20_3080,11748.296405130404
000d7d20_3081,11748.364165932944
000d7d20_3082,11748.36773142786
000d7d20_3083,11748.371304136224
000d7d20_3084,11748.37525140688
000d7d20_3085,11748.366826522028
000d7d20_3086,11748.358198357595
000d7d20_3087,11748.379879908944
000d7d20_3088,11748.428153446057
000d7d20_3089,11748.434338756018
000d7d20_3090,11748.42734011879
000d7d20_3091,11748.427824626197
000d7d20_3092,11748.42432086959
000d7d20_3093,11748.432039441901
000d7d20_3094,11748.43051912714
000d7d20_3095,11748.430389656627
000d7d20_3096,11748.424284532186
000d7d20_3097,11748.407159227932
000d7d20_3098,11748.397975325968
000d7d20_3099,11748.393848603915
000d7d20_3100,11748.38212046347
000d7d20_3101,11748.375851628858
000d7d20_3102,11748.389205254125
000d7d20_3103,11748.43568978515
000d7d20_3104,11748.458161817218
000d7d20_3105,11748.496698178244
000d7d20_3106,11748.515109356225
000d7d20_3107,11748.540619850992
000d7d20_3108,11748.566165579758
000d7d20_3109,11748.613366818909
000d7d20_3110,11748.695289474048
000d7d20_3111,11748.739735080673
000d7d20_3112,11748.788041528893
000d7d20_3113,11748.817931743411
000d7d20_3114,11748.832697382419
000d7d20_3115,11748.828169022412
000d7d20_3116,11748.831114215694
000d7d20_3117,11748.837657577857
000d7d20_3118,11748.920018113811
000d7d20_3119,11748.944676137704
000d7d20_3120,11748.967269723504
000d7d20_3121,11748.988340778506
000d7d20_3122,11749.003930114333
000d7d20_3123,11749.046648712361
000d7d20_3124,11749.11698789442
000d7d20_3125,11749.157153990483
000d7d20_3126,11749.198907071686
000d7d20_3127,11749.221424611665
000d7d20_3128,11749.259041703514
000d7d20_3129,11749.301932015875
000d7d20_3130,11749.321544540231
000d7d20_3131,11749.340084733347
000d7d20_3132,11749.338581646094
000d7d20_3133,11749.346174292077
000d7d20_3134,11749.367301288386
000d7d20_3135,11749.396566574316
000d7d20_3136,11749.408914556992
000d7d20_3137,11749.402294401425
000d7d20_3138,11749.379937462503
000d7d20_3139,11749.372768367411
000d7d20_3140,11749.373228246848
000d7d20_3141,11749.401681306976
000d7d20_3142,11749.406412777093
000d7d20_3143,11749.418526201982
000d7d20_3144,11749.426784523559
000d7d20_3145,11749.437087158469
000d7d20_3146,11749.440282374951
000d7d20_3147,11749.445486566292
000d7d20_3148,11749.45555328398
000d7d20_3149,11749.45931745064
000d7d20_3150,11749.478757160437
000d7d20_3151,11749.521540503627
000d7d20_3152,11749.629396853343
000d7d20_3153,11749.679150937207
000d7d20_3154,11749.701515017081
000d7d20_3155,11749.736522446736
000d7d20_3156,11749.7509627914
000d7d20_3157,11749.75989956733
000d7d20_3158,11749.805338833203
000d7d20_3159,11749.806548143311
000d7d20_3160,11749.810999773896
000d7d20_3161,11749.814938659152
000d7d20_3162,11749.810774219204
000d7d20_3163,11749.805485979336
000d7d20_3164,11749.787273123811
000d7d20_3165,11749.78302545211
000d7d20_3166,11749.759139828746
000d7d20_3167,11749.765706463537
000d7d20_3168,11749.759346006687
000d7d20_3169,11749.718829535545
000d7d20_3170,11749.713742928518
000d7d20_3171,11749.701440386436
000d7d20_3172,11749.688460790141
000d7d20_3173,11749.680598148665
000d7d20_3174,11749.680398580193
000d7d20_3175,11749.681964101306
000d7d20_3176,11749.677909725522
000d7d20_3177,11749.674501460584
000d7d20_3178,11749.668765001585
000d7d20_3179,11749.658513793647
000d7d20_3180,11749.658220935415
000d7d20_3181,11749.661904173228
000d7d20_3182,11749.651679564146
000d7d20_3183,11749.583114293133
000d7d20_3184,11749.511407732107
000d7d20_3185,11749.48076840455
000d7d20_3186,11749.430825740112
000d7d20_3187,11749.416623285455
000d7d20_3188,11749.39693087661
000d7d20_3189,11749.358504906268
000d7d20_3190,11749.33729082252
000d7d20_3191,11749.318763679234
000d7d20_3192,11749.299183842031
000d7d20_3193,11749.280331336224
000d7d20_3194,11749.26682494645
000d7d20_3195,11749.25172264419
000d7d20_3196,11749.240102751244
000d7d20_3197,11749.23365630888
000d7d20_3198,11749.237005705803
000d7d20_3199,11749.240580692494
000d7d20_3200,11749.241518310555
000d7d20_3201,11749.234429284596
000d7d20_3202,11749.233047318467
000d7d20_3203,11749.23133330396
000d7d20_3204,11749.296645814931
000d7d20_3205,11749.297410711664
000d7d20_3206,11749.292999917508
000d7d20_3207,11749.282159527347
000d7d20_3208,11749.273275295
000d7d20_3209,11749.25597060004
000d7d20_3210,11749.229222871856
000d7d20_3211,11749.22437864419
000d7d20_3212,11749.216696552774
000d7d20_3213,11749.21115092402
000d7d20_3214,11749.209505066463
000d7d20_3215,11749.207523337836
000d7d20_3216,11749.201543547399
000d7d20_3217,11749.195715102873
000d7d20_3218,11749.19127236894
000d7d20_3219,11749.185110899558
000d7d20_3220,11749.179143408468
000d7d20_3221,11749.174748489924
000d7d20_3222,11749.16808644876
000d7d20_3223,11749.160590211106
000d7d20_3224,11749.152825838732
000d7d20_3225,11749.140054410087
000d7d20_3226,11749.13350817502
000d7d20_3227,11749.128813363815
000d7d20_3228,11749.124520671288
000d7d20_3229,11749.112341211669
000d7d20_3230,11749.114404952872
000d7d20_3231,11749.12061148418
000d7d20_3232,11749.12318223359
000d7d20_3233,11749.122382513453
000d7d20_3234,11749.127578828973
000d7d20_3235,11749.131047362349
000d7d20_3236,11749.12152780965
000d7d20_3237,11749.10399146614
000d7d20_3238,11749.095999334311
000d7d20_3239,11749.082371438873
000d7d20_3240,11749.060462138865
000d7d20_3241,11749.05598731555
000d7d20_3242,11749.049037930441
000d7d20_3243,11749.045250879877
000d7d20_3244,11749.053364779407
000d7d20_3245,11749.0965615577
000d7d20_3246,11749.107462262293
000d7d20_3247,11749.106331213245
000d7d20_3248,11749.106397407464
000d7d20_3249,11749.088344986261
000d7d20_3250,11749.074862158475
000d7d20_3251,11749.056109385476
000d7d20_3252,11749.034245903884
000d7d20_3253,11749.01696821784
000d7d20_3254,11749.00598502963
000d7d20_3255,11749.029649661406
000d7d20_3256,11749.031002623911
000d7d20_3257,11749.033104425063
000d7d20_3258,11749.032704775702
000d7d20_3259,11749.026783811421
000d7d20_3260,11749.023826580671
000d7d20_3261,11749.005491098153
000d7d20_3262,11748.99359251232
000d7d20_3263,11748.983498060132
000d7d20_3264,11748.977290167692
000d7d20_3265,11748.975682308543
000d7d20_3266,11748.963802719263
000d7d20_3267,11748.961030398445
000d7d20_3268,11748.9479945352
000d7d20_3269,11748.953558295709
000d7d20_3270,11748.941581421508
000d7d20_3271,11748.936905473038
000d7d20_3272,11748.93193295913
000d7d20_3273,11748.922069475077
000d7d20_3274,11748.907136631069
000d7d20_3275,11748.90159313457
000d7d20_3276,11748.878422611779
000d7d20_3277,11748.8736408535
000d7d20_3278,11748.862972272758
000d7d20_3279,11748.866198453572
000d7d20_3280,11748.863342999353
000d7d20_3281,11748.863134058369
000d7d20_3282,11748.859562609767
000d7d20_3283,11748.847240840727
000d7d20_3284,11748.847973965694
000d7d20_3285,11748.843753528752
000d7d20_3286,11748.837561230781
000d7d20_3287,11748.838128559399
000d7d20_3288,11748.838919580185
000d7d20_3289,11748.842354050706
000d7d20_3290,11748.846637420798
000d7d20_3291,11748.917286977192
000d7d20_3292,11748.930692628845
000d7d20_3293,11748.961149949899
000d7d20_3294,11748.974510773876
000d7d20_3295,11748.97931423931
000d7d20_3296,11748.99260803927
000d7d20_3297,11749.003047855256
000d7d20_3298,11749.013152479329
000d7d20_3299,11749.01933735437
000d7d20_3300,11749.015858746465
000d7d20_3301,11749.019569486532
000d7d20_3302,11749.011526394592
000d7d20_3303,11749.007252826093
000d7d20_3304,11749.011937079178
000d7d20_3305,11748.993333999802
000d7d20_3306,11748.994416387191
000d7d20_3307,11749.001285002363
000d7d20_3308,11749.008012494794
000d7d20_3309,11749.006154005463
000d7d20_3310,11748.9899265979
000d7d20_3311,11748.988695226082
000d7d20_3312,11748.98476501577
000d7d20_3313,11748.992121777459
000d7d20_3314,11749.024564694348
000d7d20_3315,11749.044115745284
000d7d20_3316,11749.066042450788
000d7d20_3317,11749.06898210665
000d7d20_3318,11749.069249015014
000d7d20_3319,11749.076325040964
000d7d20_3320,11749.080667517179
000d7d20_3321,11749.117599149371
000d7d20_3322,11749.160041210966
000d7d20_3323,11749.193118877292
000d7d20_3324,11749.222633283902
000d7d20_3325,11749.249382132783
000d7d20_3326,11749.269732732508
000d7d20_3327,11749.284685702902
000d7d20_3328,11749.308324089892
000d7d20_3329,11749.334528424937
000d7d20_3330,11749.369183107305
000d7d20_3331,11749.387328981127
000d7d20_3332,11749.39031711793
000d7d20_3333,11749.402025244002
000d7d20_3334,11749.417036916078
000d7d20_3335,11749.453313629552
000d7d20_3336,11749.470923284714
000d7d20_3337,11749.487679282553
000d7d20_3338,11749.504955872115
000d7d20_3339,11749.5157614766
000d7d20_3340,11749.532897145426
000d7d20_3341,11749.583327391727
000d7d20_3342,11749.598927486939
000d7d20_3343,11749.603671177836
000d7d20_3344,11749.605378091239
000d7d20_3345,11749.642045728116
000d7d20_3346,11749.696825143608
000d7d20_3347,11749.731150033966
000d7d20_3348,11749.76598740461
000d7d20_3349,11749.793695706896
000d7d20_3350,11749.806796774425
000d7d20_3351,11749.81125942917
000d7d20_3352,11749.81259016886
000d7d20_3353,11749.79809210112
000d7d20_3354,11749.804580771142
000d7d20_3355,11749.837524422423
000d7d20_3356,11749.858903113021
000d7d20_3357,11749.88089695036
000d7d20_3358,11749.873473812553
000d7d20_3359,11749.860206761256
000d7d20_3360,11749.861078238566
000d7d20_3361,11749.859757772992
000d7d20_3362,11749.89180103922
000d7d20_3363,11749.903884360068
000d7d20_3364,11749.914481495129
000d7d20_3365,11749.913082413603
000d7d20_3366,11749.912600240403
000d7d20_3367,11749.906732263762
000d7d20_3368,11749.914052702716
000d7d20_3369,11749.900575822368
000d7d20_3370,11749.886765098572
000d7d20_3371,11749.859700550043
000d7d20_3372,11749.820355936321
000d7d20_3373,11749.769075121469
000d7d20_3374,11749.747517779782
000d7d20_3375,11749.735132809588
000d7d20_3376,11749.718981755408
000d7d20_3377,11749.695893155073
000d7d20_3378,11749.667787944927
000d7d20_3379,11749.658627023855
000d7d20_3380,11749.638174848293
000d7d20_3381,11749.627833531935
000d7d20_3382,11749.617924176511
000d7d20_3383,11749.609262833303
000d7d20_3384,11749.593129150513
000d7d20_3385,11749.592125285237
000d7d20_3386,11749.582592082714
000d7d20_3387,11749.562119842072
000d7d20_3388,11749.529790026096
000d7d20_3389,11749.506145260617
000d7d20_3390,11749.493932144003
000d7d20_3391,11749.477905389364
000d7d20_3392,11749.4601990586
000d7d20_3393,11749.450207389393
000d7d20_3394,11749.436903713866
000d7d20_3395,11749.43191481078
000d7d20_3396,11749.423473643248
000d7d20_3397,11749.410021818772
000d7d20_3398,11749.3901196902
000d7d20_3399,11749.371812843592
000d7d20_3400,11749.344728959508
000d7d20_3401,11749.327659731978
000d7d20_3402,11749.325212016749
000d7d20_3403,11749.326473168283
000d7d20_3404,11749.322398346205
000d7d20_3405,11749.314711163035
000d7d20_3406,11749.301286098409
000d7d20_3407,11749.26948273999
000d7d20_3408,11749.260895833184
000d7d20_3409,11749.254720788103
000d7d20_3410,11749.248487275145
000d7d20_3411,11749.248328790247
000d7d20_3412,11749.253046103773
000d7d20_3413,11749.254733888145
000d7d20_3414,11749.255254109888
000d7d20_3415,11749.259322580583
000d7d20_3416,11749.265166288966
000d7d20_3417,11749.262571723431
000d7d20_3418,11749.294043465725
000d7d20_3419,11749.290261790653
000d7d20_3420,11749.298548192743
000d7d20_3421,11749.291233749533
000d7d20_3422,11749.28562264044
000d7d20_3423,11749.303058459638
000d7d20_3424,11749.343897885869
000d7d20_3425,11749.380172217156
000d7d20_3426,11749.414432709085
000d7d20_3427,11749.466332828773
000d7d20_3428,11749.500163834373
000d7d20_3429,11749.508242368705
000d7d20_3430,11749.527545859175
000d7d20_3431,11749.581261120715
000d7d20_3432,11749.5930156705
000d7d20_3433,11749.629419903556
000d7d20_3434,11749.623028180697
000d7d20_3435,11749.638355664503
000d7d20_3436,11749.653515084712
000d7d20_3437,11749.683906457194
000d7d20_3438,11749.695649828645
000d7d20_3439,11749.699026257045
000d7d20_3440,11749.703133698256
000d7d20_3441,11749.664431398938
000d7d20_3442,11749.643106968562
000d7d20_3443,11749.627429555843
000d7d20_3444,11749.612098193875
000d7d20_3445,11749.602572210277
000d7d20_3446,11749.599397232325
000d7d20_3447,11749.592399668883
000d7d20_3448,11749.587950752775
000d7d20_3449,11749.589360147578
000d7d20_3450,11749.589498049843
000d7d20_3451,11749.588998537503
000d7d20_3452,11749.587529383898
000d7d20_3453,11749.588226414957
000d7d20_3454,11749.587632807616
000d7d20_3455,11749.585481267608
000d7d20_3456,11749.581386159316
000d7d20_3457,11749.561438741906
000d7d20_3458,11749.560102834916
000d7d20_3459,11749.560607487809
000d7d20_3460,11749.55946005525
000d7d20_3461,11749.555463236695
000d7d20_3462,11749.577918132818
000d7d20_3463,11749.563050543282
000d7d20_3464,11749.524229697648
000d7d20_3465,11749.50550314613
000d7d20_3466,11749.490968943197
000d7d20_3467,11749.513482344832
000d7d20_3468,11749.487087175497
000d7d20_3469,11749.472283662175
000d7d20_3470,11749.467688958714
000d7d20_3471,11749.465568596559
000d7d20_3472,11749.456714546677
000d7d20_3473,11749.439768262553
000d7d20_3474,11749.41209101482
000d7d20_3475,11749.392343391246
000d7d20_3476,11749.371966823188
000d7d20_3477,11749.358534628347
000d7d20_3478,11749.343977901885
000d7d20_3479,11749.3479551902
000d7d20_3480,11749.361708905268
000d7d20_3481,11749.368132865353
000d7d20_3482,11749.37066406871
000d7d20_3483,11749.346993646972
000d7d20_3484,11749.332911113968
000d7d20_3485,11749.319609442511
000d7d20_3486,11749.310410495747
000d7d20_3487,11749.29801542357
000d7d20_3488,11749.289816682533
000d7d20_3489,11749.290563963512
000d7d20_3490,11749.285624463933
000d7d20_3491,11749.282586809744
000d7d20_3492,11749.27970344142
000d7d20_3493,11749.265761105393
000d7d20_3494,11749.261092093779
000d7d20_3495,11749.269012141795
000d7d20_3496,11749.268752594027
000d7d20_3497,11749.282599535609
000d7d20_3498,11749.28888674688
000d7d20_3499,11749.282556490314
000d7d20_3500,11749.278957664257
000d7d20_3501,11749.258268888112
000d7d20_3502,11749.238319881626
000d7d20_3503,11749.217551281368
000d7d20_3504,11749.196644791646
000d7d20_3505,11749.156451068928
000d7d20_3506,11749.133265201748
000d7d20_3507,11749.116712590872
000d7d20_3508,11749.1005682906
000d7d20_3509,11749.082252893233
000d7d20_3510,11749.065500531256
000d7d20_3511,11749.052393930386
000d7d20_3512,11749.040719107952
000d7d20_3513,11749.03626762837
000d7d20_3514,11749.033340488642
000d7d20_3515,11749.024823514888
000d7d20_3516,11749.014357512926
000d7d20_3517,11749.012591492634
000d7d20_3518,11748.9987757779
000d7d20_3519,11748.99123451946
000d7d20_3520,11748.984546275065
000d7d20_3521,11748.982241487076
000d7d20_3522,11748.974742708406
000d7d20_3523,11748.981478928828
000d7d20_3524,11748.98597945461
000d7d20_3525,11748.991592196759
000d7d20_3526,11749.010392038703
000d7d20_3527,11749.009932784002
000d7d20_3528,11749.017886633606
000d7d20_3529,11749.012976031263
000d7d20_3530,11749.005179540345
000d7d20_3531,11748.999479665341
000d7d20_3532,11748.988605233146
000d7d20_3533,11748.985976379114
000d7d20_3534,11748.981640257847
000d7d20_3535,11748.990812098291
000d7d20_3536,11749.006510224308
000d7d20_3537,11749.013115692356
000d7d20_3538,11749.009527347685
000d7d20_3539,11748.999133849622
000d7d20_3540,11749.007468574075
000d7d20_3541,11749.01633305351
000d7d20_3542,11749.037414842185
000d7d20_3543,11749.048633332399
000d7d20_3544,11749.058468323929
000d7d20_3545,11749.071380380412
000d7d20_3546,11749.079982534864
000d7d20_3547,11749.090545010657
000d7d20_3548,11749.096659265631
000d7d20_3549,11749.10681629577
000d7d20_3550,11749.125655172757
000d7d20_3551,11749.132957679503
000d7d20_3552,11749.13739132502
000d7d20_3553,11749.131023301303
000d7d20_3554,11749.12787033483
000d7d20_3555,11749.167764658974
000d7d20_3556,11749.17378609544
000d7d20_3557,11749.181009347007
000d7d20_3558,11749.19043178958
000d7d20_3559,11749.207508919266
000d7d20_3560,11749.247607032818
000d7d20_3561,11749.266858469366
000d7d20_3562,11749.291677482137
000d7d20_3563,11749.29971135369
000d7d20_3564,11749.306126155994
000d7d20_3565,11749.3121135379
000d7d20_3566,11749.310320556162
000d7d20_3567,11749.302241930622
000d7d20_3568,11749.279244185367
000d7d20_3569,11749.26699564958
000d7d20_3570,11749.258817968872
000d7d20_3571,11749.245517478457
000d7d20_3572,11749.237847215005
000d7d20_3573,11749.226229172149
000d7d20_3574,11749.208171474249
000d7d20_3575,11749.19002401287
000d7d20_3576,11749.171117613561
000d7d20_3577,11749.148472028832
000d7d20_3578,11749.124583377677
000d7d20_3579,11749.07869760016
000d7d20_3580,11749.026760709086
000d7d20_3581,11748.98080639952
000d7d20_3582,11748.93029609002
000d7d20_3583,11748.908120568356
000d7d20_3584,11748.87509802325
000d7d20_3585,11748.824894541629
000d7d20_3586,11748.804953116127
000d7d20_3587,11748.724355839524
000d7d20_3588,11748.70051268986
000d7d20_3589,11748.672443627182
000d7d20_3590,11748.649722398184
000d7d20_3591,11748.621322707077
000d7d20_3592,11748.56247561071
000d7d20_3593,11748.541585490582
000d7d20_3594,11748.519740141392
000d7d20_3595,11748.497749131628
000d7d20_3596,11748.487307774547
000d7d20_3597,11748.443549787416
000d7d20_3598,11748.4188213222
000d7d20_3599,11748.372500790081
000d7d20_3600,11748.375608347147
000d7d20_3601,11748.353440773255
000d7d20_3602,11748.331875383532
000d7d20_3603,11748.30292563827
000d7d20_3604,11748.225842617123
000d7d20_3605,11748.182279450797
000d7d20_3606,11748.180937444942
000d7d20_3607,11748.14762983078
000d7d20_3608,11748.135525784346
000d7d20_3609,11748.122952073672
000d7d20_3610,11748.087429809855
000d7d20_3611,11748.055883516587
000d7d20_3612,11748.052091975114
000d7d20_3613,11747.999083137578
000d7d20_3614,11747.980646569287
000d7d20_3615,11747.974760113422
000d7d20_3616,11747.937817649567
000d7d20_3617,11747.920962113816
000d7d20_3618,11747.891495234358
000d7d20_3619,11747.897609866985
000d7d20_3620,11747.866759819091
000d7d20_3621,11747.845552953997
000d7d20_3622,11747.808655494313
000d7d20_3623,11747.791726479714
000d7d20_3624,11747.7886607048
000d7d20_3625,11747.742268868504
000d7d20_3626,11747.744320474438
000d7d20_3627,11747.717241755687
000d7d20_3628,11747.715555855653
000d7d20_3629,11747.694868324934
000d7d20_3630,11747.663934932449
000d7d20_3631,11747.661281618075
000d7d20_3632,11747.633282634482
000d7d20_3633,11747.634236356065
000d7d20_3634,11747.596087604006
000d7d20_3635,11747.59071986295
000d7d20_3636,11747.571459515331
000d7d20_3637,11747.545575184256
000d7d20_3638,11747.546330261064
000d7d20_3639,11747.517794193353
000d7d20_3640,11747.524015183704
000d7d20_3641,11747.508170675748
000d7d20_3642,11747.482024215464
000d7d20_3643,11747.48310656217
000d7d20_3644,11747.547154366945
000d7d20_3645,11747.518208413623
000d7d20_3646,11747.517200877262
000d7d20_3647,11747.500485352666
000d7d20_3648,11747.493755433112
000d7d20_3649,11747.477173154593
000d7d20_3650,11747.485342285712
000d7d20_3651,11747.46795934265
000d7d20_3652,11747.445489738122
000d7d20_3653,11747.450700319865
000d7d20_3654,11747.43989830071
000d7d20_3655,11747.428088955816
000d7d20_3656,11747.41506151337
000d7d20_3657,11747.387425158391
000d7d20_3658,11747.387707970849
000d7d20_3659,11747.366229852243
000d7d20_3660,11747.34815615528
000d7d20_3661,11747.327855916807
000d7d20_3662,11747.302788132602
000d7d20_3663,11747.310077870174
000d7d20_3664,11747.29800492188
000d7d20_3665,11747.2912336683
000d7d20_3666,11747.289558862623
000d7d20_3667,11747.280728038997
000d7d20_3668,11747.266821587375
000d7d20_3669,11747.252029612646
000d7d20_3670,11747.219186365784
000d7d20_3671,11747.1827792237
000d7d20_3672,11747.185208572002
000d7d20_3673,11747.17077692653
000d7d20_3674,11747.14452784207
000d7d20_3675,11747.124864813255
000d7d20_3676,11747.10445121671
000d7d20_3677,11747.094511201856
000d7d20_3678,11747.085023234984
000d7d20_3679,11747.065340466212
000d7d20_3680,11747.05001131019
000d7d20_3681,11747.02952218503
000d7d20_3682,11747.043786856739
000d7d20_3683,11747.034083585291
000d7d20_3684,11747.042692392393
000d7d20_3685,11747.048921310663
000d7d20_3686,11747.062906886107
000d7d20_3687,11747.077072455462
000d7d20_3688,11747.092695411799
000d7d20_3689,11747.110705846397
000d7d20_3690,11747.124831259038
000d7d20_3691,11747.143335313955
000d7d20_3692,11747.160999004851
000d7d20_3693,11747.171144340702
000d7d20_3694,11747.164204512846
000d7d20_3695,11747.186259081911
000d7d20_3696,11747.18765872671
000d7d20_3697,11747.192852334909
000d7d20_3698,11747.191284690081
000d7d20_3699,11747.198756369235
000d7d20_3700,11747.210220335863
000d7d20_3701,11747.229820564029
000d7d20_3702,11747.236717544478
000d7d20_3703,11747.242693338048
000d7d20_3704,11747.239756261042
000d7d20_3705,11747.24389382523
000d7d20_3706,11747.24611998583
000d7d20_3707,11747.248520310162
000d7d20_3708,11747.250944292859
000d7d20_3709,11747.254441159334
000d7d20_3710,11747.251713197846
000d7d20_3711,11747.251399776762
000d7d20_3712,11747.25519231813
000d7d20_3713,11747.262065720177
000d7d20_3714,11747.267924107695
000d7d20_3715,11747.2725450757
000d7d20_3716,11747.285880824493
000d7d20_3717,11747.309536238125
000d7d20_3718,11747.320923296289
000d7d20_3719,11747.36039952422
000d7d20_3720,11747.451425615207
000d7d20_3721,11747.64114208983
000d7d20_3722,11747.678166724592
000d7d20_3723,11747.712553651341
000d7d20_3724,11747.74757473066
000d7d20_3725,11747.779083067862
000d7d20_3726,11747.809150529196
000d7d20_3727,11747.847133669082
000d7d20_3728,11747.873325203804
000d7d20_3729,11747.881210473886
000d7d20_3730,11747.87335558422
000d7d20_3731,11747.856913811267
000d7d20_3732,11747.844653259612
000d7d20_3733,11747.804691616613
000d7d20_3734,11747.771162840503
000d7d20_3735,11747.733888145834
000d7d20_3736,11747.699201582554
000d7d20_3737,11747.663940597813
000d7d20_3738,11747.512771412341
000d7d20_3739,11747.43177219448
000d7d20_3740,11747.384442103657
000d7d20_3741,11747.34580792695
000d7d20_3742,11747.264186283872
000d7d20_3743,11747.217820610771
000d7d20_3744,11747.185249817128
000d7d20_3745,11747.157847618199
000d7d20_3746,11747.140664108914
000d7d20_3747,11747.097612566158
000d7d20_3748,11747.02334582591
000d7d20_3749,11746.892854062164
000d7d20_3750,11746.683682701281
000d7d20_3751,11746.567833634075
000d7d20_3752,11746.272448406951
000d7d20_3753,11746.1373472841
000d7d20_3754,11745.996639940246
000d7d20_3755,11745.814812058466
000d7d20_3756,11745.672472799026
000d7d20_3757,11745.546814983316
000d7d20_3758,11745.409636311579
000d7d20_3759,11745.264733391843
000d7d20_3760,11745.144256562642
000d7d20_3761,11745.052975096778
000d7d20_3762,11744.990633408062
000d7d20_3763,11744.924399183486
000d7d20_3764,11744.846682474947
000d7d20_3765,11744.782168528225
000d7d20_3766,11744.696782796633
000d7d20_3767,11744.631389330669
000d7d20_3768,11744.574395273048
000d7d20_3769,11744.524205852033
000d7d20_3770,11744.472215342652
000d7d20_3771,11744.431417533528
000d7d20_3772,11744.391556525108
000d7d20_3773,11744.355055067084
000d7d20_3774,11744.31901065404
000d7d20_3775,11744.290187720959
000d7d20_3776,11744.256742979534
000d7d20_3777,11744.232639022
000d7d20_3778,11744.205647571256
000d7d20_3779,11744.229753358544
000d7d20_3780,11744.198420236804
000d7d20_3781,11744.174997724664
000d7d20_3782,11744.132562175542
000d7d20_3783,11744.105158163247
000d7d20_3784,11744.077081313695
000d7d20_3785,11744.05127748252
000d7d20_3786,11744.024915845648
000d7d20_3787,11743.937284050635
000d7d20_3788,11743.907859473296
000d7d20_3789,11743.875185820096
000d7d20_3790,11743.8453030372
000d7d20_3791,11743.796717770605
000d7d20_3792,11743.752057759484
000d7d20_3793,11743.742552022692
000d7d20_3794,11743.72302269063
000d7d20_3795,11743.688403049235
000d7d20_3796,11743.658602438998
000d7d20_3797,11743.611316284283
000d7d20_3798,11743.60239457147
000d7d20_3799,11743.571999697067
000d7d20_3800,11743.579889223898
000d7d20_3801,11743.586484065547
000d7d20_3802,11743.570603685239
000d7d20_3803,11743.558137625998
000d7d20_3804,11743.522419376419
000d7d20_3805,11743.460547439005
000d7d20_3806,11743.420574270309
000d7d20_3807,11743.40195989755
000d7d20_3808,11743.366753980983
000d7d20_3809,11743.342573419448
000d7d20_3810,11743.30636511335
000d7d20_3811,11743.259562779785
000d7d20_3812,11743.222198521555
000d7d20_3813,11743.171967995131
000d7d20_3814,11743.14976148646
000d7d20_3815,11743.138376839293
000d7d20_3816,11743.129499381883
000d7d20_3817,11743.121956972316
000d7d20_3818,11743.073396395588
000d7d20_3819,11743.048314322694
000d7d20_3820,11743.109287615938
000d7d20_3821,11743.056542776498
000d7d20_3822,11743.003335218298
000d7d20_3823,11742.934772353143
000d7d20_3824,11742.901249315177
000d7d20_3825,11742.870591478877
000d7d20_3826,11742.845037281426
000d7d20_3827,11742.823109187368
000d7d20_3828,11742.786661355589
000d7d20_3829,11742.758158237833
000d7d20_3830,11742.736718748383
000d7d20_3831,11742.72333396241
000d7d20_3832,11742.700458104624
000d7d20_3833,11742.677426115137
000d7d20_3834,11742.654284770892
000d7d20_3835,11742.619221449348
000d7d20_3836,11742.595271609462
000d7d20_3837,11742.555222993396
000d7d20_3838,11742.580311446809
000d7d20_3839,11742.597726437181
000d7d20_3840,11742.58941843628
000d7d20_3841,11742.581851035975
000d7d20_3842,11742.5746543755
000d7d20_3843,11742.566627533668
000d7d20_3844,11742.560072575057
000d7d20_3845,11742.550605020577
000d7d20_3846,11742.530991061549
000d7d20_3847,11742.523214836976
000d7d20_3848,11742.504654759794
000d7d20_3849,11742.498321020717
000d7d20_3850,11742.502247069617
000d7d20_3851,11742.466875987937
000d7d20_3852,11742.449932752726
000d7d20_3853,11742.442248151969
000d7d20_3854,11742.419148642142
000d7d20_3855,11742.389461727322
000d7d20_3856,11742.362247448908
000d7d20_3857,11742.330295575815
000d7d20_3858,11742.35025289818
000d7d20_3859,11742.344605889037
000d7d20_3860,11742.33501478691
000d7d20_3861,11742.304954093743
000d7d20_3862,11742.274477107163
000d7d20_3863,11742.250933502808
000d7d20_3864,11742.232666204902
000d7d20_3865,11742.212155097011
000d7d20_3866,11742.184667427759
000d7d20_3867,11742.158692639729
000d7d20_3868,11742.14907066183
000d7d20_3869,11742.135465105352
000d7d20_3870,11742.111330026893
000d7d20_3871,11742.117110205394
000d7d20_3872,11742.103249036594
000d7d20_3873,11742.08490493588
000d7d20_3874,11742.089157583237
000d7d20_3875,11742.065530356804
000d7d20_3876,11742.066902107446
000d7d20_3877,11742.05958099676
000d7d20_3878,11742.042906349006
000d7d20_3879,11742.0440581149
000d7d20_3880,11742.02467627925
000d7d20_3881,11742.034334460117
000d7d20_3882,11741.959507435407
000d7d20_3883,11741.949931955882
000d7d20_3884,11741.916880495657
000d7d20_3885,11741.916959670816
000d7d20_3886,11741.884166353208
000d7d20_3887,11741.85642721242
000d7d20_3888,11741.846155337518
000d7d20_3889,11741.810842282437
000d7d20_3890,11741.791570263735
000d7d20_3891,11741.749097224669
000d7d20_3892,11741.728118675854
000d7d20_3893,11741.70669562906
000d7d20_3894,11741.668141068076
000d7d20_3895,11741.64639171028
000d7d20_3896,11741.62307867468
000d7d20_3897,11741.56913391991
000d7d20_3898,11741.53055657483
000d7d20_3899,11741.49228125398
000d7d20_3900,11741.486280475086
000d7d20_3901,11741.44642599346
000d7d20_3902,11741.328392574987
000d7d20_3903,11741.296041045638
000d7d20_3904,11741.263761987942
000d7d20_3905,11741.237652454685
000d7d20_3906,11741.220126680291
000d7d20_3907,11741.264776237798
000d7d20_3908,11741.2767098249
000d7d20_3909,11741.259510331065
000d7d20_3910,11741.231699645428
000d7d20_3911,11741.207413018736
000d7d20_3912,11741.190319035126
000d7d20_3913,11741.179694704082
000d7d20_3914,11741.160305923675
000d7d20_3915,11741.141777992749
000d7d20_3916,11741.12266929603
000d7d20_3917,11741.103563030372
000d7d20_3918,11741.093658135964
000d7d20_3919,11741.06497966677
000d7d20_3920,11741.041087057843
000d7d20_3921,11741.027157334209
000d7d20_3922,11740.988867292112
000d7d20_3923,11740.960601568759
000d7d20_3924,11740.933426501691
000d7d20_3925,11740.91178211297
000d7d20_3926,11740.882861074224
000d7d20_3927,11740.85570951461
000d7d20_3928,11740.83140857338
000d7d20_3929,11740.799887947654
000d7d20_3930,11740.772984421199
000d7d20_3931,11740.74832189912
000d7d20_3932,11740.705666077149
000d7d20_3933,11740.664508369902
000d7d20_3934,11740.619916740045
000d7d20_3935,11740.58367462966
000d7d20_3936,11740.538981041136
000d7d20_3937,11740.52949561684
000d7d20_3938,11740.508309933244
000d7d20_3939,11740.47789981015
000d7d20_3940,11740.434732390411
000d7d20_3941,11740.410982552015
000d7d20_3942,11740.403254754183
000d7d20_3943,11740.391405003038
000d7d20_3944,11740.38438533427
000d7d20_3945,11740.354458499749
000d7d20_3946,11740.33829664747
000d7d20_3947,11740.306635298466
000d7d20_3948,11740.283798581971
000d7d20_3949,11740.246579597233
000d7d20_3950,11740.229419369422
000d7d20_3951,11740.201013949802
000d7d20_3952,11740.182107962779
000d7d20_3953,11740.149527061576
000d7d20_3954,11740.126130463934
000d7d20_3955,11740.098016627819
000d7d20_3956,11740.081965959645
000d7d20_3957,11740.056698265751
000d7d20_3958,11740.035619038079
000d7d20_3959,11740.005463471745
000d7d20_3960,11739.98405530502
000d7d20_3961,11739.968932496578
000d7d20_3962,11739.944449278497
000d7d20_3963,11739.927976866551
000d7d20_3964,11739.916637114897
000d7d20_3965,11739.887158791047
000d7d20_3966,11739.864406559998
000d7d20_3967,11739.845549692329
000d7d20_3968,11739.830495777167
000d7d20_3969,11739.81640578982
000d7d20_3970,11739.7943906811
000d7d20_3971,11739.777212352306
000d7d20_3972,11739.754922245087
000d7d20_3973,11739.74580246324
000d7d20_3974,11739.723445340609
000d7d20_3975,11739.686172359752
000d7d20_3976,11739.666239611919
000d7d20_3977,11739.642877506863
000d7d20_3978,11739.62471852017
000d7d20_3979,11739.59739451605
000d7d20_3980,11739.589350753715
000d7d20_3981,11739.627712180212
000d7d20_3982,11739.633248732567
000d7d20_3983,11739.62683154697
000d7d20_3984,11739.605226801363
000d7d20_3985,11739.587585918238
000d7d20_3986,11739.571309421886
000d7d20_3987,11739.553353799787
000d7d20_3988,11739.49792170252
000d7d20_3989,11739.458354079397
000d7d20_3990,11739.433433883283
000d7d20_3991,11739.45862918207
000d7d20_3992,11739.48925023267
000d7d20_3993,11739.489737041882
000d7d20_3994,11739.509613128503
000d7d20_3995,11739.549928945766
000d7d20_3996,11739.606070713315
000d7d20_3997,11739.680642862406
000d7d20_3998,11739.718859544319
000d7d20_3999,11739.734779484206
000d7d20_4000,11739.75622904935
000d7d20_4001,11739.758870858192
000d7d20_4002,11739.759975616416
000d7d20_4003,11739.766018355536
000d7d20_4004,11739.774128910198
000d7d20_4005,11739.782007030439
000d7d20_4006,11739.794371338656
000d7d20_4007,11739.801591632902
000d7d20_4008,11739.817406201157
000d7d20_4009,11739.822146103701
000d7d20_4010,11739.82716531157
000d7d20_4011,11739.836307036605
000d7d20_4012,11739.847117136924
000d7d20_4013,11739.853001614601
000d7d20_4014,11739.880958895485
000d7d20_4015,11739.893730077396
000d7d20_4016,11739.89956803299
000d7d20_4017,11739.883539712424
000d7d20_4018,11739.873536439138
000d7d20_4019,11739.865323702747
000d7d20_4020,11739.856796277185
000d7d20_4021,11739.84762120519
000d7d20_4022,11739.841223663116
000d7d20_4023,11739.838770788903
000d7d20_4024,11739.833290309956
000d7d20_4025,11739.84850876189
000d7d20_4026,11739.839776122542
000d7d20_4027,11739.829893615673
000d7d20_4028,11739.822719654936
000d7d20_4029,11739.799264537134
000d7d20_4030,11739.788973320952
000d7d20_4031,11739.784739697861
000d7d20_4032,11739.785978684751
000d7d20_4033,11739.769353306687
000d7d20_4034,11739.754304045648
000d7d20_4035,11739.7394848244
000d7d20_4036,11739.732011355298
000d7d20_4037,11739.725477194097
000d7d20_4038,11739.701750940507
000d7d20_4039,11739.693867086216
000d7d20_4040,11739.682174670632
000d7d20_4041,11739.666731641426
000d7d20_4042,11739.667560029904
000d7d20_4043,11739.670885079824
000d7d20_4044,11739.673251112523
000d7d20_4045,11739.680956530177
000d7d20_4046,11739.685814814915
000d7d20_4047,11739.698521273496
000d7d20_4048,11739.69357774339
000d7d20_4049,11739.699216506686
000d7d20_4050,11739.69383051584
000d7d20_4051,11739.694322239087
000d7d20_4052,11739.700258475947
000d7d20_4053,11739.707241765169
000d7d20_4054,11739.709294859129
000d7d20_4055,11739.70647680119
000d7d20_4056,11739.70637155474
000d7d20_4057,11739.705664899066
000d7d20_4058,11739.703060756106
000d7d20_4059,11739.698888113262
000d7d20_4060,11739.711718624349
000d7d20_4061,11739.721247396477
000d7d20_4062,11739.729324815175
000d7d20_4063,11739.739641426906
000d7d20_4064,11739.736393203259
000d7d20_4065,11739.737682188415
000d7d20_4066,11739.762912923698
000d7d20_4067,11739.778076159284
000d7d20_4068,11739.80781240287
000d7d20_4069,11739.83312986687
000d7d20_4070,11739.841150595807
000d7d20_4071,11739.840231938337
000d7d20_4072,11739.8431985538
000d7d20_4073,11739.844001574325
000d7d20_4074,11739.850264506544
000d7d20_4075,11739.863767739127
000d7d20_4076,11739.868456667667
000d7d20_4077,11739.92097318434
000d7d20_4078,11739.939550086256
000d7d20_4079,11739.949658754798
000d7d20_4080,11739.955799780277
000d7d20_4081,11739.960890156179
000d7d20_4082,11739.978831400571
000d7d20_4083,11739.985228725798
000d7d20_4084,11739.989849764208
000d7d20_4085,11739.994195406834
000d7d20_4086,11739.995935861843
000d7d20_4087,11740.006054115269
000d7d20_4088,11740.01434146714
000d7d20_4089,11740.031183400986
000d7d20_4090,11740.042416958118
000d7d20_4091,11740.053703343063
000d7d20_4092,11740.062537510481
000d7d20_4093,11740.067634011031
000d7d20_4094,11740.076104404752
000d7d20_4095,11740.080910305485
000d7d20_4096,11740.090066453662
000d7d20_4097,11740.099004484982
000d7d20_4098,11740.108013945868
000d7d20_4099,11740.116626693427
000d7d20_4100,11740.129452836933
000d7d20_4101,11740.138663551563
000d7d20_4102,11740.153011328473
000d7d20_4103,11740.156422901871
000d7d20_4104,11740.162136952309
000d7d20_4105,11740.176185826567
000d7d20_4106,11740.16119094616
000d7d20_4107,11740.167677565014
000d7d20_4108,11740.178897589378
000d7d20_4109,11740.176381927326
000d7d20_4110,11740.184524603192
000d7d20_4111,11740.19348190783
000d7d20_4112,11740.198201129344
000d7d20_4113,11740.20627993006
000d7d20_4114,11740.229713941419
000d7d20_4115,11740.236429508092
000d7d20_4116,11740.24740434677
000d7d20_4117,11740.240257385234
000d7d20_4118,11740.24804076257
000d7d20_4119,11740.25369746284
000d7d20_4120,11740.258334784608
000d7d20_4121,11740.253749122341
000d7d20_4122,11740.248318947539
000d7d20_4123,11740.257143215696
000d7d20_4124,11740.25776337981
000d7d20_4125,11740.256054018575
000d7d20_4126,11740.258510050031
000d7d20_4127,11740.254236473696
000d7d20_4128,11740.254342488945
000d7d20_4129,11740.247444799696
000d7d20_4130,11740.252486250534
000d7d20_4131,11740.240434069216
000d7d20_4132,11740.240897839723
000d7d20_4133,11740.246081882708
000d7d20_4134,11740.25799028011
000d7d20_4135,11740.255923389832
000d7d20_4136,11740.263477040113
000d7d20_4137,11740.26542668053
000d7d20_4138,11740.258746133704
000d7d20_4139,11740.266116656885
000d7d20_4140,11740.273404822861
000d7d20_4141,11740.260432330157
000d7d20_4142,11740.264224463537
000d7d20_4143,11740.268688667518
000d7d20_4144,11740.275170537376
000d7d20_4145,11740.268712733356
000d7d20_4146,11740.274632575823
000d7d20_4147,11740.27991545658
000d7d20_4148,11740.28491443973
000d7d20_4149,11740.283604002481
000d7d20_4150,11740.288977772145
000d7d20_4151,11740.290787601567
000d7d20_4152,11740.30394551632
000d7d20_4153,11740.311347258665
000d7d20_4154,11740.323007204654
000d7d20_4155,11740.313810080788
000d7d20_4156,11740.311981994568
000d7d20_4157,11740.31193533164
000d7d20_4158,11740.307954983266
000d7d20_4159,11740.305654007876
000d7d20_4160,11740.302465596218
000d7d20_4161,11740.301131805521
000d7d20_4162,11740.32296323268
000d7d20_4163,11740.316634238108
000d7d20_4164,11740.309304742721
000d7d20_4165,11740.304489551509
000d7d20_4166,11740.290314689762
000d7d20_4167,11740.278122917995
000d7d20_4168,11740.266633099698
000d7d20_4169,11740.180453315152
000d7d20_4170,11740.145306309414
000d7d20_4171,11740.097909218852
000d7d20_4172,11740.044134969416
000d7d20_4173,11739.964830785066
000d7d20_4174,11739.870860307945
000d7d20_4175,11739.740563657972
000d7d20_4176,11739.626055190272
000d7d20_4177,11739.5051459067
000d7d20_4178,11739.396657109068
000d7d20_4179,11739.282591940186
000d7d20_4180,11739.176855709917
000d7d20_4181,11739.061367540897
000d7d20_4182,11738.948297985487
000d7d20_4183,11738.85211791634
000d7d20_4184,11738.776329062783
000d7d20_4185,11738.69902798513
000d7d20_4186,11738.630590738152
000d7d20_4187,11738.57453582119
000d7d20_4188,11738.501207165818
000d7d20_4189,11738.420254191373
000d7d20_4190,11738.356687539084
000d7d20_4191,11738.31037716092
000d7d20_4192,11738.2650951716
000d7d20_4193,11738.231192273073
000d7d20_4194,11738.189453257879
000d7d20_4195,11738.161540615449
000d7d20_4196,11738.131761276281
000d7d20_4197,11738.104386630155
000d7d20_4198,11738.071969672914
000d7d20_4199,11738.056689611867
000d7d20_4200,11738.042798604609
000d7d20_4201,11738.021596215762
000d7d20_4202,11738.000955747964
000d7d20_4203,11737.98277915039
000d7d20_4204,11737.998792341816
000d7d20_4205,11737.980136947557
000d7d20_4206,11737.96592790593
000d7d20_4207,11737.9353026171
000d7d20_4208,11737.921455465676
000d7d20_4209,11737.907174539356
000d7d20_4210,11737.903230925573
000d7d20_4211,11737.896199987945
000d7d20_4212,11737.888204303768
000d7d20_4213,11737.88380063483
000d7d20_4214,11737.869990194973
000d7d20_4215,11737.86229820088
000d7d20_4216,11737.861953846605
000d7d20_4217,11737.847274712165
000d7d20_4218,11737.838945217245
000d7d20_4219,11737.834209952212
000d7d20_4220,11737.829831512721
000d7d20_4221,11737.825942399077
000d7d20_4222,11737.826077057041
000d7d20_4223,11737.824760687658
000d7d20_4224,11737.81995553794
000d7d20_4225,11737.82344385884
000d7d20_4226,11737.810747017144
000d7d20_4227,11737.81136470866
000d7d20_4228,11737.811913490586
000d7d20_4229,11737.812042716645
000d7d20_4230,11737.812986152541
000d7d20_4231,11737.800508381522
000d7d20_4232,11737.808667974385
000d7d20_4233,11737.808072732216
000d7d20_4234,11737.815012503948
000d7d20_4235,11737.806775817073
000d7d20_4236,11737.810352992243
000d7d20_4237,11737.804421191062
000d7d20_4238,11737.800877559155
000d7d20_4239,11737.80611226448
000d7d20_4240,11737.811289265277
000d7d20_4241,11737.809972091884
000d7d20_4242,11737.812151948541
000d7d20_4243,11737.821584196847
000d7d20_4244,11737.819251450399
000d7d20_4245,11737.824432491027
000d7d20_4246,11737.816680890064
000d7d20_4247,11737.819893942233
000d7d20_4248,11737.861779983861
000d7d20_4249,11737.867052473403
000d7d20_4250,11737.86137731678
000d7d20_4251,11737.868819866158
000d7d20_4252,11737.87037399055
000d7d20_4253,11737.865919418982
000d7d20_4254,11737.868374581345
000d7d20_4255,11737.872680671437
000d7d20_4256,11737.88052008807
000d7d20_4257,11737.881710638487
000d7d20_4258,11737.88047102106
000d7d20_4259,11737.887848970808
000d7d20_4260,11737.890079436567
000d7d20_4261,11737.891595356567
000d7d20_4262,11737.899638424795
000d7d20_4263,11737.903007751322
000d7d20_4264,11737.901164082696
000d7d20_4265,11737.906370376866
000d7d20_4266,11737.947144013215
000d7d20_4267,11737.916900192626
000d7d20_4268,11737.912492547242
000d7d20_4269,11737.918149342433
000d7d20_4270,11737.967293264262
000d7d20_4271,11737.930259656794
000d7d20_4272,11737.933071295209
000d7d20_4273,11737.939064732418
000d7d20_4274,11737.940726516814
000d7d20_4275,11737.99794156025
000d7d20_4276,11737.950926977712
000d7d20_4277,11738.002893312654
000d7d20_4278,11738.003972259781
000d7d20_4279,11737.987003906783
000d7d20_4280,11737.96575853503
000d7d20_4281,11737.968103946016
000d7d20_4282,11737.970445690049
000d7d20_4283,11737.97800391585
000d7d20_4284,11738.018248180402
000d7d20_4285,11737.987108191013
000d7d20_4286,11737.986222336698
000d7d20_4287,11737.98332656832
000d7d20_4288,11737.998713280525
000d7d20_4289,11738.036982024412
000d7d20_4290,11737.997342813056
000d7d20_4291,11737.99440209357
000d7d20_4292,11737.998427814226
000d7d20_4293,11738.040962285519
000d7d20_4294,11738.031989643712
000d7d20_4295,11738.041586230376
000d7d20_4296,11738.042911406044
000d7d20_4297,11738.045248006994
000d7d20_4298,11738.050336895714
000d7d20_4299,11738.050494131017
000d7d20_4300,11738.052638279518
000d7d20_4301,11738.04992203697
000d7d20_4302,11738.052728711986
000d7d20_4303,11738.052256360535
000d7d20_4304,11738.05715107939
000d7d20_4305,11738.063545559387
000d7d20_4306,11738.063035428208
000d7d20_4307,11738.065579611435
000d7d20_4308,11738.083342753393
000d7d20_4309,11738.065240947466
000d7d20_4310,11738.060734842686
000d7d20_4311,11738.050808686268
000d7d20_4312,11738.051525651383
000d7d20_4313,11738.045467747317
000d7d20_4314,11738.044034795006
000d7d20_4315,11738.050162162363
000d7d20_4316,11738.047535511447
000d7d20_4317,11738.046529804273
000d7d20_4318,11738.051992905937
000d7d20_4319,11738.057372927831
000d7d20_4320,11738.055663830868
000d7d20_4321,11738.08260256191
000d7d20_4322,11738.05270248699
000d7d20_4323,11738.048959890491
000d7d20_4324,11738.051596296416
000d7d20_4325,11738.052703045558
000d7d20_4326,11738.06023755772
000d7d20_4327,11738.053279728667
000d7d20_4328,11738.057865042
000d7d20_4329,11738.059907122406
000d7d20_4330,11738.066613072384
000d7d20_4331,11738.078998880252
000d7d20_4332,11738.082172960861
000d7d20_4333,11738.075366633228
000d7d20_4334,11738.103683979167
000d7d20_4335,11738.098380461495
000d7d20_4336,11738.09718170733
000d7d20_4337,11738.092497216336
000d7d20_4338,11738.094710431624
000d7d20_4339,11738.09472945098
000d7d20_4340,11738.0951957701
000d7d20_4341,11738.106573692032
000d7d20_4342,11738.09329649404
000d7d20_4343,11738.078536041196
000d7d20_4344,11738.051886166177
000d7d20_4345,11738.062702337802
000d7d20_4346,11738.08614189249
000d7d20_4347,11738.096064615409
000d7d20_4348,11738.046644822225
000d7d20_4349,11738.051081434001
000d7d20_4350,11738.04763027532
000d7d20_4351,11738.045459041286
000d7d20_4352,11738.0455923135
000d7d20_4353,11738.04851648074
000d7d20_4354,11738.063113892253
000d7d20_4355,11738.049740205115
000d7d20_4356,11738.044266228155
000d7d20_4357,11738.087023074177
000d7d20_4358,11738.077089249033
000d7d20_4359,11738.043713678528
000d7d20_4360,11738.036594000569
000d7d20_4361,11738.038322812894
000d7d20_4362,11738.069268199271
000d7d20_4363,11738.041310181849
000d7d20_4364,11738.038717477531
000d7d20_4365,11738.040806523997
000d7d20_4366,11738.087272369568
000d7d20_4367,11738.036685187479
000d7d20_4368,11738.036882673412
000d7d20_4369,11738.032566632137
000d7d20_4370,11738.032384435086
000d7d20_4371,11738.031483815295
000d7d20_4372,11738.027354370295
000d7d20_4373,11738.025189443984
000d7d20_4374,11738.02117004404
000d7d20_4375,11738.021985421541
000d7d20_4376,11738.024484308931
000d7d20_4377,11738.019197090991
000d7d20_4378,11738.023630122405
000d7d20_4379,11738.023561896387
000d7d20_4380,11738.022880254113
000d7d20_4381,11738.029315241887
000d7d20_4382,11738.029866665896
000d7d20_4383,11738.10558762915
000d7d20_4384,11738.039949630633
000d7d20_4385,11738.03301909623
000d7d20_4386,11738.07700462639
000d7d20_4387,11738.043617034973
000d7d20_4388,11738.083114370285
000d7d20_4389,11738.068585667446
000d7d20_4390,11738.07477092072
000d7d20_4391,11738.07780036522
000d7d20_4392,11738.075307801706
000d7d20_4393,11738.067593161346
000d7d20_4394,11738.058803704194
000d7d20_4395,11738.059177751213
000d7d20_4396,11738.057285994939
000d7d20_4397,11738.046647789204
000d7d20_4398,11738.046512150871
000d7d20_4399,11738.047190425848
000d7d20_4400,11738.033867517941
000d7d20_4401,11738.036181601406
000d7d20_4402,11738.029575723578
000d7d20_4403,11738.018274622762
000d7d20_4404,11737.989628061609
000d7d20_4405,11737.97213932479
000d7d20_4406,11738.027962081038
000d7d20_4407,11738.021357654849
000d7d20_4408,11738.006185444267
000d7d20_4409,11737.997612583205
000d7d20_4410,11737.97463657651
000d7d20_4411,11737.971067058439
000d7d20_4412,11737.970443188151
000d7d20_4413,11737.970826380531
000d7d20_4414,11737.979394622176
000d7d20_4415,11737.976770125904
000d7d20_4416,11737.965208092493
000d7d20_4417,11737.956512745395
000d7d20_4418,11737.947112119113
000d7d20_4419,11737.952526507928
000d7d20_4420,11737.94826996456
000d7d20_4421,11737.95002024378
000d7d20_4422,11737.950398707633
000d7d20_4423,11737.949800272407
000d7d20_4424,11737.959692630371
000d7d20_4425,11737.96772777856
000d7d20_4426,11737.978617895444
000d7d20_4427,11737.982625586947
000d7d20_4428,11737.991435952223
000d7d20_4429,11738.006313338325
000d7d20_4430,11738.02288754038
000d7d20_4431,11738.029144206377
000d7d20_4432,11738.03614197507
000d7d20_4433,11738.051248753967
000d7d20_4434,11738.057067102294
000d7d20_4435,11738.063838617367
000d7d20_4436,11738.117370031105
000d7d20_4437,11738.129634590254
000d7d20_4438,11738.129066864329
000d7d20_4439,11738.141098334781
000d7d20_4440,11738.139934131343
000d7d20_4441,11738.149937909557
000d7d20_4442,11738.150355599164
000d7d20_4443,11738.162552457468
000d7d20_4444,11738.173373000407
000d7d20_4445,11738.189496814748
000d7d20_4446,11738.193212078226
000d7d20_4447,11738.190316112114
000d7d20_4448,11738.187215629043
000d7d20_4449,11738.182612304012
000d7d20_4450,11738.186674402888
000d7d20_4451,11738.184284524741
000d7d20_4452,11738.18879396247
000d7d20_4453,11738.184323356254
000d7d20_4454,11738.189145424942
000d7d20_4455,11738.185556437633
000d7d20_4456,11738.200051197287
000d7d20_4457,11738.192504045508
000d7d20_4458,11738.20070909021
000d7d20_4459,11738.20159178575
000d7d20_4460,11738.207553239336
000d7d20_4461,11738.205054874532
000d7d20_4462,11738.223173379758
000d7d20_4463,11738.218167670711
000d7d20_4464,11738.222084247362
000d7d20_4465,11738.217539129182
000d7d20_4466,11738.313189055316
000d7d20_4467,11738.324116083331
000d7d20_4468,11738.330897352585
000d7d20_4469,11738.33186268976
000d7d20_4470,11738.33666517458
000d7d20_4471,11738.344191018969
000d7d20_4472,11738.346975516892
000d7d20_4473,11738.352202331982
000d7d20_4474,11738.347437626202
000d7d20_4475,11738.357472143676
000d7d20_4476,11738.364871189919
000d7d20_4477,11738.372695752965
000d7d20_4478,11738.365651827637
000d7d20_4479,11738.372188958534
000d7d20_4480,11738.370719378845
000d7d20_4481,11738.373184516058
000d7d20_4482,11738.365862429771
000d7d20_4483,11738.373799258938
000d7d20_4484,11738.373827989919
000d7d20_4485,11738.379795464678
000d7d20_4486,11738.385722610554
000d7d20_4487,11738.379617441806
000d7d20_4488,11738.390322111783
000d7d20_4489,11738.386156183524
000d7d20_4490,11738.392429818625
000d7d20_4491,11738.387229613032
000d7d20_4492,11738.391917007146
000d7d20_4493,11738.387706084151
000d7d20_4494,11738.391423514955
000d7d20_4495,11738.383861632932
000d7d20_4496,11738.37035495286
000d7d20_4497,11738.364071358392
000d7d20_4498,11738.366028545213
000d7d20_4499,11738.372219609715
000d7d20_4500,11738.376030675216
000d7d20_4501,11738.376626960215
000d7d20_4502,11738.388585159104
000d7d20_4503,11738.382495446085
000d7d20_4504,11738.382938553576
000d7d20_4505,11738.383619251848
000d7d20_4506,11738.385590290587
000d7d20_4507,11738.39203613275
000d7d20_4508,11738.380820531613
000d7d20_4509,11738.38302226136
000d7d20_4510,11738.380975879445
000d7d20_4511,11738.386718343141
000d7d20_4512,11738.391130635235
000d7d20_4513,11738.38266684853
000d7d20_4514,11738.38774431726
000d7d20_4515,11738.38228912853
000d7d20_4516,11738.383219054713
000d7d20_4517,11738.411630865265
000d7d20_4518,11738.426483512616
000d7d20_4519,11738.42834618267
000d7d20_4520,11738.428111217368
000d7d20_4521,11738.433161350009
000d7d20_4522,11738.429202513254
000d7d20_4523,11738.44078822123
000d7d20_4524,11738.44467386626
000d7d20_4525,11738.446056896464
000d7d20_4526,11738.436840878057
000d7d20_4527,11738.438311223272
000d7d20_4528,11738.446353200407
000d7d20_4529,11738.44933715831
000d7d20_4530,11738.443138567125
000d7d20_4531,11738.440204092209
000d7d20_4532,11738.443580327716
000d7d20_4533,11738.44488913758
000d7d20_4534,11738.448766029922
000d7d20_4535,11738.452598985983
000d7d20_4536,11738.458322930015
000d7d20_4537,11738.4499790939
000d7d20_4538,11738.451829838808
000d7d20_4539,11738.45368691085
000d7d20_4540,11738.457552699256
000d7d20_4541,11738.45951223504
000d7d20_4542,11738.459490561552
000d7d20_4543,11738.461087876054
000d7d20_4544,11738.467609987294
000d7d20_4545,11738.475680474561
000d7d20_4546,11738.471254123311
000d7d20_4547,11738.47506571418
000d7d20_4548,11738.472997745677
000d7d20_4549,11738.476935547771
000d7d20_4550,11738.475526410502
000d7d20_4551,11738.485045713127
000d7d20_4552,11738.486231102135
000d7d20_4553,11738.500162467002
000d7d20_4554,11738.500690922629
000d7d20_4555,11738.507813672211
000d7d20_4556,11738.502893744764
000d7d20_4557,11738.508334850525
000d7d20_4558,11738.514587852098
000d7d20_4559,11738.5187308403
000d7d20_4560,11738.52423983818
000d7d20_4561,11738.528731626024
000d7d20_4562,11738.523503543445
000d7d20_4563,11738.530809882264
000d7d20_4564,11738.532814596032
000d7d20_4565,11738.522919765443
000d7d20_4566,11738.533927968703
000d7d20_4567,11738.514394205187
000d7d20_4568,11738.514443511107
000d7d20_4569,11738.587926533964
000d7d20_4570,11738.592139054912
000d7d20_4571,11738.594319105088
000d7d20_4572,11738.60732098128
000d7d20_4573,11738.6093641511
000d7d20_4574,11738.615012893297
000d7d20_4575,11738.608034066918
000d7d20_4576,11738.617537081354
000d7d20_4577,11738.624511676695
000d7d20_4578,11738.63562470852
000d7d20_4579,11738.638878149668
000d7d20_4580,11738.652150291753
000d7d20_4581,11738.653162439598
000d7d20_4582,11738.655934970951
000d7d20_4583,11738.66553594256
000d7d20_4584,11738.670808918152
000d7d20_4585,11738.67295471096
000d7d20_4586,11738.673922421745
000d7d20_4587,11738.680033928209
000d7d20_4588,11738.682113731065
000d7d20_4589,11738.695099018774
000d7d20_4590,11738.691622588922
000d7d20_4591,11738.698752057608
000d7d20_4592,11738.696324294866
000d7d20_4593,11738.703467533904
000d7d20_4594,11738.710443706888
000d7d20_4595,11738.710031408888
000d7d20_4596,11738.723158260585
000d7d20_4597,11738.722240811327
000d7d20_4598,11738.735269779812
000d7d20_4599,11738.73717225287
000d7d20_4600,11738.74317274426
000d7d20_4601,11738.746157492918
000d7d20_4602,11738.756747952084
000d7d20_4603,11738.75997316487
000d7d20_4604,11738.766641444176
000d7d20_4605,11738.76095238559
000d7d20_4606,11738.761501623672
000d7d20_4607,11738.767979089287
000d7d20_4608,11738.76643525394
000d7d20_4609,11738.771934383842
000d7d20_4610,11738.772659233313
000d7d20_4611,11738.765933526616
000d7d20_4612,11738.778709717742
000d7d20_4613,11738.77428033348
000d7d20_4614,11738.771455093962
000d7d20_4615,11738.784019859952
000d7d20_4616,11738.780337422118
000d7d20_4617,11738.774890561772
000d7d20_4618,11738.795320666784
000d7d20_4619,11738.79688101095
000d7d20_4620,11738.799896890185
000d7d20_4621,11738.802333370422
000d7d20_4622,11738.799828459347
000d7d20_4623,11738.811749845654
000d7d20_4624,11738.803239545017
000d7d20_4625,11738.802413166224
000d7d20_4626,11738.804438981575
000d7d20_4627,11738.799825597434
000d7d20_4628,11738.804507093759
000d7d20_4629,11738.807833483292
000d7d20_4630,11738.804906725138
000d7d20_4631,11738.804301569005
000d7d20_4632,11738.8104568947
000d7d20_4633,11738.812758717428
000d7d20_4634,11738.810648045433
000d7d20_4635,11738.810427377422
000d7d20_4636,11738.820977539986
000d7d20_4637,11738.81849303235
000d7d20_4638,11738.820166590858
000d7d20_4639,11738.821990455217
000d7d20_4640,11738.821583448054
000d7d20_4641,11738.81083212916
000d7d20_4642,11738.809179000431
000d7d20_4643,11738.816306065368
000d7d20_4644,11738.821191554587
000d7d20_4645,11738.818676023157
000d7d20_4646,11738.811130546372
000d7d20_4647,11738.803259391398
000d7d20_4648,11738.80792193204
000d7d20_4649,11738.811471949666
000d7d20_4650,11738.811571615783
000d7d20_4651,11738.83205192471
000d7d20_4652,11738.847326350537
000d7d20_4653,11738.840131336237
000d7d20_4654,11738.841361724059
000d7d20_4655,11738.829557315443
000d7d20_4656,11738.824270284185
000d7d20_4657,11738.803735090658
000d7d20_4658,11738.800937945085
000d7d20_4659,11738.796803770367
000d7d20_4660,11738.796818676388
000d7d20_4661,11738.793550691102
000d7d20_4662,11738.79301015566
000d7d20_4663,11738.79182414832
000d7d20_4664,11738.785439969775
000d7d20_4665,11738.780723169248
000d7d20_4666,11738.778202443615
000d7d20_4667,11738.761386902894
000d7d20_4668,11738.754171256334
000d7d20_4669,11738.745336794767
000d7d20_4670,11738.740114834744
000d7d20_4671,11738.734216184463
000d7d20_4672,11738.728375272138
000d7d20_4673,11738.722355997932
000d7d20_4674,11738.711252555722
000d7d20_4675,11738.700802489713
000d7d20_4676,11738.69383607652
000d7d20_4677,11738.684686582477
000d7d20_4678,11738.666749413704
000d7d20_4679,11738.658232309605
000d7d20_4680,11738.644891689986
000d7d20_4681,11738.62625522032
000d7d20_4682,11738.59959992928
000d7d20_4683,11738.575441752459
000d7d20_4684,11738.579764951406
000d7d20_4685,11738.569370253763
000d7d20_4686,11738.558900523598
000d7d20_4687,11738.561150895275
000d7d20_4688,11738.58088859225
000d7d20_4689,11738.588616856647
000d7d20_4690,11738.590053346716
000d7d20_4691,11738.590202104526
000d7d20_4692,11738.593837022403
000d7d20_4693,11738.591734853519
000d7d20_4694,11738.59679180683
000d7d20_4695,11738.598705469332
000d7d20_4696,11738.584497833956
000d7d20_4697,11738.585533119915
000d7d20_4698,11738.600418593363
000d7d20_4699,11738.609123342538
000d7d20_4700,11738.59912710407
000d7d20_4701,11738.599181983858
000d7d20_4702,11738.603335864866
000d7d20_4703,11738.68360350316
000d7d20_4704,11738.68548300265
000d7d20_4705,11738.705352187048
000d7d20_4706,11738.7490049103
000d7d20_4707,11738.764023776976
000d7d20_4708,11738.770677836108
000d7d20_4709,11738.796261866368
000d7d20_4710,11738.818147751874
000d7d20_4711,11738.836421468217
000d7d20_4712,11738.850191255284
000d7d20_4713,11738.871137364571
000d7d20_4714,11738.880626993316
000d7d20_4715,11738.890315028748
000d7d20_4716,11738.899355759066
000d7d20_4717,11738.910385262961
000d7d20_4718,11738.917445353201
000d7d20_4719,11738.927102933047
000d7d20_4720,11738.934481636534
000d7d20_4721,11738.93715674387
000d7d20_4722,11738.947715434824
000d7d20_4723,11738.95281275887
000d7d20_4724,11738.95919315123
000d7d20_4725,11738.964633581236
000d7d20_4726,11738.968025535516
000d7d20_4727,11738.972828333643
000d7d20_4728,11738.977416826332
000d7d20_4729,11738.987816471277
000d7d20_4730,11738.98871971911
000d7d20_4731,11738.993156965826
000d7d20_4732,11738.99715967924
000d7d20_4733,11738.999567323393
000d7d20_4734,11739.003128306795
000d7d20_4735,11739.00189088969
000d7d20_4736,11738.993306435172
000d7d20_4737,11739.003789669496
000d7d20_4738,11738.979128895464
000d7d20_4739,11738.917899516919
000d7d20_4740,11738.97236046738
000d7d20_4741,11738.980322944484
000d7d20_4742,11738.977092710973
000d7d20_4743,11738.940246069244
000d7d20_4744,11738.941244603568
000d7d20_4745,11738.92375502329
000d7d20_4746,11738.850178412908
000d7d20_4747,11738.90455511209
000d7d20_4748,11738.820058347932
000d7d20_4749,11738.799739581224
000d7d20_4750,11738.83986344429
000d7d20_4751,11738.84761487071
000d7d20_4752,11738.748012711661
000d7d20_4753,11738.73925132282
000d7d20_4754,11738.779456840595
000d7d20_4755,11738.713726207185
000d7d20_4756,11738.690332989394
000d7d20_4757,11738.735026017528
000d7d20_4758,11738.724221884177
000d7d20_4759,11738.721927970691
000d7d20_4760,11738.639260431552
000d7d20_4761,11738.611446572015
000d7d20_4762,11738.594811651616
000d7d20_4763,11738.575052993903
000d7d20_4764,11738.571610580273
000d7d20_4765,11738.562525850528
000d7d20_4766,11738.624664702185
000d7d20_4767,11738.606687332212
000d7d20_4768,11738.545173466724
000d7d20_4769,11738.533728943812
000d7d20_4770,11738.529570506651
000d7d20_4771,11738.52222494586
000d7d20_4772,11738.561294811101
000d7d20_4773,11738.559395857366
000d7d20_4774,11738.559204032175
000d7d20_4775,11738.548229564494
000d7d20_4776,11738.492913298523
000d7d20_4777,11738.486572790285
000d7d20_4778,11738.533478530551
000d7d20_4779,11738.540407328139
000d7d20_4780,11738.547946328581
000d7d20_4781,11738.547493414815
000d7d20_4782,11738.53933307117
000d7d20_4783,11738.516647659144
000d7d20_4784,11738.527987857391
000d7d20_4785,11738.536925059709
000d7d20_4786,11738.53254918961
000d7d20_4787,11738.535905537683
000d7d20_4788,11738.533173900143
000d7d20_4789,11738.533925061802
000d7d20_4790,11738.54018127525
000d7d20_4791,11738.527750279058
000d7d20_4792,11738.527814302108
000d7d20_4793,11738.532984489526
000d7d20_4794,11738.524229657214
000d7d20_4795,11738.51750492258
000d7d20_4796,11738.521983486065
000d7d20_4797,11738.489508806777
000d7d20_4798,11738.472814519017
000d7d20_4799,11738.493445976635
000d7d20_4800,11738.51870396441
000d7d20_4801,11738.527909816967
000d7d20_4802,11738.532545180553
000d7d20_4803,11738.54196713587
000d7d20_4804,11738.538773589711
000d7d20_4805,11738.540026285824
000d7d20_4806,11738.545059100663
000d7d20_4807,11738.545594333278
000d7d20_4808,11738.545364038127
000d7d20_4809,11738.550023660853
000d7d20_4810,11738.547435535615
000d7d20_4811,11738.541482137203
000d7d20_4812,11738.549636567957
000d7d20_4813,11738.550496889113
000d7d20_4814,11738.555347527901
000d7d20_4815,11738.562946771815
000d7d20_4816,11738.564959030116
000d7d20_4817,11738.568243098809
000d7d20_4818,11738.58624206689
000d7d20_4819,11738.58618457445
000d7d20_4820,11738.589440545482
000d7d20_4821,11738.592919607814
000d7d20_4822,11738.610687890483
000d7d20_4823,11738.620798056229
000d7d20_4824,11738.62144030494
000d7d20_4825,11738.616578822772
000d7d20_4826,11738.633009317997
000d7d20_4827,11738.625945544929
000d7d20_4828,11738.638635058618
000d7d20_4829,11738.60086129962
000d7d20_4830,11738.576067522623
000d7d20_4831,11738.559774151738
000d7d20_4832,11738.568740267412
000d7d20_4833,11738.581405099325
000d7d20_4834,11738.611786072184
000d7d20_4835,11738.636434152118
000d7d20_4836,11738.651819245439
000d7d20_4837,11738.671094144554
000d7d20_4838,11738.693248319276
000d7d20_4839,11738.72381978902
000d7d20_4840,11738.74172912567
000d7d20_4841,11738.761395477733
000d7d20_4842,11738.780052895643
000d7d20_4843,11738.805212934116
000d7d20_4844,11738.81312736434
000d7d20_4845,11738.769179521178
000d7d20_4846,11738.791383580985
000d7d20_4847,11738.84641478356
000d7d20_4848,11738.8544694204
000d7d20_4849,11738.865001671462
000d7d20_4850,11738.874466039588
000d7d20_4851,11738.874335194903
000d7d20_4852,11738.875623273681
000d7d20_4853,11738.873970782908
000d7d20_4854,11738.856202652287
000d7d20_4855,11738.854354411546
000d7d20_4856,11738.851676974517
000d7d20_4857,11738.851372568744
000d7d20_4858,11738.791251599065
000d7d20_4859,11738.77034089956
000d7d20_4860,11738.758061032446
000d7d20_4861,11738.74498874236
000d7d20_4862,11738.730150461028
000d7d20_4863,11738.713741442107
000d7d20_4864,11738.710024966484
000d7d20_4865,11738.755080877449
000d7d20_4866,11738.692531792083
000d7d20_4867,11738.675886198118
000d7d20_4868,11738.668029446737
000d7d20_4869,11738.654819979536
000d7d20_4870,11738.694769454454
000d7d20_4871,11738.692765987633
000d7d20_4872,11738.688756879399
000d7d20_4873,11738.676870323983
000d7d20_4874,11738.659600667517
000d7d20_4875,11738.655471507656
000d7d20_4876,11738.649470227267
000d7d20_4877,11738.650195160528
000d7d20_4878,11738.645243828509
000d7d20_4879,11738.63588662838
000d7d20_4880,11738.628738009596
000d7d20_4881,11738.622686054063
000d7d20_4882,11738.611626227403
000d7d20_4883,11738.600853634922
000d7d20_4884,11738.53077163119
000d7d20_4885,11738.581486151663
000d7d20_4886,11738.587639088064
000d7d20_4887,11738.570572143215
000d7d20_4888,11738.497318073009
000d7d20_4889,11738.491429037644
000d7d20_4890,11738.48966944387
000d7d20_4891,11738.477340143903
000d7d20_4892,11738.464977726091
000d7d20_4893,11738.463905053834
000d7d20_4894,11738.45653659453
000d7d20_4895,11738.451516654706
000d7d20_4896,11738.444351293323
000d7d20_4897,11738.483403994458
000d7d20_4898,11738.432866182075
000d7d20_4899,11738.424732156733
000d7d20_4900,11738.414466521865
000d7d20_4901,11738.40822123812
000d7d20_4902,11738.402217740924
000d7d20_4903,11738.395940762746
000d7d20_4904,11738.396198116057
000d7d20_4905,11738.394077573275
000d7d20_4906,11738.388040320564
000d7d20_4907,11738.382535751667
000d7d20_4908,11738.377028491086
000d7d20_4909,11738.372793957884
000d7d20_4910,11738.371716866226
000d7d20_4911,11738.365820942858
000d7d20_4912,11738.369769118826
000d7d20_4913,11738.381986189475
000d7d20_4914,11738.37677977669
000d7d20_4915,11738.417762336949
000d7d20_4916,11738.420038211141
000d7d20_4917,11738.420297201928
000d7d20_4918,11738.420783462605
000d7d20_4919,11738.41875394914
000d7d20_4920,11738.409982716017
000d7d20_4921,11738.4057898237
000d7d20_4922,11738.353664103959
000d7d20_4923,11738.35008739342
000d7d20_4924,11738.35265678807
000d7d20_4925,11738.346240156923
000d7d20_4926,11738.347021181451
000d7d20_4927,11738.34481072094
000d7d20_4928,11738.343591283028
000d7d20_4929,11738.336454816832
000d7d20_4930,11738.331484944347
000d7d20_4931,11738.328258849402
000d7d20_4932,11738.32789676369
000d7d20_4933,11738.323591899403
000d7d20_4934,11738.342889738025
000d7d20_4935,11738.339628696456
000d7d20_4936,11738.329176134037
000d7d20_4937,11738.333180006779
000d7d20_4938,11738.327434930441
000d7d20_4939,11738.329513971277
000d7d20_4940,11738.339224780453
000d7d20_4941,11738.33543760354
000d7d20_4942,11738.330754190129
000d7d20_4943,11738.330476291881
000d7d20_4944,11738.334108156158
000d7d20_4945,11738.338495440736
000d7d20_4946,11738.335443801645
000d7d20_4947,11738.328896263954
000d7d20_4948,11738.33360555883
000d7d20_4949,11738.345804823612
000d7d20_4950,11738.349623336133
000d7d20_4951,11738.405536268541
000d7d20_4952,11738.402766437986
000d7d20_4953,11738.411165645357
000d7d20_4954,11738.363482355115
000d7d20_4955,11738.382068888823
000d7d20_4956,11738.412012398903
000d7d20_4957,11738.35683445085
000d7d20_4958,11738.368811622433
000d7d20_4959,11738.423053338469
000d7d20_4960,11738.438100523565
000d7d20_4961,11738.42981587748
000d7d20_4962,11738.442202856048
000d7d20_4963,11738.45716250982
000d7d20_4964,11738.446935553135
000d7d20_4965,11738.457679196243
000d7d20_4966,11738.45881487081
000d7d20_4967,11738.449098323106
000d7d20_4968,11738.447325466681
000d7d20_4969,11738.470412408762
000d7d20_4970,11738.475597583536
000d7d20_4971,11738.474078448287
000d7d20_4972,11738.485529980786
000d7d20_4973,11738.485686609827
000d7d20_4974,11738.498201972554
000d7d20_4975,11738.504805920877
000d7d20_4976,11738.504795928033
000d7d20_4977,11738.528023074548
000d7d20_4978,11738.531455144941
000d7d20_4979,11738.53621309713
000d7d20_4980,11738.537464721161
000d7d20_4981,11738.558947690375
000d7d20_4982,11738.580376325946
000d7d20_4983,11738.561995666929
000d7d20_4984,11738.589679870285
000d7d20_4985,11738.584011121839
000d7d20_4986,11738.596319830307
000d7d20_4987,11738.61164093577
000d7d20_4988,11738.594359027004
000d7d20_4989,11738.606656437421
000d7d20_4990,11738.61632525096
000d7d20_4991,11738.633646822216
000d7d20_4992,11738.643812020118
000d7d20_4993,11738.63988269494
000d7d20_4994,11738.649858895182
000d7d20_4995,11738.64485371763
000d7d20_4996,11738.649445716706
000d7d20_4997,11738.660639014157
000d7d20_4998,11738.677492406554
000d7d20_4999,11738.673850580184
000d7d20_5000,11738.687050738321
000d7d20_5001,11738.692206037074
000d7d20_5002,11738.686889481336
000d7d20_5003,11738.688174812229
000d7d20_5004,11738.69388006417
000d7d20_5005,11738.699636852296
000d7d20_5006,11738.706511083124
000d7d20_5007,11738.725484205528
000d7d20_5008,11738.737381581264
000d7d20_5009,11738.741871223736
000d7d20_5010,11738.7387861969
000d7d20_5011,11738.752279464743
000d7d20_5012,11738.7600124047
000d7d20_5013,11738.763718507073
000d7d20_5014,11738.785430847904
000d7d20_5015,11738.793019014542
000d7d20_5016,11738.81873596049
000d7d20_5017,11738.808708989924
000d7d20_5018,11738.800911941202
000d7d20_5019,11738.806315582568
000d7d20_5020,11738.815238117902
000d7d20_5021,11738.822993261378
000d7d20_5022,11738.821182237849
000d7d20_5023,11738.82090186225
000d7d20_5024,11738.816172390252
000d7d20_5025,11738.815105832076
000d7d20_5026,11738.817970774673
000d7d20_5027,11738.836285967376
000d7d20_5028,11738.82776604297
000d7d20_5029,11738.833175132044
000d7d20_5030,11738.841676962267
000d7d20_5031,11738.831530778729
000d7d20_5032,11738.838745964598
000d7d20_5033,11738.837219104
000d7d20_5034,11738.835217659589
000d7d20_5035,11738.85105296151
000d7d20_5036,11738.864982736279
000d7d20_5037,11738.867990719053
000d7d20_5038,11738.87670866851
000d7d20_5039,11738.889422932887
000d7d20_5040,11738.89542582711
000d7d20_5041,11738.913618985103
000d7d20_5042,11738.924713422417
000d7d20_5043,11738.93683191203
000d7d20_5044,11738.946863011064
000d7d20_5045,11738.944378265305
000d7d20_5046,11738.962029667357
000d7d20_5047,11738.975277608595
000d7d20_5048,11738.97300890889
000d7d20_5049,11739.001158855506
000d7d20_5050,11739.011029439778
000d7d20_5051,11739.012917342403
000d7d20_5052,11739.022648396547
000d7d20_5053,11739.029894812415
000d7d20_5054,11739.054130303295
000d7d20_5055,11739.064925258208
000d7d20_5056,11739.09070503509
000d7d20_5057,11739.108373083633
000d7d20_5058,11739.119134495904
000d7d20_5059,11739.150860357831
000d7d20_5060,11739.147991613785
000d7d20_5061,11739.149656633705
000d7d20_5062,11739.158580095833
000d7d20_5063,11739.171534105002
000d7d20_5064,11739.179669889647
000d7d20_5065,11739.192925177937
000d7d20_5066,11739.203407952835
000d7d20_5067,11739.237118395682
000d7d20_5068,11739.245297604311
000d7d20_5069,11739.236276401414
000d7d20_5070,11739.233907481666
000d7d20_5071,11739.248629619606
000d7d20_5072,11739.244879315369
000d7d20_5073,11739.248619847542
000d7d20_5074,11739.25210772437
000d7d20_5075,11739.25298060639
000d7d20_5076,11739.251457989209
000d7d20_5077,11739.249296787577
000d7d20_5078,11739.24572602858
000d7d20_5079,11739.240467030208
000d7d20_5080,11739.227551739335
000d7d20_5081,11739.209896724235
000d7d20_5082,11739.193704025613
000d7d20_5083,11739.184623715399
000d7d20_5084,11739.1732536234
000d7d20_5085,11739.159976204346
000d7d20_5086,11739.148326843804
000d7d20_5087,11739.13617754023
000d7d20_5088,11739.133297356087
000d7d20_5089,11739.120407302122
000d7d20_5090,11739.099343864027
000d7d20_5091,11739.085516361492
000d7d20_5092,11739.069583704177
000d7d20_5093,11739.055048311928
000d7d20_5094,11739.02685744742
000d7d20_5095,11739.01006927817
000d7d20_5096,11738.988145571155
000d7d20_5097,11738.97861849256
000d7d20_5098,11738.959425343119
000d7d20_5099,11738.947256467487
000d7d20_5100,11738.930807588098
000d7d20_5101,11738.908771915816
000d7d20_5102,11738.893701383586
000d7d20_5103,11738.884486960584
000d7d20_5104,11738.88171246683
000d7d20_5105,11738.853346825104
000d7d20_5106,11738.841983166207
000d7d20_5107,11738.826125496042
000d7d20_5108,11738.802723515957
000d7d20_5109,11738.788676823482
000d7d20_5110,11738.774144402636
000d7d20_5111,11738.753483127435
000d7d20_5112,11738.744033552188
000d7d20_5113,11738.740672930426
000d7d20_5114,11738.738950462412
000d7d20_5115,11738.720351334056
000d7d20_5116,11738.709486681144
000d7d20_5117,11738.70257283207
000d7d20_5118,11738.682641052408
000d7d20_5119,11738.658200688764
000d7d20_5120,11738.642732441043
000d7d20_5121,11738.629049722538
000d7d20_5122,11738.616812098406
000d7d20_5123,11738.616815881713
000d7d20_5124,11738.608243228864
000d7d20_5125,11738.595016902444
000d7d20_5126,11738.579662988097
000d7d20_5127,11738.57311313188
000d7d20_5128,11738.56787312682
000d7d20_5129,11738.584157079513
000d7d20_5130,11738.608270281402
000d7d20_5131,11738.624838014322
000d7d20_5132,11738.660951343798
000d7d20_5133,11738.692549380261
000d7d20_5134,11738.701601253433
000d7d20_5135,11738.703251367066
000d7d20_5136,11738.710813208723
000d7d20_5137,11738.733056901652
000d7d20_5138,11738.730716411193
000d7d20_5139,11738.73744378615
000d7d20_5140,11738.76908633298
000d7d20_5141,11738.780635279873
000d7d20_5142,11738.802411238543
000d7d20_5143,11738.825055014157
000d7d20_5144,11738.832079888049
000d7d20_5145,11738.859800756134
000d7d20_5146,11738.883396785282
000d7d20_5147,11738.910152969613
000d7d20_5148,11738.93322864485
000d7d20_5149,11738.952671351755
000d7d20_5150,11738.966189931742
000d7d20_5151,11738.97187818287
000d7d20_5152,11738.985565019928
000d7d20_5153,11738.991351938439
000d7d20_5154,11738.985557080881
000d7d20_5155,11738.988119258422
000d7d20_5156,11738.995970644686
000d7d20_5157,11739.029155012204
000d7d20_5158,11739.060235497524
000d7d20_5159,11739.067900728764
000d7d20_5160,11739.074887623048
000d7d20_5161,11739.097584370465
000d7d20_5162,11739.137343034434
000d7d20_5163,11739.14488297299
000d7d20_5164,11739.157784636434
000d7d20_5165,11739.169127908837
000d7d20_5166,11739.171323954368
000d7d20_5167,11739.182643278229
000d7d20_5168,11739.204586172753
000d7d20_5169,11739.233092685468
000d7d20_5170,11739.272584572
000d7d20_5171,11739.306407204422
000d7d20_5172,11739.344510541536
000d7d20_5173,11739.378172525407
000d7d20_5174,11739.403530621497
000d7d20_5175,11739.426153701434
000d7d20_5176,11739.43305484642
000d7d20_5177,11739.454158400113
000d7d20_5178,11739.465829567604
000d7d20_5179,11739.486683043997
000d7d20_5180,11739.498993071331
000d7d20_5181,11739.512871860843
000d7d20_5182,11739.532945480709
000d7d20_5183,11739.553812965429
000d7d20_5184,11739.563588624547
000d7d20_5185,11739.577579581124
000d7d20_5186,11739.596035861789
000d7d20_5187,11739.605525836412
000d7d20_5188,11739.621704998908
000d7d20_5189,11739.630892705914
000d7d20_5190,11739.642617264675
000d7d20_5191,11739.647390346563
000d7d20_5192,11739.658547919815
000d7d20_5193,11739.65356846454
000d7d20_5194,11739.665250864227
000d7d20_5195,11739.68402916009
000d7d20_5196,11739.695914219741
000d7d20_5197,11739.708354231045
000d7d20_5198,11739.709128739505
000d7d20_5199,11739.720017914957
000d7d20_5200,11739.721120062475
000d7d20_5201,11739.719329984055
000d7d20_5202,11739.726624079123
000d7d20_5203,11739.730980299077
000d7d20_5204,11739.73948920751
000d7d20_5205,11739.745081209476
000d7d20_5206,11739.754504586668
000d7d20_5207,11739.760868902129
000d7d20_5208,11739.769780384737
000d7d20_5209,11739.783615821278
000d7d20_5210,11739.776890680736
000d7d20_5211,11739.780316273265
000d7d20_5212,11739.7818726916
000d7d20_5213,11739.796980981413
000d7d20_5214,11739.78846062344
000d7d20_5215,11739.797432302177
000d7d20_5216,11739.820532678408
000d7d20_5217,11739.830922295796
000d7d20_5218,11739.850307237413
000d7d20_5219,11739.861802278485
000d7d20_5220,11739.87354504009
000d7d20_5221,11739.888868233054
000d7d20_5222,11739.911815828955
000d7d20_5223,11739.912368578922
000d7d20_5224,11739.925133935334
000d7d20_5225,11739.93019679492
000d7d20_5226,11739.941024568732
000d7d20_5227,11739.945197978548
000d7d20_5228,11739.951024155864
000d7d20_5229,11739.963473107455
000d7d20_5230,11739.96992764302
000d7d20_5231,11739.974011618013
000d7d20_5232,11739.978034496418
000d7d20_5233,11739.983539634863
000d7d20_5234,11739.99806233702
000d7d20_5235,11740.014069504572
000d7d20_5236,11740.022341140886
000d7d20_5237,11740.02873606808
000d7d20_5238,11740.03119684503
000d7d20_5239,11740.040180516526
000d7d20_5240,11740.05077507668
000d7d20_5241,11740.066088136033
000d7d20_5242,11740.073459085099
000d7d20_5243,11740.076447471423
000d7d20_5244,11740.08431374325
000d7d20_5245,11740.085370285467
000d7d20_5246,11740.086813415608
000d7d20_5247,11740.09112449743
000d7d20_5248,11740.0957973213
000d7d20_5249,11740.101163720843
000d7d20_5250,11740.103044325946
000d7d20_5251,11740.104409805215
000d7d20_5252,11740.111272093465
000d7d20_5253,11740.103306885305
000d7d20_5254,11740.104800722758
000d7d20_5255,11740.107354801708
000d7d20_5256,11740.116191985748
000d7d20_5257,11740.120104443125
000d7d20_5258,11740.12214841458
000d7d20_5259,11740.123645372096
000d7d20_5260,11740.119314478947
000d7d20_5261,11740.121873879629
000d7d20_5262,11740.131782885417
000d7d20_5263,11740.130365359551
000d7d20_5264,11740.144214643533
000d7d20_5265,11740.149935690766
000d7d20_5266,11740.154044446312
000d7d20_5267,11740.145800948234
000d7d20_5268,11740.148669224089
000d7d20_5269,11740.143210746905
000d7d20_5270,11740.13997632047
000d7d20_5271,11740.13764952011
000d7d20_5272,11740.140002543803
000d7d20_5273,11740.137595490181
000d7d20_5274,11740.151303794688
000d7d20_5275,11740.15812204056
000d7d20_5276,11740.151665299805
000d7d20_5277,11740.145722838563
00bbac68_1545,12223.783298205724
00bbac68_1546,12223.857796656068
00bbac68_1547,12223.959665437515
00bbac68_1548,12223.952007757925
00bbac68_1549,12224.056929140417
00bbac68_1550,12224.02295193538
00bbac68_1551,12224.08165263766
00bbac68_1552,12224.12008101976
00bbac68_1553,12224.181367693409
00bbac68_1554,12224.153723926645
00bbac68_1555,12224.177393016762
00bbac68_1556,12224.1916621676
00bbac68_1557,12224.204432269904
00bbac68_1558,12224.265638840858
00bbac68_1559,12224.278573987353
00bbac68_1560,12224.24926508007
00bbac68_1561,12224.313738050343
00bbac68_1562,12224.275466035237
00bbac68_1563,12224.311229655686
00bbac68_1564,12224.354495445292
00bbac68_1565,12224.361337301249
00bbac68_1566,12224.354533143787
00bbac68_1567,12224.38140533478
00bbac68_1568,12224.411340743034
00bbac68_1569,12224.425312624482
00bbac68_1570,12224.44475019248
00bbac68_1571,12224.462977659929
00bbac68_1572,12224.472167916712
00bbac68_1573,12224.492433584499
00bbac68_1574,12224.498410861866
00bbac68_1575,12224.512866204019
00bbac68_1576,12224.532532166637
00bbac68_1577,12224.561474006212
00bbac68_1578,12224.5778259416
00bbac68_1579,12224.565955469156
00bbac68_1580,12224.612301291707
00bbac68_1581,12224.632591713129
00bbac68_1582,12224.644199097103
00bbac68_1583,12224.643042723887
00bbac68_1584,12224.666845030215
00bbac68_1585,12224.678374070918
00bbac68_1586,12224.696969758934
00bbac68_1587,12224.717120352225
00bbac68_1588,12224.740134701016
00bbac68_1589,12224.751713742999
00bbac68_1590,12224.773800110208
00bbac68_1591,12224.880788098199
00bbac68_1592,12224.886212135261
00bbac68_1593,12224.87527280857
00bbac68_1594,12224.960975254711
00bbac68_1595,12224.97455912895
00bbac68_1596,12224.990183002255
00bbac68_1597,12225.043496370532
00bbac68_1598,12225.061949741927
00bbac68_1599,12225.086160399213
00bbac68_1600,12225.14471188017
00bbac68_1601,12225.164808129
00bbac68_1602,12225.172718236723
00bbac68_1603,12225.222231512962
00bbac68_1604,12225.220666141024
00bbac68_1605,12225.24779934615
00bbac68_1606,12225.287032587092
00bbac68_1607,12225.312092857323
00bbac68_1608,12225.322362148328
00bbac68_1609,12225.347419427373
00bbac68_1610,12225.384299963478
00bbac68_1611,12225.413732417885
00bbac68_1612,12225.447549734854
00bbac68_1613,12225.490563981713
00bbac68_1614,12225.544575887865
00bbac68_1615,12225.60824224119
00bbac68_1616,12225.656461681945
00bbac68_1617,12225.703259610898
00bbac68_1618,12225.745507974085
00bbac68_1619,12225.790692036775
00bbac68_1620,12225.8303709492
00bbac68_1621,12225.862167594743
00bbac68_1622,12225.949647295422
00bbac68_1623,12225.978414328938
00bbac68_1624,12226.026163170116
00bbac68_1625,12226.071798425502
00bbac68_1626,12226.10648000121
00bbac68_1627,12226.132723144266
00bbac68_1628,12226.150154191471
00bbac68_1629,12226.14927483584
00bbac68_1630,12226.157488656812
00bbac68_1631,12226.181764738421
00bbac68_1632,12226.168384743385
00bbac68_1633,12226.124600319848
00bbac68_1634,12226.155744794522
00bbac68_1635,12226.165859109535
00bbac68_1636,12226.234577856958
00bbac68_1637,12226.212219500587
00bbac68_1638,12226.191432603662
00bbac68_1639,12226.207082857447
00bbac68_1640,12226.132344082627
00bbac68_1641,12226.209596953488
00bbac68_1642,12226.158776236305
00bbac68_1643,12226.1076621772
00bbac68_1644,12226.087373271184
00bbac68_1645,12226.058475695585
00bbac68_1646,12226.134878543711
00bbac68_1647,12226.10696827891
00bbac68_1648,12226.054279563667
00bbac68_1649,12226.066443688314
00bbac68_1650,12226.058647621297
00bbac68_1651,12226.155199012212
00bbac68_1652,12226.316712812812
00bbac68_1653,12226.268311823047
00bbac68_1654,12226.228276993079
00bbac68_1655,12226.146558948012
00bbac68_1656,12225.991337446287
00bbac68_1657,12226.041460121618
00bbac68_1658,12226.008160189927
00bbac68_1659,12226.045282956678
00bbac68_1660,12226.039030295316
00bbac68_1661,12226.091936281624
00bbac68_1662,12226.084068573515
00bbac68_1663,12226.158448255352
00bbac68_1664,12226.152987102549
00bbac68_1665,12226.11992522837
00bbac68_1666,12226.11704110357
00bbac68_1667,12226.148852042767
00bbac68_1668,12226.167843107873
00bbac68_1669,12226.127325126337
00bbac68_1670,12226.125561555978
00bbac68_1671,12226.105202821112
00bbac68_1672,12226.095788957828
00bbac68_1673,12226.073847440342
00bbac68_1674,12226.06287317046
00bbac68_1675,12226.107747681865
00bbac68_1676,12226.090461712161
00bbac68_1677,12226.056866248187
00bbac68_1678,12226.006656223557
00bbac68_1679,12225.975508733116
00bbac68_1680,12226.006167844407
00bbac68_1681,12226.023188334504
00bbac68_1682,12226.01011517895
00bbac68_1683,12226.033176876346
00bbac68_1684,12226.060068823634
00bbac68_1685,12226.082362429595
00bbac68_1686,12226.09514982154
00bbac68_1687,12226.116877028468
00bbac68_1688,12226.131090170442
00bbac68_1689,12226.1475597285
00bbac68_1690,12226.145749333538
00bbac68_1691,12226.16940661405
00bbac68_1692,12226.195867458562
00bbac68_1693,12226.238319148211
00bbac68_1694,12226.266237659398
00bbac68_1695,12226.26782979749
00bbac68_1696,12226.263860463885
00bbac68_1697,12226.27800122475
00bbac68_1698,12226.333082810213
00bbac68_1699,12226.39274913861
00bbac68_1700,12226.462533925442
00bbac68_1701,12226.51450723357
00bbac68_1702,12226.55563571423
00bbac68_1703,12226.605920288746
00bbac68_1704,12226.638032365128
00bbac68_1705,12226.684124957736
00bbac68_1706,12226.749742598084
00bbac68_1707,12226.85273588745
00bbac68_1708,12226.936050075388
00bbac68_1709,12226.948028400539
00bbac68_1710,12226.941055332407
00bbac68_1711,12226.933605042745
00bbac68_1712,12226.959600365271
00bbac68_1713,12226.992602893792
00bbac68_1714,12227.050342279432
00bbac68_1715,12227.084672933463
00bbac68_1716,12227.058896596416
00bbac68_1717,12227.07478584637
00bbac68_1718,12227.197727740537
00bbac68_1719,12227.230898658181
00bbac68_1720,12227.173180357879
00bbac68_1721,12227.096073606815
00bbac68_1722,12227.04718175353
00bbac68_1723,12226.95933074487
00bbac68_1724,12226.989887256865
00bbac68_1725,12226.994580671442
00bbac68_1726,12227.020949568403
00bbac68_1727,12227.008469246866
00bbac68_1728,12226.965882626175
00bbac68_1729,12226.935706257098
00bbac68_1730,12226.950923560624
00bbac68_1731,12226.949794254166
00bbac68_1732,12226.996711781612
00bbac68_1733,12227.090055676766
00bbac68_1734,12227.12980052584
00bbac68_1735,12227.18073548402
00bbac68_1736,12227.252043856372
00bbac68_1737,12227.44961531182
00bbac68_1738,12227.483016116907
00bbac68_1739,12227.46709955742
00bbac68_1740,12227.283144799248
00bbac68_1741,12226.841811035605
00bbac68_1742,12226.642899664344
00bbac68_1743,12226.693139069843
00bbac68_1744,12226.678228949248
00bbac68_1745,12226.759729039813
00bbac68_1746,12226.752663569485
00bbac68_1747,12226.730073548038
00bbac68_1748,12226.732795151996
00bbac68_1749,12226.762552741166
00bbac68_1750,12226.77399763968
00bbac68_1751,12226.818897039177
00bbac68_1752,12226.86891755788
00bbac68_1753,12226.916982936018
00bbac68_1754,12226.9937112282
00bbac68_1755,12227.09867646262
00bbac68_1756,12227.124000078215
00bbac68_1757,12227.232728355311
00bbac68_1758,12227.228751986318
00bbac68_1759,12227.27898159718
00bbac68_1760,12227.38899509728
00bbac68_1761,12227.446836870164
00bbac68_1762,12227.495309682166
00bbac68_1763,12227.54564664564
00bbac68_1764,12227.598272904794
00bbac68_1765,12227.607661481188
00bbac68_1766,12227.54695447268
00bbac68_1767,12227.357969385275
00bbac68_1768,12227.37892124402
00bbac68_1769,12227.338588582465
00bbac68_1770,12227.338336581051
00bbac68_1771,12227.40628805714
00bbac68_1772,12227.498653408264
00bbac68_1773,12227.501930478275
00bbac68_1774,12227.483245891555
00bbac68_1775,12227.518702374926
00bbac68_1776,12227.537764963683
00bbac68_1777,12227.523790862007
00bbac68_1778,12227.56888809082
00bbac68_1779,12227.586269470112
00bbac68_1780,12227.605944293127
00bbac68_1781,12227.696879440995
00bbac68_1782,12227.73433414162
00bbac68_1783,12227.750933482672
00bbac68_1784,12227.763378276784
00bbac68_1785,12227.786541973546
00bbac68_1786,12227.801701434611
00bbac68_1787,12227.823976141279
00bbac68_1788,12227.833800145096
00bbac68_1789,12227.83470827444
00bbac68_1790,12227.810508232506
00bbac68_1791,12227.844875109688
00bbac68_1792,12227.851269638499
00bbac68_1793,12227.861757584438
00bbac68_1794,12227.875737979753
00bbac68_1795,12227.89955463718
00bbac68_1796,12227.931936671792
00bbac68_1797,12227.954231207128
00bbac68_1798,12227.949535265318
00bbac68_1799,12227.923677558958
00bbac68_1800,12227.886058422046
00bbac68_1801,12227.874278997388
00bbac68_1802,12227.865058879202
00bbac68_1803,12227.857224378744
00bbac68_1804,12227.873322232392
00bbac68_1805,12227.866562205161
00bbac68_1806,12227.834937997568
00bbac68_1807,12227.857669893801
00bbac68_1808,12227.831771139736
00bbac68_1809,12227.811048168469
00bbac68_1810,12227.795577916526
00bbac68_1811,12227.797405477695
00bbac68_1812,12227.784773363112
00bbac68_1813,12227.770090216813
00bbac68_1814,12227.8014423917
00bbac68_1815,12227.801757491301
00bbac68_1816,12227.822994792688
00bbac68_1817,12227.816377827643
00bbac68_1818,12227.811200836455
00bbac68_1819,12227.88056289533
00bbac68_1820,12227.882351942193
00bbac68_1821,12227.854979540454
00bbac68_1822,12227.830910976407
00bbac68_1823,12227.827812226742
00bbac68_1824,12227.822774539512
00bbac68_1825,12227.809290848794
00bbac68_1826,12227.825116691392
00bbac68_1827,12227.8453398928
00bbac68_1828,12227.851045517831
00bbac68_1829,12227.845872672497
00bbac68_1830,12227.843086907393
00bbac68_1831,12227.865633518282
00bbac68_1832,12227.890259552043
00bbac68_1833,12227.882568936144
00bbac68_1834,12227.87990708588
00bbac68_1835,12227.893127558817
00bbac68_1836,12227.906812597528
00bbac68_1837,12227.87842174447
00bbac68_1838,12227.832126148387
00bbac68_1839,12227.814299410988
00bbac68_1840,12227.86709282489
00bbac68_1841,12227.887651303816
00bbac68_1842,12227.904708634058
00bbac68_1843,12227.916240097864
00bbac68_1844,12227.905428855041
00bbac68_1845,12227.90417241166
00bbac68_1846,12227.900642980274
00bbac68_1847,12227.902927805782
00bbac68_1848,12227.916038624964
00bbac68_1849,12227.928461442492
00bbac68_1850,12227.94321527511
00bbac68_1851,12227.942319339032
00bbac68_1852,12227.928171631063
00bbac68_1853,12227.94904318597
00bbac68_1854,12227.969644609428
00bbac68_1855,12227.993838965838
00bbac68_1856,12228.000994455178
00bbac68_1857,12228.000433766425
00bbac68_1858,12227.976595151846
00bbac68_1859,12227.981632763212
00bbac68_1860,12227.996662976413
00bbac68_1861,12228.001878646643
00bbac68_1862,12227.969886542647
00bbac68_1863,12227.94409543746
00bbac68_1864,12227.939555830046
00bbac68_1865,12227.957418721278
00bbac68_1866,12227.989339966241
00bbac68_1867,12228.008590779154
00bbac68_1868,12228.011818132652
00bbac68_1869,12227.995568626298
00bbac68_1870,12227.979166391928
00bbac68_1871,12227.997370488152
00bbac68_1872,12228.021705605033
00bbac68_1873,12228.033428990104
00bbac68_1874,12228.05465660221
00bbac68_1875,12228.054694009641
00bbac68_1876,12228.05314315231
00bbac68_1877,12228.052670201923
00bbac68_1878,12228.050311641744
00bbac68_1879,12228.054247987697
00bbac68_1880,12228.063031753094
00bbac68_1881,12228.066270178977
00bbac68_1882,12228.081073897756
00bbac68_1883,12228.112295785453
00bbac68_1884,12228.172829404135
00bbac68_1885,12228.211813400345
00bbac68_1886,12228.229559290081
00bbac68_1887,12228.236963654355
00bbac68_1888,12228.232112261965
00bbac68_1889,12228.231053735482
00bbac68_1890,12228.238269562178
00bbac68_1891,12228.211659524197
00bbac68_1892,12228.148214057843
00bbac68_1893,12228.143527363067
00bbac68_1894,12228.175146549229
00bbac68_1895,12228.19237535083
00bbac68_1896,12228.191561129459
00bbac68_1897,12228.166483651183
00bbac68_1898,12228.130532446368
00bbac68_1899,12228.109359111082
00bbac68_1900,12228.112525033914
00bbac68_1901,12228.111011336856
00bbac68_1902,12228.091423526386
00bbac68_1903,12228.058062817556
00bbac68_1904,12228.069541549916
00bbac68_1905,12228.0777908258
00bbac68_1906,12228.085857294463
00bbac68_1907,12228.128278785156
00bbac68_1908,12228.15716178691
00bbac68_1909,12228.165649224658
00bbac68_1910,12228.119319840336
00bbac68_1911,12227.957897209497
00bbac68_1912,12227.867168270028
00bbac68_1913,12227.784064012265
00bbac68_1914,12227.75725667965
00bbac68_1915,12227.763933166369
00bbac68_1916,12227.755165688211
00bbac68_1917,12227.745752634126
00bbac68_1918,12227.737593589032
00bbac68_1919,12227.757070157357
00bbac68_1920,12227.784549378312
00bbac68_1921,12227.80347561556
00bbac68_1922,12227.81020992399
00bbac68_1923,12227.80504310334
00bbac68_1924,12227.776084326664
00bbac68_1925,12227.780703162616
00bbac68_1926,12227.780622146442
00bbac68_1927,12227.790305659135
00bbac68_1928,12227.793071481545
00bbac68_1929,12227.792471403394
00bbac68_1930,12227.792074230025
00bbac68_1931,12227.765793521095
00bbac68_1932,12227.733957604487
00bbac68_1933,12227.712855572208
00bbac68_1934,12227.73700764978
00bbac68_1935,12227.783371827081
00bbac68_1936,12227.801567350083
00bbac68_1937,12227.804142445639
00bbac68_1938,12227.82020193276
00bbac68_1939,12227.828997739633
00bbac68_1940,12227.842481952448
00bbac68_1941,12227.85822714673
00bbac68_1942,12227.883745340345
00bbac68_1943,12227.900830843006
00bbac68_1944,12227.93540784717
00bbac68_1945,12227.950586987687
00bbac68_1946,12227.951428428223
00bbac68_1947,12227.9368921916
00bbac68_1948,12227.929296484508
00bbac68_1949,12227.928240088468
00bbac68_1950,12227.915494224564
00bbac68_1951,12227.906413918163
00bbac68_1952,12227.912409680868
00bbac68_1953,12227.926691167115
00bbac68_1954,12227.941880367454
00bbac68_1955,12227.980308165057
00bbac68_1956,12227.969814293749
00bbac68_1957,12227.967301664306
00bbac68_1958,12227.972278937887
00bbac68_1959,12227.967788450373
00bbac68_1960,12227.973893446846
00bbac68_1961,12227.988471138737
00bbac68_1962,12227.987289678156
00bbac68_1963,12227.989713013136
00bbac68_1964,12227.989898966794
00bbac68_1965,12227.989519639448
00bbac68_1966,12228.01014205828
00bbac68_1967,12228.02370796569
00bbac68_1968,12228.035861244549
00bbac68_1969,12228.026982099795
00bbac68_1970,12228.117006400444
00bbac68_1971,12228.104348662851
00bbac68_1972,12228.077913262841
00bbac68_1973,12228.073878757248
00bbac68_1974,12228.088294975243
00bbac68_1975,12228.112387376788
00bbac68_1976,12228.145256306409
00bbac68_1977,12228.18788920695
00bbac68_1978,12228.219970558097
00bbac68_1979,12228.248382163147
00bbac68_1980,12228.267595678237
00bbac68_1981,12228.288016727865
00bbac68_1982,12228.285910337416
00bbac68_1983,12228.26067809217
00bbac68_1984,12228.24122360217
00bbac68_1985,12228.225804758888
00bbac68_1986,12228.225926860207
00bbac68_1987,12228.264406469934
00bbac68_1988,12228.292330878588
00bbac68_1989,12228.308249645595
00bbac68_1990,12228.31009891755
00bbac68_1991,12228.287561040244
00bbac68_1992,12228.26330226367
00bbac68_1993,12228.260843306518
00bbac68_1994,12228.275355693717
00bbac68_1995,12228.279866354873
00bbac68_1996,12228.282448459318
00bbac68_1997,12228.291178611522
00bbac68_1998,12228.31424885635
00bbac68_1999,12228.349755820294
00bbac68_2000,12228.361649798115
00bbac68_2001,12228.357992921903
00bbac68_2002,12228.350088255314
00bbac68_2003,12228.376511990613
00bbac68_2004,12228.38724528378
00bbac68_2005,12228.36931459139
00bbac68_2006,12228.377610003557
00bbac68_2007,12228.388983233825
00bbac68_2008,12228.414840336223
00bbac68_2009,12228.30461020366
00bbac68_2010,12228.30097747391
00bbac68_2011,12228.317033293824
00bbac68_2012,12228.33171091901
00bbac68_2013,12228.31490352616
00bbac68_2014,12228.290763941583
00bbac68_2015,12228.304001248314
00bbac68_2016,12228.30030874259
00bbac68_2017,12228.303174720944
00bbac68_2018,12228.313717079103
00bbac68_2019,12228.323433090196
00bbac68_2020,12228.32669675571
00bbac68_2021,12228.201084410175
00bbac68_2022,12228.118732896304
00bbac68_2023,12228.022738585325
00bbac68_2024,12227.966507488552
00bbac68_2025,12228.15141467261
00bbac68_2026,12228.171451096308
00bbac68_2027,12228.206036537938
00bbac68_2028,12228.224164045512
00bbac68_2029,12228.234422251717
00bbac68_2030,12228.263708931809
00bbac68_2031,12228.28807481646
00bbac68_2032,12228.279476407113
00bbac68_2033,12228.265182899591
00bbac68_2034,12228.260231224482
00bbac68_2035,12228.25744710651
00bbac68_2036,12228.247291229509
00bbac68_2037,12228.241064246806
00bbac68_2038,12228.257764221822
00bbac68_2039,12228.273486719261
00bbac68_2040,12228.293177884247
00bbac68_2041,12228.320342024284
00bbac68_2042,12228.357702806046
00bbac68_2043,12228.362964846527
00bbac68_2044,12228.365897274864
00bbac68_2045,12228.362302343423
00bbac68_2046,12228.388264484865
00bbac68_2047,12228.382575416006
00bbac68_2048,12228.395733338906
00bbac68_2049,12228.398621824143
00bbac68_2050,12228.365311143245
00bbac68_2051,12228.362539200512
00bbac68_2052,12228.350450050762
00bbac68_2053,12228.354826078366
00bbac68_2054,12228.365322655905
00bbac68_2055,12228.38748204399
00bbac68_2056,12228.386931009078
00bbac68_2057,12228.381991986837
00bbac68_2058,12228.359013739087
00bbac68_2059,12228.331860451563
00bbac68_2060,12228.331717530027
00bbac68_2061,12228.334743349558
00bbac68_2062,12228.351190891844
00bbac68_2063,12228.36186893353
00bbac68_2064,12228.370631279675
00bbac68_2065,12228.36743499223
00bbac68_2066,12228.354360115392
00bbac68_2067,12228.34385284014
00bbac68_2068,12228.340173607865
00bbac68_2069,12228.33037048141
00bbac68_2070,12228.313173293025
00bbac68_2071,12228.286264281527
00bbac68_2072,12228.24989535255
00bbac68_2073,12228.184757638368
00bbac68_2074,12228.172372021469
00bbac68_2075,12228.17557878903
00bbac68_2076,12228.180621800446
00bbac68_2077,12228.182241718425
00bbac68_2078,12228.178848101961
00bbac68_2079,12228.17168385119
00bbac68_2080,12228.167547126324
00bbac68_2081,12228.201763939784
00bbac68_2082,12228.225020821017
00bbac68_2083,12228.216543606164
00bbac68_2084,12228.195794836114
00bbac68_2085,12228.191747599896
00bbac68_2086,12228.199828527937
00bbac68_2087,12228.199278310198
00bbac68_2088,12228.200438912394
00bbac68_2089,12228.210156070798
00bbac68_2090,12228.222333136731
00bbac68_2091,12228.232332507961
00bbac68_2092,12228.238525513249
00bbac68_2093,12228.281162048717
00bbac68_2094,12228.26307505407
00bbac68_2095,12228.22586654532
00bbac68_2096,12228.209161479765
00bbac68_2097,12228.195935147427
00bbac68_2098,12228.184770129918
00bbac68_2099,12228.199895948603
00bbac68_2100,12228.197705386943
00bbac68_2101,12228.204142997787
00bbac68_2102,12228.209815551994
00bbac68_2103,12228.223626179604
00bbac68_2104,12228.233765235518
00bbac68_2105,12228.25736878564
00bbac68_2106,12228.27800842501
00bbac68_2107,12228.300912254454
00bbac68_2108,12228.307532909737
00bbac68_2109,12228.30367660728
00bbac68_2110,12228.29140560829
00bbac68_2111,12228.263498343103
00bbac68_2112,12228.24419508631
00bbac68_2113,12228.20347366161
00bbac68_2114,12228.208836607677
00bbac68_2115,12228.209310496495
00bbac68_2116,12228.203628053268
00bbac68_2117,12228.193129600055
00bbac68_2118,12228.190509625223
00bbac68_2119,12228.188078550858
00bbac68_2120,12228.180675796344
00bbac68_2121,12228.179712050238
00bbac68_2122,12228.187259511029
00bbac68_2123,12228.206060077355
00bbac68_2124,12228.222210591992
00bbac68_2125,12228.225528116427
00bbac68_2126,12228.250261126908
00bbac68_2127,12228.268229684174
00bbac68_2128,12228.282603848327
00bbac68_2129,12228.293805431884
00bbac68_2130,12228.287656409955
00bbac68_2131,12228.270327329052
00bbac68_2132,12228.248096984586
00bbac68_2133,12228.252857916514
00bbac68_2134,12228.27217527165
00bbac68_2135,12228.259963082979
00bbac68_2136,12228.276539324479
00bbac68_2137,12228.26140954224
00bbac68_2138,12228.228669602
00bbac68_2139,12228.25534611956
00bbac68_2140,12228.287849218226
00bbac68_2141,12228.278976105665
00bbac68_2142,12228.273604729258
00bbac68_2143,12228.268009401385
00bbac68_2144,12228.271605634085
00bbac68_2145,12228.270377477027
00bbac68_2146,12228.259510594251
00bbac68_2147,12228.251677218503
00bbac68_2148,12228.249523301169
00bbac68_2149,12228.246875883244
00bbac68_2150,12228.242485967021
00bbac68_2151,12228.259005717977
00bbac68_2152,12228.283494216583
00bbac68_2153,12228.30450851731
00bbac68_2154,12228.318326097158
00bbac68_2155,12228.324227487929
00bbac68_2156,12228.337768676749
00bbac68_2157,12228.345307284842
00bbac68_2158,12228.36154224551
00bbac68_2159,12228.36825147536
00bbac68_2160,12228.37213109519
00bbac68_2161,12228.37786290281
00bbac68_2162,12228.36247567787
00bbac68_2163,12228.35324629662
00bbac68_2164,12228.366264137067
00bbac68_2165,12228.388619659883
00bbac68_2166,12228.402058355585
00bbac68_2167,12228.412629818684
00bbac68_2168,12228.413930933977
00bbac68_2169,12228.422953036621
00bbac68_2170,12228.419215110753
00bbac68_2171,12228.416147656852
00bbac68_2172,12228.410457918457
00bbac68_2173,12228.411868513931
00bbac68_2174,12228.407445756264
00bbac68_2175,12228.383656574444
00bbac68_2176,12228.367884148545
00bbac68_2177,12228.354045497581
00bbac68_2178,12228.345945467612
00bbac68_2179,12228.33556632957
00bbac68_2180,12228.332325493431
00bbac68_2181,12228.325338721612
00bbac68_2182,12228.314946759396
00bbac68_2183,12228.298756812414
00bbac68_2184,12228.293989828064
00bbac68_2185,12228.260103904558
00bbac68_2186,12228.252500102222
00bbac68_2187,12228.275211327888
00bbac68_2188,12228.2816500445
00bbac68_2189,12228.262893698513
00bbac68_2190,12228.227861125499
00bbac68_2191,12228.094409178415
00bbac68_2192,12227.998646411814
00bbac68_2193,12227.919920654243
00bbac68_2194,12228.000053158872
00bbac68_2195,12228.119303889694
00bbac68_2196,12228.265070789896
00bbac68_2197,12228.34273314613
00bbac68_2198,12228.391492622315
00bbac68_2199,12228.426888031754
00bbac68_2200,12228.44094761199
00bbac68_2201,12228.432827714623
00bbac68_2202,12228.369148805212
00bbac68_2203,12228.363592460577
00bbac68_2204,12228.37105923842
00bbac68_2205,12228.366342287194
00bbac68_2206,12228.323144696158
00bbac68_2207,12228.204987036614
00bbac68_2208,12228.153966055528
00bbac68_2209,12228.201798557413
00bbac68_2210,12228.215779072094
00bbac68_2211,12228.222591938986
00bbac68_2212,12228.220788595125
00bbac68_2213,12228.195588717195
00bbac68_2214,12228.198497884232
00bbac68_2215,12228.192946067787
00bbac68_2216,12228.060582573196
00bbac68_2217,12227.909910252358
00bbac68_2218,12227.777011158285
00bbac68_2219,12227.870796369616
00bbac68_2220,12227.854917932522
00bbac68_2221,12227.83120533733
00bbac68_2222,12227.826374811531
00bbac68_2223,12227.865262837537
00bbac68_2224,12227.907171353063
00bbac68_2225,12227.952154338704
00bbac68_2226,12227.98328359193
00bbac68_2227,12227.965943425526
00bbac68_2228,12227.979974131209
00bbac68_2229,12228.017572886773
00bbac68_2230,12228.044025963456
00bbac68_2231,12228.069958527227
00bbac68_2232,12228.115486186009
00bbac68_2233,12228.153607618176
00bbac68_2234,12228.19394982883
00bbac68_2235,12228.23182892886
00bbac68_2236,12228.264766977289
00bbac68_2237,12228.265253711248
00bbac68_2238,12228.246076073217
00bbac68_2239,12228.275170287567
00bbac68_2240,12228.276685159579
00bbac68_2241,12228.293013408582
00bbac68_2242,12228.32094758971
00bbac68_2243,12228.346568666013
00bbac68_2244,12228.356985312263
00bbac68_2245,12228.35938344504
00bbac68_2246,12228.350361747589
00bbac68_2247,12228.366018170866
00bbac68_2248,12228.374004057094
00bbac68_2249,12228.367833074917
00bbac68_2250,12228.370812402316
00bbac68_2251,12228.378572267138
00bbac68_2252,12228.383771268196
00bbac68_2253,12228.375995361632
00bbac68_2254,12228.383604138817
00bbac68_2255,12228.231406232611
00bbac68_2256,12228.206286096685
00bbac68_2257,12228.274855794583
00bbac68_2258,12228.295514474641
00bbac68_2259,12228.342848541512
00bbac68_2260,12228.388230869165
00bbac68_2261,12228.441006463258
00bbac68_2262,12228.471958624348
00bbac68_2263,12228.503156190209
00bbac68_2264,12228.507622167457
00bbac68_2265,12228.570663820896
00bbac68_2266,12228.627326377213
00bbac68_2267,12228.63660206103
00bbac68_2268,12228.650067053657
00bbac68_2269,12228.696616231942
00bbac68_2270,12228.772253755693
00bbac68_2271,12228.86958604088
00bbac68_2272,12229.010942194865
00bbac68_2273,12229.124650430123
00bbac68_2274,12229.245472748553
00bbac68_2275,12229.24388955083
00bbac68_2276,12229.051107312831
00bbac68_2277,12228.950635661931
00bbac68_2278,12229.078519427745
00bbac68_2279,12229.152596112224
00bbac68_2280,12229.162100654741
00bbac68_2281,12229.180945256045
00bbac68_2282,12229.196486912251
00bbac68_2283,12229.221987090597
00bbac68_2284,12229.250129081058
00bbac68_2285,12229.277824447605
00bbac68_2286,12229.312730569793
00bbac68_2287,12229.343783947661
00bbac68_2288,12229.367546072688
00bbac68_2289,12229.395420464069
00bbac68_2290,12229.41162690879
00bbac68_2291,12229.432729285563
00bbac68_2292,12229.45720259576
00bbac68_2293,12229.491216678893
00bbac68_2294,12229.528415077666
00bbac68_2295,12229.581917129468
00bbac68_2296,12229.587511671938
00bbac68_2297,12229.611660760122
00bbac68_2298,12229.65570322338
00bbac68_2299,12229.707135477609
00bbac68_2300,12229.766413630714
00bbac68_2301,12229.85512204615
00bbac68_2302,12229.933303220674
00bbac68_2303,12229.976351126625
00bbac68_2304,12229.979267437107
00bbac68_2305,12229.995669183332
00bbac68_2306,12230.004958320062
00bbac68_2307,12230.0031211905
00bbac68_2308,12229.99914643872
00bbac68_2309,12229.990473416248
00bbac68_2310,12229.953531279358
00bbac68_2311,12229.881424246048
00bbac68_2312,12229.780259041752
00bbac68_2313,12229.860429116621
00bbac68_2314,12229.95941390123
00bbac68_2315,12230.060227351
00bbac68_2316,12230.180387543154
00bbac68_2317,12230.203771324297
00bbac68_2318,12230.145671233246
00bbac68_2319,12230.024142578812
00bbac68_2320,12229.87165305555
00bbac68_2321,12229.66093769478
00bbac68_2322,12229.488789602448
00bbac68_2323,12229.319739191184
00bbac68_2324,12229.23475801207
00bbac68_2325,12229.188381326288
00bbac68_2326,12229.152473301678
00bbac68_2327,12229.134030180898
00bbac68_2328,12229.151065226808
00bbac68_2329,12229.164704071452
00bbac68_2330,12229.312146870181
00bbac68_2331,12229.483324956756
00bbac68_2332,12229.486284507642
00bbac68_2333,12229.288776862266
00bbac68_2334,12229.129548070487
00bbac68_2335,12229.003231868228
00bbac68_2336,12228.915744267442
00bbac68_2337,12228.863153904482
00bbac68_2338,12228.831344383309
00bbac68_2339,12228.821938058729
00bbac68_2340,12228.80672656132
00bbac68_2341,12228.803011875054
00bbac68_2342,12228.788700753226
00bbac68_2343,12228.778670398156
00bbac68_2344,12228.736702118646
00bbac68_2345,12228.74059058771
00bbac68_2346,12228.732387977816
00bbac68_2347,12228.731733396296
00bbac68_2348,12228.730482686668
00bbac68_2349,12228.730506809126
00bbac68_2350,12228.726593775242
00bbac68_2351,12228.723624233256
00bbac68_2352,12228.726596764238
00bbac68_2353,12228.726736524199
00bbac68_2354,12228.73767444117
00bbac68_2355,12228.727200969219
00bbac68_2356,12228.752270051087
00bbac68_2357,12228.749660788208
00bbac68_2358,12228.73634622987
00bbac68_2359,12228.744127184413
00bbac68_2360,12228.725636004487
00bbac68_2361,12228.72073558423
00bbac68_2362,12228.706668982508
00bbac68_2363,12228.724587087441
00bbac68_2364,12228.700683722811
00bbac68_2365,12228.67809871298
00bbac68_2366,12228.674269302046
00bbac68_2367,12228.663948497171
00bbac68_2368,12228.652255004803
00bbac68_2369,12228.641659750563
00bbac68_2370,12228.637049335268
00bbac68_2371,12228.628327999557
00bbac68_2372,12228.623333579304
00bbac68_2373,12228.623628392856
00bbac68_2374,12228.610478579256
00bbac68_2375,12228.598953352555
00bbac68_2376,12228.607580222275
00bbac68_2377,12228.594279206169
00bbac68_2378,12228.584338312188
00bbac68_2379,12228.576393228532
00bbac68_2380,12228.590486624773
00bbac68_2381,12228.549803709848
00bbac68_2382,12228.55423663122
00bbac68_2383,12228.544501669754
00bbac68_2384,12228.531549531326
00bbac68_2385,12228.548350790083
00bbac68_2386,12228.53412289482
00bbac68_2387,12228.517522547976
00bbac68_2388,12228.523433762472
00bbac68_2389,12228.495426168323
00bbac68_2390,12228.487233188253
00bbac68_2391,12228.501354651296
00bbac68_2392,12228.48506782833
00bbac68_2393,12228.476136715088
00bbac68_2394,12228.476173757861
00bbac68_2395,12228.463692875432
00bbac68_2396,12228.491311108177
00bbac68_2397,12228.480044208993
00bbac68_2398,12228.465134201553
00bbac68_2399,12228.494862943262
00bbac68_2400,12228.486989971174
00bbac68_2401,12228.4625722475
00bbac68_2402,12228.458744900123
00bbac68_2403,12228.44797984231
00bbac68_2404,12228.417595277977
00bbac68_2405,12228.400757438914
00bbac68_2406,12228.393353473222
00bbac68_2407,12228.401278015283
00bbac68_2408,12228.384030016356
00bbac68_2409,12228.367835019799
00bbac68_2410,12228.268101536247
00bbac68_2411,12228.133571920485
00bbac68_2412,12228.123825166205
00bbac68_2413,12228.165067879992
00bbac68_2414,12228.21911451456
00bbac68_2415,12228.308822776924
00bbac68_2416,12228.362241369523
00bbac68_2417,12228.351193177496
00bbac68_2418,12228.380486849506
00bbac68_2419,12228.397071445312
00bbac68_2420,12228.294671075046
00bbac68_2421,12228.228366218413
00bbac68_2422,12228.191002644313
00bbac68_2423,12228.197834508608
00bbac68_2424,12228.225323888195
00bbac68_2425,12228.244043208408
00bbac68_2426,12228.271002332933
00bbac68_2427,12228.302027128511
00bbac68_2428,12228.344275646501
00bbac68_2429,12228.359160790204
00bbac68_2430,12228.38126003566
00bbac68_2431,12228.38890046603
00bbac68_2432,12228.374056845303
00bbac68_2433,12228.385816871027
00bbac68_2434,12228.392713947947
00bbac68_2435,12228.399572631908
00bbac68_2436,12228.421640077295
00bbac68_2437,12228.431268619412
00bbac68_2438,12228.431321139093
00bbac68_2439,12228.46218396852
00bbac68_2440,12228.448010432625
00bbac68_2441,12228.435354546062
00bbac68_2442,12228.43041516679
00bbac68_2443,12228.444252026664
00bbac68_2444,12228.451898145826
00bbac68_2445,12228.401020253683
00bbac68_2446,12228.353562834458
00bbac68_2447,12228.245644436638
00bbac68_2448,12228.211317512962
00bbac68_2449,12228.107202034998
00bbac68_2450,12228.134311227552
00bbac68_2451,12228.22918202772
00bbac68_2452,12228.191334751606
00bbac68_2453,12228.172438015898
00bbac68_2454,12228.180205851306
00bbac68_2455,12228.214421763423
00bbac68_2456,12228.251737660108
00bbac68_2457,12228.279055665507
00bbac68_2458,12228.310956274756
00bbac68_2459,12228.347211826353
00bbac68_2460,12228.35807326145
00bbac68_2461,12228.385243508917
00bbac68_2462,12228.395767927455
00bbac68_2463,12228.41014545305
00bbac68_2464,12228.433872140227
00bbac68_2465,12228.465037859667
00bbac68_2466,12228.479249779657
00bbac68_2467,12228.514068328623
00bbac68_2468,12228.549666380173
00bbac68_2469,12228.56510579924
00bbac68_2470,12228.613336724819
00bbac68_2471,12228.63071066529
00bbac68_2472,12228.626377678362
00bbac68_2473,12228.605348429654
00bbac68_2474,12228.601789935146
00bbac68_2475,12228.63360710582
00bbac68_2476,12228.65823691386
00bbac68_2477,12228.706946130429
00bbac68_2478,12228.78839002698
00bbac68_2479,12228.872265977734
00bbac68_2480,12228.927956822245
00bbac68_2481,12228.965762764026
00bbac68_2482,12228.985095307666
00bbac68_2483,12228.994396712425
00bbac68_2484,12229.024136131004
00bbac68_2485,12229.06588070522
00bbac68_2486,12229.104632478671
00bbac68_2487,12229.143011943983
00bbac68_2488,12229.16761132495
00bbac68_2489,12229.184227104395
00bbac68_2490,12229.180088203571
00bbac68_2491,12229.255217039086
00bbac68_2492,12229.300931042213
00bbac68_2493,12229.395811623137
00bbac68_2494,12229.377926835205
00bbac68_2495,12229.308049990535
00bbac68_2496,12229.290471032444
00bbac68_2497,12229.251292571444
00bbac68_2498,12229.17600187398
00bbac68_2499,12229.15201333713
00bbac68_2500,12229.130696948216
00bbac68_2501,12229.108057274556
00bbac68_2502,12229.071679922814
00bbac68_2503,12229.033076190462
00bbac68_2504,12229.016685414437
00bbac68_2505,12228.975994941971
00bbac68_2506,12228.955177267937
00bbac68_2507,12228.897868261438
00bbac68_2508,12228.796835586458
00bbac68_2509,12228.811725543488
00bbac68_2510,12228.831773171683
00bbac68_2511,12228.852066833113
00bbac68_2512,12228.838178541351
00bbac68_2513,12228.815462095994
00bbac68_2514,12228.824136157526
00bbac68_2515,12228.812652244776
00bbac68_2516,12228.778701564344
00bbac68_2517,12228.800676062328
00bbac68_2518,12228.831895048681
00bbac68_2519,12228.86210898954
00bbac68_2520,12228.876215981958
00bbac68_2521,12228.871675419781
00bbac68_2522,12228.851985662423
00bbac68_2523,12228.86435823218
00bbac68_2524,12228.839142937322
00bbac68_2525,12228.847927464667
00bbac68_2526,12228.83502172117
00bbac68_2527,12228.730777160483
00bbac68_2528,12228.677469456172
00bbac68_2529,12228.685086953259
00bbac68_2530,12228.690249322324
00bbac68_2531,12228.683363669916
00bbac68_2532,12228.675329214342
00bbac68_2533,12228.61405903468
00bbac68_2534,12228.57840403388
00bbac68_2535,12228.58073689155
00bbac68_2536,12228.602550571833
00bbac68_2537,12228.583124846167
00bbac68_2538,12228.548729968752
00bbac68_2539,12228.490792811035
00bbac68_2540,12228.47667558301
00bbac68_2541,12228.480171286137
00bbac68_2542,12228.456859721526
00bbac68_2543,12228.439025339048
00bbac68_2544,12228.43547182865
00bbac68_2545,12228.408378102087
00bbac68_2546,12228.406874178143
00bbac68_2547,12228.401204102856
00bbac68_2548,12228.440968004212
00bbac68_2549,12228.42462598424
00bbac68_2550,12228.393545948536
00bbac68_2551,12228.375420329827
00bbac68_2552,12228.345080451896
00bbac68_2553,12228.370180238227
00bbac68_2554,12228.333046690143
00bbac68_2555,12228.275026987634
00bbac68_2556,12228.021004756854
00bbac68_2557,12227.83791195945
00bbac68_2558,12227.807967589784
00bbac68_2559,12227.807627669721
00bbac68_2560,12227.871530963013
00bbac68_2561,12227.874364830896
00bbac68_2562,12227.800177408408
00bbac68_2563,12227.763896137227
00bbac68_2564,12227.764196204587
00bbac68_2565,12227.79835771898
00bbac68_2566,12227.77168077464
00bbac68_2567,12227.739425792364
00bbac68_2568,12227.69354922047
00bbac68_2569,12227.697804341413
00bbac68_2570,12227.570021180241
00bbac68_2571,12227.507381241729
00bbac68_2572,12227.539291483099
00bbac68_2573,12227.576284582283
00bbac68_2574,12227.557921580621
00bbac68_2575,12227.558443060907
00bbac68_2576,12227.544362666762
00bbac68_2577,12227.564375842087
00bbac68_2578,12227.527661093789
00bbac68_2579,12227.542939817666
00bbac68_2580,12227.538100336842
00bbac68_2581,12227.569483589898
00bbac68_2582,12227.547648472264
00bbac68_2583,12227.5477153688
00bbac68_2584,12227.59541787301
00bbac68_2585,12227.580727668079
00bbac68_2586,12227.625022764621
00bbac68_2587,12227.576683813026
00bbac68_2588,12227.579563488876
00bbac68_2589,12227.578680217586
00bbac68_2590,12227.672031474438
00bbac68_2591,12227.817664680864
00bbac68_2592,12227.77174512037
00bbac68_2593,12227.805630908826
00bbac68_2594,12227.87258840251
00bbac68_2595,12227.869251815562
00bbac68_2596,12227.91951095769
00bbac68_2597,12227.954214863887
00bbac68_2598,12227.993672750192
00bbac68_2599,12227.984807189567
00bbac68_2600,12227.968312809468
00bbac68_2601,12227.971155194717
00bbac68_2602,12227.929921885645
00bbac68_2603,12227.93615815837
00bbac68_2604,12227.961240707691
00bbac68_2605,12227.928937548964
00bbac68_2606,12227.940473443543
00bbac68_2607,12227.965950540278
00bbac68_2608,12227.951817267345
00bbac68_2609,12227.952275521144
00bbac68_2610,12228.000971461388
00bbac68_2611,12228.065606688562
00bbac68_2612,12228.006021096626
00bbac68_2613,12228.015698967618
00bbac68_2614,12228.014320910033
00bbac68_2615,12228.06548157774
00bbac68_2616,12228.106151421176
00bbac68_2617,12228.067905804486
00bbac68_2618,12228.0746129114
00bbac68_2619,12228.124835235762
00bbac68_2620,12228.10953061957
00bbac68_2621,12228.117764451194
00bbac68_2622,12228.145940508268
00bbac68_2623,12228.116323916138
00bbac68_2624,12228.146670763377
00bbac68_2625,12228.153597919638
00bbac68_2626,12228.121406405027
00bbac68_2627,12228.155473974886
00bbac68_2628,12228.179269963612
00bbac68_2629,12228.132525021898
00bbac68_2630,12228.150136477116
00bbac68_2631,12228.166265686505
00bbac68_2632,12228.134803426845
00bbac68_2633,12228.176862418983
00bbac68_2634,12228.17609346246
00bbac68_2635,12228.138838249108
00bbac68_2636,12228.182548773324
00bbac68_2637,12228.134152283961
00bbac68_2638,12228.163974820465
00bbac68_2639,12228.195710269621
00bbac68_2640,12228.17646912944
00bbac68_2641,12228.19164623066
00bbac68_2642,12228.19061371298
00bbac68_2643,12228.114154635652
00bbac68_2644,12228.112220933392
00bbac68_2645,12228.070865701447
00bbac68_2646,12228.041952530255
00bbac68_2647,12228.080659626043
00bbac68_2648,12228.070683054808
00bbac68_2649,12228.118049197557
00bbac68_2650,12228.100554390374
00bbac68_2651,12228.128073319618
00bbac68_2652,12228.101999885077
00bbac68_2653,12228.11683618185
00bbac68_2654,12228.095330323344
00bbac68_2655,12228.11853672528
00bbac68_2656,12228.064411118312
00bbac68_2657,12228.044270763963
00bbac68_2658,12228.035978882692
00bbac68_2659,12228.016132739496
00bbac68_2660,12228.050744518005
00bbac68_2661,12228.029809965716
00bbac68_2662,12228.039646358422
00bbac68_2663,12228.013671991699
00bbac68_2664,12227.993105516787
00bbac68_2665,12228.021827233308
00bbac68_2666,12228.009983572454
00bbac68_2667,12227.971010598656
00bbac68_2668,12227.99072329073
00bbac68_2669,12227.982511290313
00bbac68_2670,12227.939753518616
00bbac68_2671,12227.95389333664
00bbac68_2672,12227.937165388033
00bbac68_2673,12227.9374502291
00bbac68_2674,12227.946504010712
00bbac68_2675,12227.951009108569
00bbac68_2676,12227.991718696314
00bbac68_2677,12228.005864359358
00bbac68_2678,12227.996829921365
00bbac68_2679,12227.963294651816
00bbac68_2680,12227.951054900528
00bbac68_2681,12227.942464995847
00bbac68_2682,12227.978144736213
00bbac68_2683,12227.97290300254
00bbac68_2684,12227.976574492863
00bbac68_2685,12227.969080430457
00bbac68_2686,12227.960169020816
00bbac68_2687,12227.957157688772
00bbac68_2688,12227.962789699108
00bbac68_2689,12227.98545775221
00bbac68_2690,12227.990361926684
00bbac68_2691,12228.01427156823
00bbac68_2692,12228.050042150471
00bbac68_2693,12228.05286054974
00bbac68_2694,12228.046644335605
00bbac68_2695,12228.052548638763
00bbac68_2696,12228.062399598766
00bbac68_2697,12228.054909090702
00bbac68_2698,12228.050026569934
00bbac68_2699,12228.049451191915
00bbac68_2700,12228.049065543539
00bbac68_2701,12228.047433847327
00bbac68_2702,12228.004111875332
00bbac68_2703,12228.009146862669
00bbac68_2704,12228.019979204042
00bbac68_2705,12227.98363102892
00bbac68_2706,12227.952902190133
00bbac68_2707,12227.943343995732
00bbac68_2708,12227.91323601711
00bbac68_2709,12227.910002313127
00bbac68_2710,12227.925248639145
00bbac68_2711,12227.932789792485
00bbac68_2712,12227.985284172624
00bbac68_2713,12227.996487181543
00bbac68_2714,12227.975115626139
00bbac68_2715,12227.967492863356
00bbac68_2716,12227.979707683673
00bbac68_2717,12227.974532088416
00bbac68_2718,12227.98038557225
00bbac68_2719,12227.963325376928
00bbac68_2720,12227.97108435454
00bbac68_2721,12227.96444761562
00bbac68_2722,12227.957969584635
00bbac68_2723,12227.970437412034
00bbac68_2724,12227.966401894939
00bbac68_2725,12227.9882784225
00bbac68_2726,12227.97718775714
00bbac68_2727,12227.992641791981
00bbac68_2728,12227.99018492295
00bbac68_2729,12227.988709570798
00bbac68_2730,12227.961615513068
00bbac68_2731,12227.98171329673
00bbac68_2732,12227.988480026384
00bbac68_2733,12227.959597164046
00bbac68_2734,12227.95152035022
00bbac68_2735,12227.949117569911
00bbac68_2736,12227.93878253061
00bbac68_2737,12227.923105145166
00bbac68_2738,12227.892897741487
00bbac68_2739,12227.877458096837
00bbac68_2740,12227.867742933118
00bbac68_2741,12227.875357071958
00bbac68_2742,12227.863993883777
00bbac68_2743,12227.837985777587
00bbac68_2744,12227.83503286193
00bbac68_2745,12227.85802415421
00bbac68_2746,12227.835053781962
00bbac68_2747,12227.820993405468
00bbac68_2748,12227.60127758815
00bbac68_2749,12227.343685486958
00bbac68_2750,12227.119543887851
00bbac68_2751,12226.96226680352
00bbac68_2752,12226.87238542145
00bbac68_2753,12226.820905610954
00bbac68_2754,12226.826178320303
00bbac68_2755,12226.806446136707
00bbac68_2756,12226.791963500178
00bbac68_2757,12226.772456614453
00bbac68_2758,12226.74081971753
00bbac68_2759,12226.72956949293
00bbac68_2760,12226.702619930596
00bbac68_2761,12226.620955410253
00bbac68_2762,12226.642280521066
00bbac68_2763,12226.63479512693
00bbac68_2764,12226.60830907391
00bbac68_2765,12226.570253867387
00bbac68_2766,12226.527383609104
00bbac68_2767,12226.51007547606
00bbac68_2768,12226.46638011327
00bbac68_2769,12226.423274136778
00bbac68_2770,12226.385326536485
00bbac68_2771,12226.35010477441
00bbac68_2772,12226.30878980512
00bbac68_2773,12226.250165418754
00bbac68_2774,12226.216158456287
00bbac68_2775,12226.174140857327
00bbac68_2776,12226.137157130046
00bbac68_2777,12226.105555219754
00bbac68_2778,12226.083315659815
00bbac68_2779,12226.049329859607
00bbac68_2780,12226.011614443216
00bbac68_2781,12225.961753268666
00bbac68_2782,12225.935514593497
00bbac68_2783,12225.889924787229
00bbac68_2784,12225.83895840067
00bbac68_2785,12225.812680429091
00bbac68_2786,12225.811046673589
00bbac68_2787,12225.779341033474
00bbac68_2788,12225.768243655028
00bbac68_2789,12225.739550743157
00bbac68_2790,12225.72765416652
00bbac68_2791,12225.702783540577
00bbac68_2792,12225.675155195777
00bbac68_2793,12225.673747767602
00bbac68_2794,12225.641010271298
00bbac68_2795,12225.606014310935
00bbac68_2796,12225.598798586414
00bbac68_2797,12225.600015203569
00bbac68_2798,12225.60604910546
00bbac68_2799,12225.596831675273
00bbac68_2800,12225.576763279789
00bbac68_2801,12225.543007173488
00bbac68_2802,12225.52151749308
00bbac68_2803,12225.466316146332
00bbac68_2804,12225.444749927125
00bbac68_2805,12225.420995311828
00bbac68_2806,12225.379196493333
00bbac68_2807,12225.35699198145
00bbac68_2808,12225.309410129004
00bbac68_2809,12225.27720715662
00bbac68_2810,12225.243452614297
00bbac68_2811,12225.222501824313
00bbac68_2812,12225.203732677193
00bbac68_2813,12225.173161617538
00bbac68_2814,12225.146373448053
00bbac68_2815,12225.112522654472
00bbac68_2816,12225.052842666939
00bbac68_2817,12225.032434580746
00bbac68_2818,12225.00121203174
00bbac68_2819,12224.971591360394
00bbac68_2820,12224.941408783392
00bbac68_2821,12224.906582736912
00bbac68_2822,12224.898465058022
00bbac68_2823,12224.873835953145
00bbac68_2824,12224.859084458007
00bbac68_2825,12224.831618318474
00bbac68_2826,12224.803320088817
00bbac68_2827,12224.787727908308
00bbac68_2828,12224.775102414467
00bbac68_2829,12224.718951869143
00bbac68_2830,12224.73025344466
00bbac68_2831,12224.686246675685
00bbac68_2832,12224.666890042019
00bbac68_2833,12224.646910999849
00bbac68_2834,12224.618410350999
00bbac68_2835,12224.611490004248
00bbac68_2836,12224.613586797048
00bbac68_2837,12224.60166779989
00bbac68_2838,12224.598689251914
00bbac68_2839,12224.579873262348
00bbac68_2840,12224.556196533982
00bbac68_2841,12224.554553377511
00bbac68_2842,12224.541527592068
00bbac68_2843,12224.521794948283
00bbac68_2844,12224.492312503222
00bbac68_2845,12224.466972843251
00bbac68_2846,12224.449871119152
00bbac68_2847,12224.439028602232
00bbac68_2848,12224.418087029873
00bbac68_2849,12224.420449425174
00bbac68_2850,12224.428992840229
00bbac68_2851,12224.430872072693
00bbac68_2852,12224.45778671717
00bbac68_2853,12224.453719211007
00bbac68_2854,12224.41851890858
00bbac68_2855,12224.440975851556
00bbac68_2856,12224.426611928815
00bbac68_2857,12224.393471053922
00bbac68_2858,12224.399801675438
00bbac68_2859,12224.447844789189
00bbac68_2860,12224.457776021707
00bbac68_2861,12224.496867404554
00bbac68_2862,12224.522060535275
00bbac68_2863,12224.48859772782
00bbac68_2864,12224.483096328519
00bbac68_2865,12224.509006424665
00bbac68_2866,12224.497849126396
00bbac68_2867,12224.508170329771
00bbac68_2868,12224.503499028031
00bbac68_2869,12224.450582687125
00bbac68_2870,12224.410832071888
00bbac68_2871,12224.42042855885
00bbac68_2872,12224.417277522472
00bbac68_2873,12224.426744739605
00bbac68_2874,12224.362108725627
00bbac68_2875,12224.283523920169
00bbac68_2876,12224.151608721975
00bbac68_2877,12224.091569354117
00bbac68_2878,12224.05582864145
00bbac68_2879,12224.041939463696
00bbac68_2880,12224.064804796815
00bbac68_2881,12224.151373337205
00bbac68_2882,12224.293066470458
00bbac68_2883,12224.392054301481
00bbac68_2884,12224.471071150367
00bbac68_2885,12224.51286229019
00bbac68_2886,12224.554175811016
00bbac68_2887,12224.611261143717
00bbac68_2888,12224.665987014268
00bbac68_2889,12224.7132989466
00bbac68_2890,12224.758590688136
00bbac68_2891,12224.776853834686
00bbac68_2892,12224.793498296036
00bbac68_2893,12224.813545704059
00bbac68_2894,12224.81834939448
00bbac68_2895,12224.82964831728
00bbac68_2896,12224.844134783973
00bbac68_2897,12224.872600184815
00bbac68_2898,12224.894299628726
00bbac68_2899,12224.92010647648
00bbac68_2900,12224.938081946286
00bbac68_2901,12224.95290022913
00bbac68_2902,12224.965275943574
00bbac68_2903,12224.979768138352
00bbac68_2904,12224.984694086843
00bbac68_2905,12225.016152429109
00bbac68_2906,12225.01501474621
00bbac68_2907,12225.041037606421
00bbac68_2908,12225.044268985806
00bbac68_2909,12225.067667529438
00bbac68_2910,12225.071230029018
00bbac68_2911,12225.075459410724
00bbac68_2912,12225.089952906925
00bbac68_2913,12225.104783845536
00bbac68_2914,12225.11271009392
00bbac68_2915,12225.111139810806
00bbac68_2916,12225.102271171923
00bbac68_2917,12225.090261642896
00bbac68_2918,12225.10167174281
00bbac68_2919,12225.116845237542
00bbac68_2920,12225.15669282609
00bbac68_2921,12225.157480865004
00bbac68_2922,12225.183802062167
00bbac68_2923,12225.163382055976
00bbac68_2924,12225.166773602761
00bbac68_2925,12225.164397291825
00bbac68_2926,12225.172183044913
00bbac68_2927,12225.180436980636
00bbac68_2928,12225.218286948142
00bbac68_2929,12225.247597933765
00bbac68_2930,12225.237229595075
00bbac68_2931,12225.251077968982
00bbac68_2932,12225.22797415957
00bbac68_2933,12225.246069227775
00bbac68_2934,12225.249863838188
00bbac68_2935,12225.274710234915
00bbac68_2936,12225.283606745204
00bbac68_2937,12225.252956984647
00bbac68_2938,12225.254770116222
00bbac68_2939,12225.264764815944
00bbac68_2940,12225.262212158495
00bbac68_2941,12225.236014709284
00bbac68_2942,12225.207613174012
00bbac68_2943,12225.21407627136
00bbac68_2944,12225.211137485048
00bbac68_2945,12225.210443034895
00bbac68_2946,12225.196906581617
00bbac68_2947,12225.187523047634
00bbac68_2948,12225.20442450231
00bbac68_2949,12225.228949411645
00bbac68_2950,12225.229497396142
00bbac68_2951,12225.230558502242
00bbac68_2952,12225.249778290945
00bbac68_2953,12225.244514424112
00bbac68_2954,12225.259510395914
00bbac68_2955,12225.266925588565
00bbac68_2956,12225.294756923087
00bbac68_2957,12225.333812509614
00bbac68_2958,12225.379500932799
00bbac68_2959,12225.376361001632
00bbac68_2960,12225.377009275282
00bbac68_2961,12225.374458737588
00bbac68_2962,12225.353923630199
00bbac68_2963,12225.32837102006
00bbac68_2964,12225.292888763172
00bbac68_2965,12225.219843685438
00bbac68_2966,12225.272338331812
00bbac68_2967,12225.306866685503
00bbac68_2968,12225.316374992872
00bbac68_2969,12225.318031047775
00bbac68_2970,12225.444194740805
00bbac68_2971,12225.446503399464
00bbac68_2972,12225.465818907767
00bbac68_2973,12225.484895980668
00bbac68_2974,12225.499155448742
00bbac68_2975,12225.486836424223
00bbac68_2976,12225.519447729996
00bbac68_2977,12225.529369590762
00bbac68_2978,12225.546521059732
00bbac68_2979,12225.562430602626
00bbac68_2980,12225.583324412484
00bbac68_2981,12225.589867252338
00bbac68_2982,12225.606842482357
00bbac68_2983,12225.572640741093
00bbac68_2984,12225.584019368127
00bbac68_2985,12225.575631145883
00bbac68_2986,12225.595174358767
00bbac68_2987,12225.619679664202
00bbac68_2988,12225.621487156512
00bbac68_2989,12225.637194440182
00bbac68_2990,12225.646657396579
00bbac68_2991,12225.651914577544
00bbac68_2992,12225.677445321304
00bbac68_2993,12225.712532566438
00bbac68_2994,12225.754837134684
00bbac68_2995,12225.790463432166
00bbac68_2996,12225.824068759717
00bbac68_2997,12225.818923714112
00bbac68_2998,12225.825675032613
00bbac68_2999,12225.848996822157
00bbac68_3000,12225.850870740109
00bbac68_3001,12225.889661149782
00bbac68_3002,12225.908606986213
00bbac68_3003,12225.924530405258
00bbac68_3004,12225.925068241644
00bbac68_3005,12225.938205143488
00bbac68_3006,12225.971579816698
00bbac68_3007,12225.999293573721
00bbac68_3008,12226.01918322999
00bbac68_3009,12226.000214326741
00bbac68_3010,12226.000853718506
00bbac68_3011,12226.048144701937
00bbac68_3012,12226.089870294094
00bbac68_3013,12226.091886555261
00bbac68_3014,12226.11788841296
00bbac68_3015,12226.14264229508
00bbac68_3016,12226.124523970175
00bbac68_3017,12226.13913694003
00bbac68_3018,12226.137099150601
00bbac68_3019,12226.17261933263
00bbac68_3020,12226.21951941081
00bbac68_3021,12226.230342281106
00bbac68_3022,12226.265312131278
00bbac68_3023,12226.244059901168
00bbac68_3024,12226.26991752501
00bbac68_3025,12226.280317149247
00bbac68_3026,12226.303647006183
00bbac68_3027,12226.323512466395
00bbac68_3028,12226.367926032815
00bbac68_3029,12226.398740687388
00bbac68_3030,12226.427047907518
00bbac68_3031,12226.438241518745
00bbac68_3032,12226.441767819355
00bbac68_3033,12226.435840790451
00bbac68_3034,12226.422299771566
00bbac68_3035,12226.445332859843
00bbac68_3036,12226.470154759667
00bbac68_3037,12226.463877471833
00bbac68_3038,12226.447669578734
00bbac68_3039,12226.496532480533
00bbac68_3040,12226.498381809084
00bbac68_3041,12226.500592564906
00bbac68_3042,12226.517421636221
00bbac68_3043,12226.547427698739
00bbac68_3044,12226.586127484901
00bbac68_3045,12226.612923838653
00bbac68_3046,12226.635350352348
00bbac68_3047,12226.638690319503
00bbac68_3048,12226.642433946248
00bbac68_3049,12226.698308841582
00bbac68_3050,12226.74792346729
00bbac68_3051,12226.728174183922
00bbac68_3052,12226.77391786625
00bbac68_3053,12226.81289475554
00bbac68_3054,12226.859610528649
00bbac68_3055,12226.853235393035
00bbac68_3056,12226.853460863682
00bbac68_3057,12226.820280538741
00bbac68_3058,12226.802851312614
00bbac68_3059,12226.80212297578
00bbac68_3060,12226.848658140621
00bbac68_3061,12226.901158607898
00bbac68_3062,12226.961738410306
00bbac68_3063,12226.99667784988
00bbac68_3064,12227.078661101841
00bbac68_3065,12227.177211564076
00bbac68_3066,12227.261693316927
00bbac68_3067,12227.351301478599
00bbac68_3068,12227.339034842087
00bbac68_3069,12227.383708258201
00bbac68_3070,12227.32716668689
00bbac68_3071,12227.342584880234
00bbac68_3072,12227.360493761294
00bbac68_3073,12227.247509653038
00bbac68_3074,12227.086956784016
00bbac68_3075,12226.810143742889
00bbac68_3076,12226.747716097205
00bbac68_3077,12226.747909203797
00bbac68_3078,12226.719011713634
00bbac68_3079,12226.739981045232
00bbac68_3080,12226.78199872774
00bbac68_3081,12226.817531244407
00bbac68_3082,12226.855835017945
00bbac68_3083,12226.911710349508
00bbac68_3084,12226.94546138077
00bbac68_3085,12226.938409645129
00bbac68_3086,12226.899994824573
00bbac68_3087,12226.89668421166
00bbac68_3088,12226.941255685466
00bbac68_3089,12226.968300276189
00bbac68_3090,12226.955236133432
00bbac68_3091,12226.928774127387
00bbac68_3092,12226.902034896902
00bbac68_3093,12226.9538874385
00bbac68_3094,12226.996195864313
00bbac68_3095,12227.038931817799
00bbac68_3096,12227.056421741632
00bbac68_3097,12227.05809565764
00bbac68_3098,12227.061938039184
00bbac68_3099,12227.05320676581
00bbac68_3100,12227.019476931988
00bbac68_3101,12227.028468323433
00bbac68_3102,12227.026317577078
00bbac68_3103,12227.030071064992
00bbac68_3104,12226.991179403376
00bbac68_3105,12227.022797938025
00bbac68_3106,12227.103998960789
00bbac68_3107,12227.136091480537
00bbac68_3108,12227.123078752791
00bbac68_3109,12227.127223638046
00bbac68_3110,12227.110706699728
00bbac68_3111,12227.088379435225
00bbac68_3112,12227.036879765423
00bbac68_3113,12227.005144025996
00bbac68_3114,12227.062559575856
00bbac68_3115,12227.111752714061
00bbac68_3116,12227.177257058176
00bbac68_3117,12227.22886729884
00bbac68_3118,12227.304770051542
00bbac68_3119,12227.401551200768
00bbac68_3120,12227.461879383329
00bbac68_3121,12227.503071967953
00bbac68_3122,12227.621499413026
00bbac68_3123,12227.738833794152
00bbac68_3124,12227.855612681247
00bbac68_3125,12227.95310268642
00bbac68_3126,12228.06928279207
00bbac68_3127,12228.14929723992
00bbac68_3128,12228.221113972952
00bbac68_3129,12228.283284721818
00bbac68_3130,12228.36549459683
00bbac68_3131,12228.401990619066
00bbac68_3132,12228.442128810242
00bbac68_3133,12228.473584581123
00bbac68_3134,12228.470769004582
00bbac68_3135,12228.501854894257
00bbac68_3136,12228.542980947976
00bbac68_3137,12228.572186959485
00bbac68_3138,12228.594407205563
00bbac68_3139,12228.624158733446
00bbac68_3140,12228.661384197558
00bbac68_3141,12228.775982803072
00bbac68_3142,12228.797199288276
00bbac68_3143,12228.805080610311
00bbac68_3144,12228.804211196868
00bbac68_3145,12228.798695194866
00bbac68_3146,12228.78547742123
00bbac68_3147,12228.767737629114
00bbac68_3148,12228.720947856604
00bbac68_3149,12228.67784044171
00bbac68_3150,12228.626579413227
00bbac68_3151,12228.579542172072
00bbac68_3152,12228.527835836454
00bbac68_3153,12228.491490195798
00bbac68_3154,12228.427692174375
00bbac68_3155,12228.366894646824
00bbac68_3156,12228.309852721364
00bbac68_3157,12228.282736487141
00bbac68_3158,12228.302892634521
00bbac68_3159,12228.227980733891
00bbac68_3160,12228.102343558683
00bbac68_3161,12228.078733635439
00bbac68_3162,12228.044985310273
00bbac68_3163,12228.019459533683
00bbac68_3164,12228.035350135558
00bbac68_3165,12228.104485467959
00bbac68_3166,12228.153824411596
00bbac68_3167,12228.194444201048
00bbac68_3168,12228.249369125977
00bbac68_3169,12228.308447635118
00bbac68_3170,12228.37149028024
00bbac68_3171,12228.419696197387
00bbac68_3172,12228.493774536892
00bbac68_3173,12228.572263601807
00bbac68_3174,12228.641468963437
00bbac68_3175,12228.601214511034
00bbac68_3176,12228.478903281348
00bbac68_3177,12228.428976013096
00bbac68_3178,12228.456241060461
00bbac68_3179,12228.543666447138
00bbac68_3180,12228.517749074284
00bbac68_3181,12228.513497244901
00bbac68_3182,12228.615356506569
00bbac68_3183,12228.79899369816
00bbac68_3184,12229.05529746169
00bbac68_3185,12229.201647718972
00bbac68_3186,12229.216312107907
00bbac68_3187,12229.124714882113
00bbac68_3188,12229.037789172526
00bbac68_3189,12229.024961568615
00bbac68_3190,12229.047320797508
00bbac68_3191,12229.329265440314
00bbac68_3192,12229.79851246503
00bbac68_3193,12230.396226435234
00bbac68_3194,12230.885294813981
00bbac68_3195,12231.196822226048
00bbac68_3196,12231.348354627811
00bbac68_3197,12231.37000712043
00bbac68_3198,12231.434194739102
00bbac68_3199,12231.475154424226
00bbac68_3200,12231.499808624227
00bbac68_3201,12231.559971118524
00bbac68_3202,12231.564297653018
00bbac68_3203,12231.592903449007
00bbac68_3204,12231.61205496634
00bbac68_3205,12231.630773906014
00bbac68_3206,12231.682077508554
00bbac68_3207,12231.692660455763
00bbac68_3208,12231.688284777567
00bbac68_3209,12231.706370640974
00bbac68_3210,12231.731015953228
00bbac68_3211,12231.750506139855
00bbac68_3212,12231.764303611171
00bbac68_3213,12231.77986895202
00bbac68_3214,12231.797756763648
00bbac68_3215,12231.815704096454
00bbac68_3216,12231.835639166391
00bbac68_3217,12231.848286147164
00bbac68_3218,12231.868797724166
00bbac68_3219,12231.866741765658
00bbac68_3220,12231.87069274723
00bbac68_3221,12231.882112394871
00bbac68_3222,12231.924568183767
00bbac68_3223,12231.9306514293
00bbac68_3224,12231.957163839596
00bbac68_3225,12231.980330884711
00bbac68_3226,12231.967264979394
00bbac68_3227,12231.96495137521
00bbac68_3228,12231.945037691208
00bbac68_3229,12231.94282876844
00bbac68_3230,12231.954619009457
00bbac68_3231,12231.958734228821
00bbac68_3232,12231.978747175976
00bbac68_3233,12231.995974638647
00bbac68_3234,12232.007550166472
00bbac68_3235,12231.995506076562
00bbac68_3236,12232.002037678994
00bbac68_3237,12232.028954525334
00bbac68_3238,12232.085934327808
00bbac68_3239,12232.113282048138
00bbac68_3240,12232.15294447973
00bbac68_3241,12232.151390744
00bbac68_3242,12232.112203338767
00bbac68_3243,12232.119436122975
00bbac68_3244,12232.120250720462
00bbac68_3245,12232.148172077192
00bbac68_3246,12232.187115333047
00bbac68_3247,12232.236441457288
00bbac68_3248,12232.252090070406
00bbac68_3249,12232.318736412019
00bbac68_3250,12232.386519092108
00bbac68_3251,12232.451660218052
00bbac68_3252,12232.496891149496
00bbac68_3253,12232.533270208742
00bbac68_3254,12232.557340813099
00bbac68_3255,12232.572368904677
00bbac68_3256,12232.543201701244
00bbac68_3257,12232.560854687246
00bbac68_3258,12232.585122297394
00bbac68_3259,12232.616151288787
00bbac68_3260,12232.620842201413
00bbac68_3261,12232.68578989209
00bbac68_3262,12232.683295710453
00bbac68_3263,12232.676179475888
00bbac68_3264,12232.685323584577
00bbac68_3265,12232.699676318845
00bbac68_3266,12232.798745902788
00bbac68_3267,12232.73921221948
00bbac68_3268,12232.73405963308
00bbac68_3269,12232.725690293417
00bbac68_3270,12232.739550083765
00bbac68_3271,12232.805645098506
00bbac68_3272,12232.876101338647
00bbac68_3273,12232.866453759063
00bbac68_3274,12232.823835153848
00bbac68_3275,12232.90099657096
00bbac68_3276,12232.926890379727
00bbac68_3277,12232.847630580065
00bbac68_3278,12232.85441367391
00bbac68_3279,12232.93434248665
00bbac68_3280,12232.922577652529
00bbac68_3281,12232.90064243929
00bbac68_3282,12232.907731018506
00bbac68_3283,12232.959008491218
00bbac68_3284,12232.975128789389
00bbac68_3285,12233.027071153241
00bbac68_3286,12233.03890330409
00bbac68_3287,12233.067376897834
00bbac68_3288,12233.106530325353
00bbac68_3289,12233.115078032617
00bbac68_3290,12233.155472756538
00bbac68_3291,12233.128791230487
00bbac68_3292,12233.136560812178
00bbac68_3293,12233.188402107473
00bbac68_3294,12233.230472855485
00bbac68_3295,12233.27278277041
00bbac68_3296,12233.265106212639
00bbac68_3297,12233.296325706837
00bbac68_3298,12233.334015437547
00bbac68_3299,12233.383636650855
00bbac68_3300,12233.439796137289
00bbac68_3301,12233.49756478929
00bbac68_3302,12233.53864445294
00bbac68_3303,12233.57825573434
00bbac68_3304,12233.61883565969
00bbac68_3305,12233.67650159422
00bbac68_3306,12233.704406552048
00bbac68_3307,12233.744350226687
00bbac68_3308,12233.769783925665
00bbac68_3309,12233.806977533817
00bbac68_3310,12233.84096674163
00bbac68_3311,12233.86860502497
00bbac68_3312,12233.89200984099
00bbac68_3313,12233.907813405192
00bbac68_3314,12233.923845060232
00bbac68_3315,12233.942614930293
00bbac68_3316,12233.973623317417
00bbac68_3317,12233.969635112702
00bbac68_3318,12233.999095405681
00bbac68_3319,12234.01604460516
00bbac68_3320,12234.03075157763
00bbac68_3321,12234.063052898118
00bbac68_3322,12234.062060517186
00bbac68_3323,12234.091502604875
00bbac68_3324,12234.118735717871
00bbac68_3325,12234.145183447616
00bbac68_3326,12234.124152178712
00bbac68_3327,12234.119561919357
00bbac68_3328,12234.111819397058
00bbac68_3329,12234.105441842255
00bbac68_3330,12234.133185462333
00bbac68_3331,12234.125150729387
00bbac68_3332,12234.133887503216
00bbac68_3333,12234.121714074692
00bbac68_3334,12234.119549005443
00bbac68_3335,12234.172912274453
00bbac68_3336,12234.171632386577
00bbac68_3337,12234.195703203608
00bbac68_3338,12234.202272345521
00bbac68_3339,12234.248160804756
00bbac68_3340,12234.282570207784
00bbac68_3341,12234.330366795353
00bbac68_3342,12234.359107503424
00bbac68_3343,12234.347683653676
00bbac68_3344,12234.38761562029
00bbac68_3345,12234.36139734545
00bbac68_3346,12234.476771594871
00bbac68_3347,12234.49022422422
00bbac68_3348,12234.505033034104
00bbac68_3349,12234.519195155915
00bbac68_3350,12234.518037545855
00bbac68_3351,12234.530208362965
00bbac68_3352,12234.512824115347
00bbac68_3353,12234.547203306069
00bbac68_3354,12234.60014526764
00bbac68_3355,12234.621568653343
00bbac68_3356,12234.658352189559
00bbac68_3357,12234.756885228908
00bbac68_3358,12234.79688369169
00bbac68_3359,12234.806525071817
00bbac68_3360,12234.738904352711
00bbac68_3361,12234.789103257997
00bbac68_3362,12234.86104300927
00bbac68_3363,12234.902184812345
00bbac68_3364,12234.894287442245
00bbac68_3365,12234.828156648351
00bbac68_3366,12234.922625763502
00bbac68_3367,12234.93414304834
00bbac68_3368,12234.97679680941
00bbac68_3369,12235.00014976216
00bbac68_3370,12234.982344544951
00bbac68_3371,12235.038647879097
00bbac68_3372,12235.08369576003
00bbac68_3373,12235.11728826907
00bbac68_3374,12235.153978369424
00bbac68_3375,12235.200740667033
00bbac68_3376,12235.256742874137
00bbac68_3377,12235.318828935979
00bbac68_3378,12235.371711129788
00bbac68_3379,12235.431195094949
00bbac68_3380,12235.473979111724
00bbac68_3381,12235.583402381755
00bbac68_3382,12235.658158709151
00bbac68_3383,12235.698302420484
00bbac68_3384,12235.738284740968
00bbac68_3385,12235.77213707584
00bbac68_3386,12235.793437064624
00bbac68_3387,12235.832699648287
00bbac68_3388,12235.881556098355
00bbac68_3389,12235.930342922517
00bbac68_3390,12235.962962936937
00bbac68_3391,12235.988519905144
00bbac68_3392,12236.040789021445
00bbac68_3393,12236.064834480097
00bbac68_3394,12236.079561954979
00bbac68_3395,12236.12053212404
00bbac68_3396,12236.145079033085
00bbac68_3397,12236.150058834683
00bbac68_3398,12236.16534873577
00bbac68_3399,12236.179527475651
00bbac68_3400,12236.190268804748
00bbac68_3401,12236.19361769451
00bbac68_3402,12236.182514377759
00bbac68_3403,12236.125905757734
00bbac68_3404,12236.083605149324
00bbac68_3405,12236.057491635322
00bbac68_3406,12236.042670018798
00bbac68_3407,12236.01946040548
00bbac68_3408,12235.994259905388
00bbac68_3409,12235.975633532536
00bbac68_3410,12235.959298762504
00bbac68_3411,12235.926787518398
00bbac68_3412,12235.891772635647
00bbac68_3413,12235.871642094267
00bbac68_3414,12235.823304182099
00bbac68_3415,12235.774438742332
00bbac68_3416,12235.704294827568
00bbac68_3417,12235.663031785021
00bbac68_3418,12235.592511356368
00bbac68_3419,12235.54580256578
00bbac68_3420,12235.504882861671
00bbac68_3421,12235.473445443236
00bbac68_3422,12235.450009185995
00bbac68_3423,12235.43081797225
00bbac68_3424,12235.4136828935
00bbac68_3425,12235.391442434937
00bbac68_3426,12235.378037943416
00bbac68_3427,12235.368542594419
00bbac68_3428,12235.339247966545
00bbac68_3429,12235.357057472267
00bbac68_3430,12235.349212639116
00bbac68_3431,12235.347502191153
00bbac68_3432,12235.326300653855
00bbac68_3433,12235.337083033639
00bbac68_3434,12235.313814370584
00bbac68_3435,12235.296268553626
00bbac68_3436,12235.299905368365
00bbac68_3437,12235.296794799093
00bbac68_3438,12235.289960436994
00bbac68_3439,12235.288408742957
00bbac68_3440,12235.270075807945
00bbac68_3441,12235.259371631599
00bbac68_3442,12235.289510255598
00bbac68_3443,12235.267351160659
00bbac68_3444,12235.260280232527
00bbac68_3445,12235.239999438567
00bbac68_3446,12235.23496099723
00bbac68_3447,12235.224988908543
00bbac68_3448,12235.235067204336
00bbac68_3449,12235.220696381406
00bbac68_3450,12235.206709122203
00bbac68_3451,12235.235544656927
00bbac68_3452,12235.261020001608
00bbac68_3453,12235.244111369297
00bbac68_3454,12235.230570302434
00bbac68_3455,12235.254419379733
00bbac68_3456,12235.2300772309
00bbac68_3457,12235.193819493456
00bbac68_3458,12235.242448629333
00bbac68_3459,12235.11988614514
00bbac68_3460,12235.020596307768
00bbac68_3461,12234.988184660651
00bbac68_3462,12235.00734472651
00bbac68_3463,12234.969322850377
00bbac68_3464,12234.852427700542
00bbac68_3465,12234.888991310989
00bbac68_3466,12234.798993868082
00bbac68_3467,12234.847286517965
00bbac68_3468,12234.81202468213
00bbac68_3469,12234.786072195395
00bbac68_3470,12234.73548645603
00bbac68_3471,12234.805395532901
00bbac68_3472,12234.975511823166
00bbac68_3473,12235.116384561208
00bbac68_3474,12235.113414083004
00bbac68_3475,12235.164323794754
00bbac68_3476,12235.255676210016
00bbac68_3477,12235.383734518735
00bbac68_3478,12235.52143807521
00bbac68_3479,12235.648502536666
00bbac68_3480,12235.787119178798
00bbac68_3481,12235.913693367902
00bbac68_3482,12236.018706511906
00bbac68_3483,12236.067946241395
00bbac68_3484,12236.138732529418
00bbac68_3485,12236.17657441629
00bbac68_3486,12236.226521131231
00bbac68_3487,12236.217247133292
00bbac68_3488,12236.260866619094
00bbac68_3489,12236.26656204569
00bbac68_3490,12236.248723544039
00bbac68_3491,12236.248429934833
00bbac68_3492,12236.233928927342
00bbac68_3493,12236.24254832928
00bbac68_3494,12236.248595505145
00bbac68_3495,12236.227510332757
00bbac68_3496,12236.242568731515
00bbac68_3497,12236.251446356546
00bbac68_3498,12236.231913956224
00bbac68_3499,12236.248152314887
00bbac68_3500,12236.259246820113
00bbac68_3501,12236.265098150676
00bbac68_3502,12236.201972496638
00bbac68_3503,12236.065793951211
00bbac68_3504,12236.078550890184
00bbac68_3505,12236.301662098298
00bbac68_3506,12236.24788255721
00bbac68_3507,12236.025640345797
00bbac68_3508,12236.061549996273
00bbac68_3509,12236.501881669212
00bbac68_3510,12236.84784224527
00bbac68_3511,12236.919791119637
00bbac68_3512,12236.922964280167
00bbac68_3513,12236.890538282352
00bbac68_3514,12236.913868852676
00bbac68_3515,12236.903707095044
00bbac68_3516,12236.894828077864
00bbac68_3517,12236.881943319504
00bbac68_3518,12236.922093167528
00bbac68_3519,12237.012666897239
00bbac68_3520,12237.196248755434
00bbac68_3521,12237.287551829491
00bbac68_3522,12237.338409567456
00bbac68_3523,12237.388858490645
00bbac68_3524,12237.414901272561
00bbac68_3525,12237.501980957159
00bbac68_3526,12237.490313393097
00bbac68_3527,12237.551954583974
00bbac68_3528,12237.60787246397
00bbac68_3529,12237.613711347865
00bbac68_3530,12237.614743395603
00bbac68_3531,12237.683978638974
00bbac68_3532,12237.716678709994
00bbac68_3533,12237.789120886184
00bbac68_3534,12237.85287244341
00bbac68_3535,12237.902971229887
00bbac68_3536,12237.934244248318
00bbac68_3537,12237.975765494135
00bbac68_3538,12238.001739052117
00bbac68_3539,12238.031173103744
00bbac68_3540,12238.05606125038
00bbac68_3541,12238.088085327374
00bbac68_3542,12238.10756585574
00bbac68_3543,12238.133826171585
00bbac68_3544,12238.183803776239
00bbac68_3545,12238.184956096813
00bbac68_3546,12238.180488546146
00bbac68_3547,12238.175051006918
00bbac68_3548,12238.128347284708
00bbac68_3549,12238.10788362283
00bbac68_3550,12238.066307717341
00bbac68_3551,12237.993948999394
00bbac68_3552,12237.932422607799
00bbac68_3553,12237.835767464292
00bbac68_3554,12237.786603363671
00bbac68_3555,12237.808558390148
00bbac68_3556,12237.800865828833
00bbac68_3557,12237.744990928728
00bbac68_3558,12237.417528154969
00bbac68_3559,12237.131897113924
00bbac68_3560,12236.983091206977
00bbac68_3561,12236.68730998719
00bbac68_3562,12236.415595692157
00bbac68_3563,12236.345744663606
00bbac68_3564,12236.442617968667
00bbac68_3565,12236.290983455017
00bbac68_3566,12235.9454466968
00bbac68_3567,12235.718607210074
00bbac68_3568,12235.60925850449
00bbac68_3569,12235.535138104056
00bbac68_3570,12235.410962951455
00bbac68_3571,12235.281668521353
00bbac68_3572,12235.05463157046
00bbac68_3573,12234.66807763571
00bbac68_3574,12234.415305885366
00bbac68_3575,12234.156667096038
00bbac68_3576,12233.861260227137
00bbac68_3577,12233.559458009275
00bbac68_3578,12233.309740198258
00bbac68_3579,12233.086566349128
00bbac68_3580,12232.946823143471
00bbac68_3581,12232.768472260956
00bbac68_3582,12232.589860928972
00bbac68_3583,12232.426379576686
00bbac68_3584,12232.28714548612
00bbac68_3585,12232.208088544554
00bbac68_3586,12232.068493792507
00bbac68_3587,12231.917428149984
00bbac68_3588,12231.778878818151
00bbac68_3589,12231.67213835563
00bbac68_3590,12231.621541794339
00bbac68_3591,12231.534147597318
00bbac68_3592,12231.47712544623
00bbac68_3593,12231.395421072799
00bbac68_3594,12231.355268862491
00bbac68_3595,12231.314253678607
00bbac68_3596,12231.274087108064
00bbac68_3597,12231.242743721097
00bbac68_3598,12231.248353093122
00bbac68_3599,12231.234389873065
00bbac68_3600,12231.223256928248
00bbac68_3601,12231.195175415887
00bbac68_3602,12231.188192061114
00bbac68_3603,12231.16782842682
00bbac68_3604,12231.163033530058
00bbac68_3605,12231.153665416085
00bbac68_3606,12231.162387016511
00bbac68_3607,12231.146080550658
00bbac68_3608,12231.149126206694
00bbac68_3609,12231.15013741456
00bbac68_3610,12231.15976936761
00bbac68_3611,12231.149852497601
00bbac68_3612,12231.15207363959
00bbac68_3613,12231.14309624939
00bbac68_3614,12231.131215381243
00bbac68_3615,12231.137611504733
00bbac68_3616,12231.142257468948
00bbac68_3617,12231.136126260588
00bbac68_3618,12231.131423239403
00bbac68_3619,12231.133209944415
00bbac68_3620,12231.16808866496
00bbac68_3621,12231.138969440548
00bbac68_3622,12231.155085632803
00bbac68_3623,12231.147516086068
00bbac68_3624,12231.15353691619
00bbac68_3625,12231.14972358055
00bbac68_3626,12231.156804670856
00bbac68_3627,12231.149129692698
00bbac68_3628,12231.17219006431
00bbac68_3629,12231.168657267475
00bbac68_3630,12231.174700559426
00bbac68_3631,12231.161515075988
00bbac68_3632,12231.173386632665
00bbac68_3633,12231.18530612742
00bbac68_3634,12231.181026352679
00bbac68_3635,12231.198472189906
00bbac68_3636,12231.194880221348
00bbac68_3637,12231.192757269033
00bbac68_3638,12231.19200090342
00bbac68_3639,12231.209206077829
00bbac68_3640,12231.20138745862
00bbac68_3641,12231.207638107153
00bbac68_3642,12231.210779947885
00bbac68_3643,12231.213816884809
00bbac68_3644,12231.209949313532
00bbac68_3645,12231.208969768571
00bbac68_3646,12231.21516778634
00bbac68_3647,12231.21047643415
00bbac68_3648,12231.199608669545
00bbac68_3649,12231.213536426238
00bbac68_3650,12231.219535970626
00bbac68_3651,12231.210434943358
00bbac68_3652,12231.217016256065
00bbac68_3653,12231.207102039807
00bbac68_3654,12231.21087843359
00bbac68_3655,12231.221299512057
00bbac68_3656,12231.205519833584
00bbac68_3657,12231.217792522015
00bbac68_3658,12231.213240341294
00bbac68_3659,12231.21295538645
00bbac68_3660,12231.200899819016
00bbac68_3661,12231.217156239225
00bbac68_3662,12231.206677700977
00bbac68_3663,12231.19891888092
00bbac68_3664,12231.206819446414
00bbac68_3665,12231.205326718318
00bbac68_3666,12231.214067439145
00bbac68_3667,12231.203346501557
00bbac68_3668,12231.19237991802
00bbac68_3669,12231.198145980983
00bbac68_3670,12231.207287563517
00bbac68_3671,12231.20179264202
00bbac68_3672,12231.199237490422
00bbac68_3673,12231.207255973066
00bbac68_3674,12231.187601513822
00bbac68_3675,12231.176904514472
00bbac68_3676,12231.217927300746
00bbac68_3677,12231.217412238504
00bbac68_3678,12231.21881404092
00bbac68_3679,12231.201423503993
00bbac68_3680,12231.216704976388
00bbac68_3681,12231.20280379794
00bbac68_3682,12231.206318759852
00bbac68_3683,12231.216607973627
00bbac68_3684,12231.214411972824
00bbac68_3685,12231.219464108253
00bbac68_3686,12231.205646781866
00bbac68_3687,12231.208367800526
00bbac68_3688,12231.219706800086
00bbac68_3689,12231.222370204594
00bbac68_3690,12231.236588131578
00bbac68_3691,12231.230098838609
00bbac68_3692,12231.229782870296
00bbac68_3693,12231.229949977533
00bbac68_3694,12231.239649185354
00bbac68_3695,12231.206347940293
00bbac68_3696,12231.199902043034
00bbac68_3697,12231.191996572663
00bbac68_3698,12231.190872524423
00bbac68_3699,12231.216946462982
00bbac68_3700,12231.198012306186
00bbac68_3701,12231.184262538294
00bbac68_3702,12231.198134462018
00bbac68_3703,12231.201731275254
00bbac68_3704,12231.187349141852
00bbac68_3705,12231.18272602635
00bbac68_3706,12231.164222662655
00bbac68_3707,12231.17354068657
00bbac68_3708,12231.14894315638
00bbac68_3709,12231.151707177843
00bbac68_3710,12231.145331516156
00bbac68_3711,12231.120964595273
00bbac68_3712,12231.12381703619
00bbac68_3713,12231.109358819525
00bbac68_3714,12231.151771031302
00bbac68_3715,12231.105456714815
00bbac68_3716,12231.079983563617
00bbac68_3717,12231.085479102472
00bbac68_3718,12231.10960958693
00bbac68_3719,12231.029291594603
00bbac68_3720,12231.043533679616
00bbac68_3721,12231.04969351892
00bbac68_3722,12231.060066862483
00bbac68_3723,12231.031191810172
00bbac68_3724,12231.04502049341
00bbac68_3725,12231.044154646142
00bbac68_3726,12231.026067147794
00bbac68_3727,12231.035308106959
00bbac68_3728,12231.074152240442
00bbac68_3729,12231.021855830539
00bbac68_3730,12231.047454935222
00bbac68_3731,12231.017486894154
00bbac68_3732,12231.001270263347
00bbac68_3733,12231.041382885485
00bbac68_3734,12231.001755470712
00bbac68_3735,12231.055141715115
00bbac68_3736,12231.025295649048
00bbac68_3737,12230.982997483085
00bbac68_3738,12230.978812210617
00bbac68_3739,12231.011702657552
00bbac68_3740,12230.944236225052
00bbac68_3741,12230.969397542252
00bbac68_3742,12230.925036450555
00bbac68_3743,12230.932271805657
00bbac68_3744,12230.90422652348
00bbac68_3745,12230.86648806218
00bbac68_3746,12230.908786530947
00bbac68_3747,12230.863890491342
00bbac68_3748,12230.88322890175
00bbac68_3749,12230.867118260516
00bbac68_3750,12230.828104224991
00bbac68_3751,12230.84564241201
00bbac68_3752,12230.836069457531
00bbac68_3753,12230.783513571641
00bbac68_3754,12230.811432405035
00bbac68_3755,12230.784331446563
00bbac68_3756,12230.731329753638
00bbac68_3757,12230.676987177241
00bbac68_3758,12230.67728713358
00bbac68_3759,12230.664860798624
00bbac68_3760,12230.614978484002
00bbac68_3761,12230.593715896652
00bbac68_3762,12230.567725378329
00bbac68_3763,12230.575732458066
00bbac68_3764,12230.551144247933
00bbac68_3765,12230.526298167733
00bbac68_3766,12230.49571704021
00bbac68_3767,12230.484307996861
00bbac68_3768,12230.455385257836
00bbac68_3769,12230.414828426967
00bbac68_3770,12230.359063393922
00bbac68_3771,12230.327927054088
00bbac68_3772,12230.72694657663
00bbac68_3773,12231.544570587132
00bbac68_3774,12231.732575692791
00bbac68_3775,12231.748408359239
00bbac68_3776,12231.837071142978
00bbac68_3777,12231.769293138837
00bbac68_3778,12231.804377245684
00bbac68_3779,12231.78638854452
00bbac68_3780,12231.866846973857
00bbac68_3781,12231.847715285454
00bbac68_3782,12231.83220806482
00bbac68_3783,12231.798766773563
00bbac68_3784,12231.760861675612
00bbac68_3785,12231.735459413352
00bbac68_3786,12231.669247456257
00bbac68_3787,12231.672269756764
00bbac68_3788,12231.69592544414
00bbac68_3789,12231.656468537003
00bbac68_3790,12231.66372912055
00bbac68_3791,12231.679263520193
00bbac68_3792,12231.661673361054
00bbac68_3793,12231.736757656412
00bbac68_3794,12231.652714459955
00bbac68_3795,12231.482709950145
00bbac68_3796,12231.392392873004
00bbac68_3797,12231.377581882783
00bbac68_3798,12231.4070515557
00bbac68_3799,12231.440779358942
00bbac68_3800,12231.495539327214
00bbac68_3801,12231.554448031453
00bbac68_3802,12231.639016455027
00bbac68_3803,12231.640406336039
00bbac68_3804,12231.775229383133
00bbac68_3805,12231.862120263284
00bbac68_3806,12231.938349994769
00bbac68_3807,12231.973241330463
00bbac68_3808,12231.992392426433
00bbac68_3809,12232.000399650164
00bbac68_3810,12231.992797701418
00bbac68_3811,12231.96790097717
00bbac68_3812,12231.983007839643
00bbac68_3813,12231.953468617347
00bbac68_3814,12231.978444554716
00bbac68_3815,12231.96090303771
00bbac68_3816,12231.983534415744
00bbac68_3817,12231.930257428578
00bbac68_3818,12231.965941624629
00bbac68_3819,12231.978567922266
00bbac68_3820,12231.976104437219
00bbac68_3821,12231.938459826115
00bbac68_3822,12231.942166181929
00bbac68_3823,12231.943639658872
00bbac68_3824,12231.944678176113
00bbac68_3825,12231.925212811888
00bbac68_3826,12231.956348508049
00bbac68_3827,12231.929890268568
00bbac68_3828,12231.885560894874
00bbac68_3829,12231.895309377322
00bbac68_3830,12231.793550622595
00bbac68_3831,12231.768928651
00bbac68_3832,12231.854468086685
00bbac68_3833,12231.86880389912
00bbac68_3834,12231.895853721548
00bbac68_3835,12231.903805235097
00bbac68_3836,12231.8501723272
00bbac68_3837,12231.796642413117
00bbac68_3838,12231.781500535773
00bbac68_3839,12231.798372711812
00bbac68_3840,12231.765172536447
00bbac68_3841,12231.72161608701
00bbac68_3842,12231.703155923842
00bbac68_3843,12231.737075084424
00bbac68_3844,12231.698082169038
00bbac68_3845,12231.690315568358
00bbac68_3846,12231.669855850305
00bbac68_3847,12231.640907528355
00bbac68_3848,12231.610487373178
00bbac68_3849,12231.635507443887
00bbac68_3850,12231.604975811031
00bbac68_3851,12231.617066232597
00bbac68_3852,12231.6181155271
00bbac68_3853,12231.61430130222
00bbac68_3854,12231.614252863368
00bbac68_3855,12231.61061121704
00bbac68_3856,12231.626516174045
00bbac68_3857,12231.629625199637
00bbac68_3858,12231.601347962827
00bbac68_3859,12231.553985900417
00bbac68_3860,12231.54117484961
00bbac68_3861,12231.5292651252
00bbac68_3862,12231.516993236008
00bbac68_3863,12231.501581586572
00bbac68_3864,12231.505603407246
00bbac68_3865,12231.499567041592
00bbac68_3866,12231.4712644543
00bbac68_3867,12231.471617649462
00bbac68_3868,12231.466446170592
00bbac68_3869,12231.472401472462
00bbac68_3870,12231.491288393228
00bbac68_3871,12231.47304375732
00bbac68_3872,12231.481868877145
00bbac68_3873,12231.486630226944
00bbac68_3874,12231.499697870237
00bbac68_3875,12231.531332815961
00bbac68_3876,12231.538778856248
00bbac68_3877,12231.568319642503
00bbac68_3878,12231.55972137004
00bbac68_3879,12231.524125844138
00bbac68_3880,12231.502100409833
00bbac68_3881,12231.494088778596
00bbac68_3882,12231.474707263906
00bbac68_3883,12231.510916833768
00bbac68_3884,12231.511556476551
00bbac68_3885,12231.509507693096
00bbac68_3886,12231.485508457301
00bbac68_3887,12231.44809665984
00bbac68_3888,12231.416714019862
00bbac68_3889,12231.446708300307
00bbac68_3890,12231.413761028352
00bbac68_3891,12231.407909828114
00bbac68_3892,12231.406267426008
00bbac68_3893,12231.436131043023
00bbac68_3894,12231.414756423479
00bbac68_3895,12231.427856785771
00bbac68_3896,12231.534081137344
00bbac68_3897,12231.520732216288
00bbac68_3898,12231.490108414862
00bbac68_3899,12231.474008692474
00bbac68_3900,12231.527475180766
00bbac68_3901,12231.624087520164
00bbac68_3902,12231.677361464395
00bbac68_3903,12231.582455796342
00bbac68_3904,12231.546096477927
00bbac68_3905,12231.504542287064
00bbac68_3906,12231.497465034881
00bbac68_3907,12231.452388549123
00bbac68_3908,12231.419223616602
00bbac68_3909,12231.380537583524
00bbac68_3910,12231.31898516423
00bbac68_3911,12231.28831079277
00bbac68_3912,12231.284209399793
00bbac68_3913,12231.280785920962
00bbac68_3914,12231.286588793391
00bbac68_3915,12231.266995303275
00bbac68_3916,12231.268040790475
00bbac68_3917,12231.25328443015
00bbac68_3918,12231.251876051836
00bbac68_3919,12231.263789482393
00bbac68_3920,12231.24128015904
00bbac68_3921,12231.248715787204
00bbac68_3922,12231.25261688916
00bbac68_3923,12231.30954671431
00bbac68_3924,12231.28522353548
00bbac68_3925,12231.270505981533
00bbac68_3926,12231.25098448693
00bbac68_3927,12231.287101529186
00bbac68_3928,12231.271534611018
00bbac68_3929,12231.317123969817
00bbac68_3930,12231.353219026769
00bbac68_3931,12231.368383678822
00bbac68_3932,12231.399689129074
00bbac68_3933,12231.458057824131
00bbac68_3934,12231.45273330195
00bbac68_3935,12231.442961887675
00bbac68_3936,12231.45245514157
00bbac68_3937,12231.386751735994
00bbac68_3938,12231.362622056038
00bbac68_3939,12231.330455470496
00bbac68_3940,12231.266726935295
00bbac68_3941,12231.279306690561
00bbac68_3942,12231.706336806257
00bbac68_3943,12232.058095931576
00bbac68_3944,12232.141831623141
00bbac68_3945,12232.097440086509
00bbac68_3946,12232.00638993836
00bbac68_3947,12231.922344611477
00bbac68_3948,12231.796109127321
00bbac68_3949,12231.748165431381
00bbac68_3950,12231.677606360834
00bbac68_3951,12231.71615238107
00bbac68_3952,12231.674722745476
00bbac68_3953,12231.705998053905
00bbac68_3954,12231.734502619049
00bbac68_3955,12231.677758379581
00bbac68_3956,12231.671964320332
00bbac68_3957,12231.603313712933
00bbac68_3958,12231.56768299822
00bbac68_3959,12231.493750647758
00bbac68_3960,12231.459468611489
00bbac68_3961,12231.409102501519
00bbac68_3962,12231.410321261641
00bbac68_3963,12231.363052607987
00bbac68_3964,12231.41220304206
00bbac68_3965,12231.381085153409
00bbac68_3966,12231.41114838485
00bbac68_3967,12231.366815340409
00bbac68_3968,12231.397767124015
00bbac68_3969,12231.36684711485
00bbac68_3970,12231.399719672316
00bbac68_3971,12231.370176397631
00bbac68_3972,12231.374026622965
00bbac68_3973,12231.364186291084
00bbac68_3974,12231.392433540695
00bbac68_3975,12231.342840363184
00bbac68_3976,12231.299773306704
00bbac68_3977,12231.298945184115
00bbac68_3978,12231.378104875886
00bbac68_3979,12231.34234659483
00bbac68_3980,12231.370185669659
00bbac68_3981,12231.327345344387
00bbac68_3982,12231.349667973345
00bbac68_3983,12231.356993440013
00bbac68_3984,12231.3476875431
00bbac68_3985,12231.352127861257
00bbac68_3986,12231.33913034355
00bbac68_3987,12231.384100070914
00bbac68_3988,12231.359948440393
00bbac68_3989,12231.38179728017
00bbac68_3990,12231.350595833457
00bbac68_3991,12231.301578637102
00bbac68_3992,12231.275399766175
00bbac68_3993,12231.285375970117
00bbac68_3994,12231.316610766791
00bbac68_3995,12231.302611545707
00bbac68_3996,12231.355360792268
00bbac68_3997,12231.308996177664
00bbac68_3998,12231.420187873768
00bbac68_3999,12231.371680617618
00bbac68_4000,12231.375309583516
00bbac68_4001,12231.405625733447
00bbac68_4002,12231.338932928484
00bbac68_4003,12231.380171970275
00bbac68_4004,12231.322103149458
00bbac68_4005,12231.326041041997
00bbac68_4006,12231.333386688528
00bbac68_4007,12231.302521410042
00bbac68_4008,12231.28363381018
00bbac68_4009,12231.308337072267
00bbac68_4010,12231.252673263065
00bbac68_4011,12231.229945705309
00bbac68_4012,12231.20180256159
00bbac68_4013,12231.198624178665
00bbac68_4014,12231.246019801707
00bbac68_4015,12231.280762585493
00bbac68_4016,12231.258932380511
00bbac68_4017,12231.288003054604
00bbac68_4018,12231.218981087155
00bbac68_4019,12231.202240411672
00bbac68_4020,12231.236592715672
00bbac68_4021,12231.216804792315
00bbac68_4022,12231.226828456187
00bbac68_4023,12231.303181225554
00bbac68_4024,12231.271462208484
00bbac68_4025,12231.25594098504
00bbac68_4026,12231.275584304309
00bbac68_4027,12231.23728916323
00bbac68_4028,12231.240999419422
00bbac68_4029,12231.27756895358
00bbac68_4030,12231.238837513318
00bbac68_4031,12231.213904092941
00bbac68_4032,12231.230822526446
00bbac68_4033,12231.171281237668
00bbac68_4034,12231.162433232032
00bbac68_4035,12231.172048317061
00bbac68_4036,12231.199546925673
00bbac68_4037,12231.181664583848
00bbac68_4038,12231.194605785187
00bbac68_4039,12231.199868479755
00bbac68_4040,12231.15014530348
00bbac68_4041,12231.159950119252
00bbac68_4042,12231.122125513084
00bbac68_4043,12231.17346692448
00bbac68_4044,12231.157149724437
00bbac68_4045,12231.159673419204
00bbac68_4046,12231.231156519567
00bbac68_4047,12231.198843887534
00bbac68_4048,12231.16048801837
00bbac68_4049,12231.226895832244
00bbac68_4050,12231.235567225742
00bbac68_4051,12231.259150718903
00bbac68_4052,12231.255439338447
00bbac68_4053,12231.247816676814
00bbac68_4054,12231.243993227228
00bbac68_4055,12231.232104282664
00bbac68_4056,12231.197743552584
00bbac68_4057,12231.20763745921
00bbac68_4058,12231.24943075049
00bbac68_4059,12231.278193225779
00bbac68_4060,12231.243302728246
00bbac68_4061,12231.240398180831
00bbac68_4062,12231.164826019361
00bbac68_4063,12231.189468407812
00bbac68_4064,12231.1837923332
00bbac68_4065,12231.127816885775
00bbac68_4066,12231.136059143791
00bbac68_4067,12231.169253556607
00bbac68_4068,12231.19101823517
00bbac68_4069,12231.20138509047
00bbac68_4070,12231.144653140364
00bbac68_4071,12231.111477243172
00bbac68_4072,12231.156791607495
00bbac68_4073,12231.184388082222
00bbac68_4074,12231.152699761311
00bbac68_4075,12231.13254749342
00bbac68_4076,12231.139544160982
00bbac68_4077,12231.15357558926
00bbac68_4078,12231.097979332277
00bbac68_4079,12231.113883195505
00bbac68_4080,12231.117449841648
00bbac68_4081,12231.122580140622
00bbac68_4082,12231.137547525994
00bbac68_4083,12231.144518344257
00bbac68_4084,12231.150195468232
00bbac68_4085,12231.171204801441
00bbac68_4086,12231.197949782585
00bbac68_4087,12231.202223790375
00bbac68_4088,12231.184832627183
00bbac68_4089,12231.184571763368
00bbac68_4090,12231.165678587147
00bbac68_4091,12231.161539943478
00bbac68_4092,12231.14315534516
00bbac68_4093,12231.140191154585
00bbac68_4094,12231.128475194893
00bbac68_4095,12231.133739263487
00bbac68_4096,12231.106785860367
00bbac68_4097,12231.092140293345
00bbac68_4098,12231.090782924075
00bbac68_4099,12231.087752928253
00bbac68_4100,12231.078759044844
00bbac68_4101,12231.055832652615
00bbac68_4102,12231.040827925091
00bbac68_4103,12231.019496251243
00bbac68_4104,12231.01453469814
00bbac68_4105,12231.00703419889
00bbac68_4106,12231.0045511666
00bbac68_4107,12231.015113913736
00bbac68_4108,12230.998350483505
00bbac68_4109,12230.956429110514
00bbac68_4110,12230.949493651908
00bbac68_4111,12230.950440259989
00bbac68_4112,12230.932802550466
00bbac68_4113,12230.933426266263
00bbac68_4114,12230.971296609987
00bbac68_4115,12230.943353446455
00bbac68_4116,12230.914296628758
00bbac68_4117,12230.91182978412
00bbac68_4118,12230.912279060856
00bbac68_4119,12230.912583977703
00bbac68_4120,12230.907691064858
00bbac68_4121,12230.883015172063
00bbac68_4122,12230.877710575649
00bbac68_4123,12230.878002460127
00bbac68_4124,12230.881863375598
00bbac68_4125,12230.882581833153
00bbac68_4126,12230.89688715639
00bbac68_4127,12230.886571676856
00bbac68_4128,12230.869626005744
00bbac68_4129,12230.88011680397
00bbac68_4130,12230.862053541545
00bbac68_4131,12230.879324923835
00bbac68_4132,12230.893649585283
00bbac68_4133,12230.899414223506
00bbac68_4134,12230.905022472656
00bbac68_4135,12230.910256843239
00bbac68_4136,12230.914610983047
00bbac68_4137,12230.896397131926
00bbac68_4138,12230.873974457962
00bbac68_4139,12230.88017102518
00bbac68_4140,12230.868619939705
00bbac68_4141,12230.835030202301
00bbac68_4142,12230.82735078541
00bbac68_4143,12230.821029773386
00bbac68_4144,12230.821312886332
00bbac68_4145,12230.820783808544
00bbac68_4146,12230.84561246438
00bbac68_4147,12230.852205384304
00bbac68_4148,12230.861404944186
00bbac68_4149,12230.863571869937
00bbac68_4150,12230.847925780132
00bbac68_4151,12230.861945331151
00bbac68_4152,12230.867602659437
00bbac68_4153,12230.85615434237
00bbac68_4154,12230.849505752969
00bbac68_4155,12230.85631643303
00bbac68_4156,12230.876244157389
00bbac68_4157,12230.857175299338
00bbac68_4158,12230.870380084833
00bbac68_4159,12230.91535557066
00bbac68_4160,12230.90553872797
00bbac68_4161,12230.91990560844
00bbac68_4162,12230.906035017786
00bbac68_4163,12230.925463215486
00bbac68_4164,12230.926499771778
00bbac68_4165,12230.92662967303
00bbac68_4166,12230.925805465731
00bbac68_4167,12230.946157863053
00bbac68_4168,12230.89750881985
00bbac68_4169,12230.908201602515
00bbac68_4170,12230.919648976622
00bbac68_4171,12230.932614995838
00bbac68_4172,12230.935740832232
00bbac68_4173,12230.943963796455
00bbac68_4174,12230.987686086442
00bbac68_4175,12230.999448155162
00bbac68_4176,12231.002162967021
00bbac68_4177,12230.954967090338
00bbac68_4178,12230.96674349036
00bbac68_4179,12230.967934633176
00bbac68_4180,12230.977157453055
00bbac68_4181,12231.011627803387
00bbac68_4182,12230.981084367197
00bbac68_4183,12230.984317376251
00bbac68_4184,12231.00668053981
00bbac68_4185,12231.00661487818
00bbac68_4186,12231.021845789768
00bbac68_4187,12231.053561643377
00bbac68_4188,12231.059977306202
00bbac68_4189,12231.065888166959
00bbac68_4190,12231.089835021496
00bbac68_4191,12231.103399621501
00bbac68_4192,12231.11007799092
00bbac68_4193,12231.067709907918
00bbac68_4194,12231.059668005772
00bbac68_4195,12231.099180458898
00bbac68_4196,12231.102996450694
00bbac68_4197,12231.103818254762
00bbac68_4198,12231.08842317237
00bbac68_4199,12231.117233789319
00bbac68_4200,12231.060696883678
00bbac68_4201,12231.063110961846
00bbac68_4202,12231.117295701544
00bbac68_4203,12231.067638365086
00bbac68_4204,12231.115385968433
00bbac68_4205,12231.18107755875
00bbac68_4206,12231.082344322314
00bbac68_4207,12231.077213829041
00bbac68_4208,12231.074793164664
00bbac68_4209,12231.10629872845
00bbac68_4210,12231.122611992452
00bbac68_4211,12231.08589217437
00bbac68_4212,12231.104709156009
00bbac68_4213,12231.124517027649
00bbac68_4214,12231.167062425
00bbac68_4215,12231.195024241733
00bbac68_4216,12231.189133864675
00bbac68_4217,12231.222254240794
00bbac68_4218,12231.240468207932
00bbac68_4219,12231.286190571562
00bbac68_4220,12231.173559151106
00bbac68_4221,12231.174536910481
00bbac68_4222,12231.211706793596
00bbac68_4223,12231.186766120682
00bbac68_4224,12231.212479236774
00bbac68_4225,12231.19131452595
00bbac68_4226,12231.202502234537
00bbac68_4227,12231.189947121591
00bbac68_4228,12231.205869398043
00bbac68_4229,12231.17086925027
00bbac68_4230,12231.224023914345
00bbac68_4231,12231.197488303675
00bbac68_4232,12231.177845464113
00bbac68_4233,12231.106617020334
00bbac68_4234,12231.136746453427
00bbac68_4235,12231.105132615488
00bbac68_4236,12231.133741164931
00bbac68_4237,12231.129327170434
00bbac68_4238,12231.10922400779
00bbac68_4239,12231.142774470392
00bbac68_4240,12231.167934709267
00bbac68_4241,12231.115332020741
00bbac68_4242,12231.136425924042
00bbac68_4243,12231.1361126626
00bbac68_4244,12231.111876020615
00bbac68_4245,12231.149119081876
00bbac68_4246,12231.153834751265
00bbac68_4247,12231.185794391962
00bbac68_4248,12231.205952809785
00bbac68_4249,12231.182579265494
00bbac68_4250,12231.130229334327
00bbac68_4251,12231.12854910275
00bbac68_4252,12231.128169155378
00bbac68_4253,12231.14019358669
00bbac68_4254,12231.10850498914
00bbac68_4255,12231.130549725158
00bbac68_4256,12231.200655888002
00bbac68_4257,12231.170541610316
00bbac68_4258,12231.152372073902
00bbac68_4259,12231.13862084557
00bbac68_4260,12231.119914670388
00bbac68_4261,12231.103518414951
00bbac68_4262,12231.109757707727
00bbac68_4263,12231.121935719468
00bbac68_4264,12231.114447291115
00bbac68_4265,12231.079536623427
00bbac68_4266,12231.080794012856
00bbac68_4267,12231.124251206336
00bbac68_4268,12231.113586542819
00bbac68_4269,12231.086646598069
00bbac68_4270,12231.087977197123
00bbac68_4271,12231.071268074305
00bbac68_4272,12231.056428742408
00bbac68_4273,12231.02872723278
00bbac68_4274,12231.029675861984
00bbac68_4275,12231.00942037642
00bbac68_4276,12231.000621186464
00bbac68_4277,12230.97013960448
00bbac68_4278,12230.935666657062
00bbac68_4279,12230.930417491896
00bbac68_4280,12230.938810300317
00bbac68_4281,12230.907870398087
00bbac68_4282,12230.943864413788
00bbac68_4283,12230.973399430804
00bbac68_4284,12231.032223950057
00bbac68_4285,12231.065999649098
00bbac68_4286,12231.04890885112
00bbac68_4287,12231.056916801512
00bbac68_4288,12231.050570053589
00bbac68_4289,12231.083662568692
00bbac68_4290,12231.077744166061
00bbac68_4291,12231.056217996516
00bbac68_4292,12231.077623208408
00bbac68_4293,12231.125217568551
00bbac68_4294,12231.169913604586
00bbac68_4295,12231.180145200484
00bbac68_4296,12231.18635821724
00bbac68_4297,12231.196376322503
00bbac68_4298,12231.20076175851
00bbac68_4299,12231.202559548585
00bbac68_4300,12231.198553268368
00bbac68_4301,12231.188084068766
00bbac68_4302,12231.17724904423
00bbac68_4303,12231.15762451331
00bbac68_4304,12231.13964546722
00bbac68_4305,12231.125274044789
00bbac68_4306,12231.21023561731
00bbac68_4307,12231.21409992727
00bbac68_4308,12231.25097031297
00bbac68_4309,12231.177046766847
00bbac68_4310,12231.097088825054
00bbac68_4311,12230.980292724567
00bbac68_4312,12230.870497996446
00bbac68_4313,12230.862728791928
00bbac68_4314,12230.850602919947
00bbac68_4315,12230.890395711189
00bbac68_4316,12230.950758941884
00bbac68_4317,12230.985658995987
00bbac68_4318,12230.97566557883
00bbac68_4319,12230.956837224496
00bbac68_4320,12230.953555318341
00bbac68_4321,12230.968073096672
00bbac68_4322,12230.989988534679
00bbac68_4323,12231.003713333692
00bbac68_4324,12231.012710542915
00bbac68_4325,12231.039118226738
00bbac68_4326,12231.046165686468
00bbac68_4327,12231.03115969761
00bbac68_4328,12231.085870455716
00bbac68_4329,12231.10500900762
00bbac68_4330,12231.109381847842
00bbac68_4331,12231.112047120138
00bbac68_4332,12231.135155948738
00bbac68_4333,12231.166290995467
00bbac68_4334,12231.168700868455
00bbac68_4335,12231.152840165567
00bbac68_4336,12231.170955153428
00bbac68_4337,12231.2046209348
00bbac68_4338,12231.25101326723
00bbac68_4339,12231.262520606539
00bbac68_4340,12231.29072236608
00bbac68_4341,12231.269312655459
00bbac68_4342,12231.301724554904
00bbac68_4343,12231.33629131102
00bbac68_4344,12231.349746602053
00bbac68_4345,12231.368084623407
00bbac68_4346,12231.374941181812
00bbac68_4347,12231.391964289256
00bbac68_4348,12231.387569748313
00bbac68_4349,12231.395657459232
00bbac68_4350,12231.397453952357
00bbac68_4351,12231.400354327023
00bbac68_4352,12231.418434983776
00bbac68_4353,12231.415144929973
00bbac68_4354,12231.418263328716
00bbac68_4355,12231.422981718068
00bbac68_4356,12231.478715349205
00bbac68_4357,12231.4439615836
00bbac68_4358,12231.421964353902
00bbac68_4359,12231.43890811636
00bbac68_4360,12231.43559419924
00bbac68_4361,12231.456468167295
00bbac68_4362,12231.508937808096
00bbac68_4363,12231.44202684859
00bbac68_4364,12231.441104515063
00bbac68_4365,12231.457817013263
00bbac68_4366,12231.49306392414
00bbac68_4367,12231.53497025096
00bbac68_4368,12231.543367721222
00bbac68_4369,12231.47289047891
00bbac68_4370,12231.47207053334
00bbac68_4371,12231.534508160576
00bbac68_4372,12231.513330744201
00bbac68_4373,12231.475821662993
00bbac68_4374,12231.485502807196
00bbac68_4375,12231.486812460364
00bbac68_4376,12231.471606875773
00bbac68_4377,12231.461416543882
00bbac68_4378,12231.469124111129
00bbac68_4379,12231.427492105506
00bbac68_4380,12231.415177992836
00bbac68_4381,12231.510264126897
00bbac68_4382,12231.502255380034
00bbac68_4383,12231.53905487599
00bbac68_4384,12231.572440496439
00bbac68_4385,12231.560633851248
00bbac68_4386,12231.590855085924
00bbac68_4387,12231.59970900149
00bbac68_4388,12231.593312551917
00bbac68_4389,12231.593500832263
00bbac68_4390,12231.598486902105
00bbac68_4391,12231.599931967907
00bbac68_4392,12231.601354725342
00bbac68_4393,12231.592585413622
00bbac68_4394,12231.587666346792
00bbac68_4395,12231.590952547434
00bbac68_4396,12231.589645515398
00bbac68_4397,12231.59082485865
00bbac68_4398,12231.574401649843
00bbac68_4399,12231.563451175836
00bbac68_4400,12231.580696051587
00bbac68_4401,12231.589054129234
00bbac68_4402,12231.602661056279
00bbac68_4403,12231.611754547095
00bbac68_4404,12231.625476698748
00bbac68_4405,12231.621615484422
00bbac68_4406,12231.63689484523
00bbac68_4407,12231.619857863383
00bbac68_4408,12231.62405836627
00bbac68_4409,12231.632227523729
00bbac68_4410,12231.605061244605
00bbac68_4411,12231.615779239195
00bbac68_4412,12231.611090424347
00bbac68_4413,12231.612131059466
00bbac68_4414,12231.573827758079
00bbac68_4415,12231.558834219566
00bbac68_4416,12231.55677322426
00bbac68_4417,12231.529688814055
00bbac68_4418,12231.539142289024
00bbac68_4419,12231.505276478341
00bbac68_4420,12231.494783657457
00bbac68_4421,12231.494440108554
00bbac68_4422,12231.484967370978
00bbac68_4423,12231.430655232312
00bbac68_4424,12231.430096469008
00bbac68_4425,12231.43369836029
00bbac68_4426,12231.43535997876
00bbac68_4427,12231.442632647917
00bbac68_4428,12231.446537221911
00bbac68_4429,12231.462773273093
00bbac68_4430,12231.46767040746
00bbac68_4431,12231.47051886841
00bbac68_4432,12231.562458773406
00bbac68_4433,12231.565776252703
00bbac68_4434,12231.555539013052
00bbac68_4435,12231.546832847733
00bbac68_4436,12231.520251230808
00bbac68_4437,12231.4718624945
00bbac68_4438,12231.43127062303
00bbac68_4439,12231.404177661636
00bbac68_4440,12231.374873415356
00bbac68_4441,12231.355256103341
00bbac68_4442,12231.317320179414
00bbac68_4443,12231.289942100886
00bbac68_4444,12231.258499546568
00bbac68_4445,12231.219358346054
00bbac68_4446,12231.214566856295
00bbac68_4447,12231.215257563319
00bbac68_4448,12231.25391698991
00bbac68_4449,12231.282458250025
00bbac68_4450,12231.333052026537
00bbac68_4451,12231.376633064268
00bbac68_4452,12231.376342040321
00bbac68_4453,12231.321016894044
00bbac68_4454,12231.26023255643
00bbac68_4455,12231.20603113724
00bbac68_4456,12231.235860004566
00bbac68_4457,12231.245254576519
00bbac68_4458,12231.251929184646
00bbac68_4459,12231.27985583453
00bbac68_4460,12231.304871407467
00bbac68_4461,12231.311032486734
00bbac68_4462,12231.320311967613
00bbac68_4463,12231.332527952
00bbac68_4464,12231.3281428543
00bbac68_4465,12231.31867124208
00bbac68_4466,12231.3063895552
00bbac68_4467,12231.290570079393
00bbac68_4468,12231.272919323272
00bbac68_4469,12231.270116983858
00bbac68_4470,12231.250875975176
00bbac68_4471,12231.24813779747
00bbac68_4472,12231.26937616691
00bbac68_4473,12231.27383573052
00bbac68_4474,12231.267036758643
00bbac68_4475,12231.267380184236
00bbac68_4476,12231.263269820141
00bbac68_4477,12231.266491434872
00bbac68_4478,12231.259426875697
00bbac68_4479,12231.261695450388
00bbac68_4480,12231.265838043753
00bbac68_4481,12231.266092666798
00bbac68_4482,12231.257530835628
00bbac68_4483,12231.249504336873
00bbac68_4484,12231.247962898331
00bbac68_4485,12231.237122560698
00bbac68_4486,12231.228884433112
00bbac68_4487,12231.167343503852
00bbac68_4488,12231.150669245171
00bbac68_4489,12231.114168872138
00bbac68_4490,12231.088490061196
00bbac68_4491,12231.11088080012
00bbac68_4492,12231.097796886315
00bbac68_4493,12231.077940296374
00bbac68_4494,12231.089145128888
00bbac68_4495,12231.079751595407
00bbac68_4496,12231.079375400988
00bbac68_4497,12231.074757276981
00bbac68_4498,12231.073169238003
00bbac68_4499,12231.055957258144
00bbac68_4500,12231.057263371817
00bbac68_4501,12231.050225883502
00bbac68_4502,12231.031044352889
00bbac68_4503,12231.022018969446
00bbac68_4504,12231.003852861888
00bbac68_4505,12231.05811549271
00bbac68_4506,12231.07146327736
00bbac68_4507,12231.060054712942
00bbac68_4508,12231.041677203499
00bbac68_4509,12231.02674930587
00bbac68_4510,12231.020378870846
00bbac68_4511,12231.010903206865
00bbac68_4512,12231.01703419904
00bbac68_4513,12231.012226877612
00bbac68_4514,12230.996339725552
00bbac68_4515,12230.990233167224
00bbac68_4516,12230.96967803052
00bbac68_4517,12230.962446126232
00bbac68_4518,12230.954704947659
00bbac68_4519,12230.950734277487
00bbac68_4520,12230.936055001383
00bbac68_4521,12230.916196283026
00bbac68_4522,12230.877461584243
00bbac68_4523,12230.859326802025
00bbac68_4524,12230.883814392711
00bbac68_4525,12230.83601251745
00bbac68_4526,12230.82171405415
00bbac68_4527,12230.787846850028
00bbac68_4528,12230.792539673428
00bbac68_4529,12230.752047846825
00bbac68_4530,12230.725746740452
00bbac68_4531,12230.699466118054
00bbac68_4532,12230.626356845334
00bbac68_4533,12230.61993405582
00bbac68_4534,12230.564930265082
00bbac68_4535,12230.55780298384
00bbac68_4536,12230.54890103249
00bbac68_4537,12230.497255978335
00bbac68_4538,12230.460653471127
00bbac68_4539,12230.478678040425
00bbac68_4540,12230.414303788493
00bbac68_4541,12230.37467265302
00bbac68_4542,12230.360604420368
00bbac68_4543,12230.301199171521
00bbac68_4544,12230.262055690968
00bbac68_4545,12230.230028832842
00bbac68_4546,12230.169533806238
00bbac68_4547,12230.159046793775
00bbac68_4548,12230.1568463644
00bbac68_4549,12230.151010425086
00bbac68_4550,12230.071506422104
00bbac68_4551,12230.03217434376
00bbac68_4552,12230.03959343252
00bbac68_4553,12229.98360534957
00bbac68_4554,12229.931958517796
00bbac68_4555,12229.883682034826
00bbac68_4556,12229.345224575973
00bbac68_4557,12229.277025771735
00bbac68_4558,12229.257201519129
00bbac68_4559,12229.245532847057
00bbac68_4560,12229.227487552393
00bbac68_4561,12229.219698856148
00bbac68_4562,12229.161127487489
00bbac68_4563,12229.130198072502
00bbac68_4564,12229.103965334198
00bbac68_4565,12229.083822305265
00bbac68_4566,12229.022931849307
00bbac68_4567,12228.99582540189
00bbac68_4568,12228.947252494745
00bbac68_4569,12228.925390178269
00bbac68_4570,12228.890993075991
00bbac68_4571,12228.8842900588
00bbac68_4572,12228.827724975712
00bbac68_4573,12228.806378322417
00bbac68_4574,12228.768347810557
00bbac68_4575,12228.751070125567
00bbac68_4576,12228.731228600831
00bbac68_4577,12228.708427362293
00bbac68_4578,12228.653492077628
00bbac68_4579,12228.623188372845
00bbac68_4580,12228.56364174139
00bbac68_4581,12228.546050545536
00bbac68_4582,12228.539065817622
00bbac68_4583,12228.491591014648
00bbac68_4584,12228.462498863511
00bbac68_4585,12228.453064961199
00bbac68_4586,12228.458540419773
00bbac68_4587,12228.412554254191
00bbac68_4588,12228.399491608918
00bbac68_4589,12228.34273852216
00bbac68_4590,12228.291933538254
00bbac68_4591,12228.25522590071
00bbac68_4592,12228.22200425813
00bbac68_4593,12228.212914661672
00bbac68_4594,12228.195630064387
00bbac68_4595,12228.34370901501
00bbac68_4596,12228.446967479213
00bbac68_4597,12228.38920194017
00bbac68_4598,12228.316692099406
00bbac68_4599,12228.261995944838
00bbac68_4600,12228.255273761515
00bbac68_4601,12228.203496120012
00bbac68_4602,12228.172777553118
00bbac68_4603,12228.126270238965
00bbac68_4604,12228.058272965642
00bbac68_4605,12228.038149988191
00bbac68_4606,12227.977424716642
00bbac68_4607,12227.909162790738
00bbac68_4608,12227.853746171844
00bbac68_4609,12227.755712492297
00bbac68_4610,12227.668159373792
00bbac68_4611,12227.638303522595
00bbac68_4612,12227.616498046951
00bbac68_4613,12227.558307119578
00bbac68_4614,12227.542172793612
00bbac68_4615,12227.519191109375
00bbac68_4616,12227.456938093359
00bbac68_4617,12227.421889249516
00bbac68_4618,12227.39766549989
00bbac68_4619,12227.361470595355
00bbac68_4620,12227.340210854232
00bbac68_4621,12227.316134417088
00bbac68_4622,12227.325888022986
00bbac68_4623,12227.33028848514
00bbac68_4624,12227.32247881041
00bbac68_4625,12227.306571677967
00bbac68_4626,12227.29756179476
00bbac68_4627,12227.289481416277
00bbac68_4628,12227.307396133208
00bbac68_4629,12227.322153602383
00bbac68_4630,12227.344243736436
00bbac68_4631,12227.580154911191
00bbac68_4632,12227.672151465584
00bbac68_4633,12227.643472600661
00bbac68_4634,12227.628987388303
00bbac68_4635,12227.626995927178
00bbac68_4636,12227.623717018978
00bbac68_4637,12227.62824873679
00bbac68_4638,12227.676522636539
00bbac68_4639,12227.732380964608
00bbac68_4640,12227.789807842415
00bbac68_4641,12227.844448089158
00bbac68_4642,12227.881063569992
00bbac68_4643,12227.910242258626
00bbac68_4644,12227.87640961144
00bbac68_4645,12227.849183696653
00bbac68_4646,12227.822191766729
00bbac68_4647,12227.801178294174
00bbac68_4648,12227.777273678112
00bbac68_4649,12227.790059633131
00bbac68_4650,12227.791123287678
00bbac68_4651,12227.788170475504
00bbac68_4652,12227.77946275195
00bbac68_4653,12227.750586167069
00bbac68_4654,12227.562232303204
00bbac68_4655,12227.534642838285
00bbac68_4656,12227.555979973198
00bbac68_4657,12227.605336584029
00bbac68_4658,12227.651955853915
00bbac68_4659,12227.703006120259
00bbac68_4660,12227.730599122933
00bbac68_4661,12227.752035031974
00bbac68_4662,12227.761945514596
00bbac68_4663,12227.757096827936
00bbac68_4664,12227.79362679995
00bbac68_4665,12227.818005406134
00bbac68_4666,12227.810513684235
00bbac68_4667,12227.8183339516
00bbac68_4668,12227.87188087093
00bbac68_4669,12227.883458676322
00bbac68_4670,12227.830433641024
00bbac68_4671,12227.6812880504
00bbac68_4672,12227.554492916857
00bbac68_4673,12227.621462213141
00bbac68_4674,12227.64558250947
00bbac68_4675,12227.667072135082
00bbac68_4676,12227.672651818104
00bbac68_4677,12227.669518189618
00bbac68_4678,12227.655456678185
00bbac68_4679,12227.65665466955
00bbac68_4680,12227.677515630068
00bbac68_4681,12227.681398342806
00bbac68_4682,12227.68878543405
00bbac68_4683,12227.688933962185
00bbac68_4684,12227.704677325937
00bbac68_4685,12227.732094012074
00bbac68_4686,12227.737271398226
00bbac68_4687,12227.730622031746
00bbac68_4688,12227.768478044665
00bbac68_4689,12227.827294726614
00bbac68_4690,12227.861153046033
00bbac68_4691,12227.861193516346
00bbac68_4692,12227.87218243764
00bbac68_4693,12227.867290460896
00bbac68_4694,12227.873611542362
00bbac68_4695,12227.86543923931
00bbac68_4696,12227.86962722486
00bbac68_4697,12227.853131087657
00bbac68_4698,12227.847729827216
00bbac68_4699,12227.881384466693
00bbac68_4700,12227.906218700256
00bbac68_4701,12227.90696290418
00bbac68_4702,12227.880719941586
00bbac68_4703,12227.87026311416
00bbac68_4704,12227.907006737529
00bbac68_4705,12227.918314785551
00bbac68_4706,12227.936681169098
00bbac68_4707,12227.946210318538
00bbac68_4708,12227.994256322378
00bbac68_4709,12228.017456974874
00bbac68_4710,12228.01304107578
00bbac68_4711,12228.008089090623
00bbac68_4712,12228.04796052614
00bbac68_4713,12228.0864480743
00bbac68_4714,12228.09687295174
00bbac68_4715,12228.124665059324
00bbac68_4716,12228.113610323338
00bbac68_4717,12228.097111585186
00bbac68_4718,12228.066401164546
00bbac68_4719,12228.042145536376
00bbac68_4720,12228.009172709626
00bbac68_4721,12228.020136992274
00bbac68_4722,12228.029310322456
00bbac68_4723,12228.00795745236
00bbac68_4724,12228.026560255032
00bbac68_4725,12228.020572481315
00bbac68_4726,12228.003599461006
00bbac68_4727,12228.009405552843
00bbac68_4728,12228.026529353883
00bbac68_4729,12228.034793314719
00bbac68_4730,12228.062106996367
00bbac68_4731,12228.072235074796
00bbac68_4732,12228.05524492929
00bbac68_4733,12228.087887491485
00bbac68_4734,12227.871503530392
00bbac68_4735,12227.502047952778
00bbac68_4736,12227.589906154128
00bbac68_4737,12227.62016789473
00bbac68_4738,12227.611657982456
00bbac68_4739,12227.63785626079
00bbac68_4740,12227.667863205752
00bbac68_4741,12227.690501363464
00bbac68_4742,12227.731921778224
00bbac68_4743,12227.764949404353
00bbac68_4744,12227.808664334378
00bbac68_4745,12227.864866484917
00bbac68_4746,12227.883416643786
00bbac68_4747,12227.894129953835
00bbac68_4748,12227.921198552589
00bbac68_4749,12227.956523810075
00bbac68_4750,12227.995634804724
00bbac68_4751,12227.99044403621
00bbac68_4752,12227.905212215292
00bbac68_4753,12227.855763162872
00bbac68_4754,12227.901091714706
00bbac68_4755,12227.932929121042
00bbac68_4756,12227.963514570529
00bbac68_4757,12228.01474105309
00bbac68_4758,12228.004670628092
00bbac68_4759,12228.022252460301
00bbac68_4760,12228.048067170992
00bbac68_4761,12228.038269360759
00bbac68_4762,12228.035430091475
00bbac68_4763,12228.031455480852
00bbac68_4764,12228.009869085141
00bbac68_4765,12227.966596955433
00bbac68_4766,12227.93561291238
00bbac68_4767,12227.906554602792
00bbac68_4768,12227.879278368811
00bbac68_4769,12227.868474481755
00bbac68_4770,12227.877555866142
00bbac68_4771,12227.875779227563
00bbac68_4772,12227.884407977503
00bbac68_4773,12227.866512039604
00bbac68_4774,12227.86847897924
00bbac68_4775,12227.793962062728
00bbac68_4776,12227.754102854495
00bbac68_4777,12227.836799946712
00bbac68_4778,12227.86724213662
00bbac68_4779,12227.868851524232
00bbac68_4780,12227.850641602421
00bbac68_4781,12227.825173941783
00bbac68_4782,12227.766250339146
00bbac68_4783,12227.715037843782
00bbac68_4784,12227.713503203911
00bbac68_4785,12227.709689227007
00bbac68_4786,12227.755019924723
00bbac68_4787,12227.779603970614
00bbac68_4788,12227.823473746961
00bbac68_4789,12227.926198541898
00bbac68_4790,12227.980283436444
00bbac68_4791,12228.01050702963
00bbac68_4792,12228.023525756305
00bbac68_4793,12228.036817771503
00bbac68_4794,12228.052391357984
00bbac68_4795,12228.051660076628
00bbac68_4796,12228.075015127512
00bbac68_4797,12228.068122258786
00bbac68_4798,12228.056017519793
00bbac68_4799,12228.02643414716
00bbac68_4800,12228.046732904697
00bbac68_4801,12228.082655892533
00bbac68_4802,12228.146208302263
00bbac68_4803,12228.16738125489
00bbac68_4804,12228.187137758654
00bbac68_4805,12228.198859750426
00bbac68_4806,12228.182689005105
00bbac68_4807,12228.113900907192
00bbac68_4808,12228.05810916106
00bbac68_4809,12228.067234589369
00bbac68_4810,12228.073487119796
00bbac68_4811,12228.064107341896
00bbac68_4812,12228.066490770465
00bbac68_4813,12228.083381024084
00bbac68_4814,12228.096723014223
00bbac68_4815,12228.075292890482
00bbac68_4816,12227.932400192552
00bbac68_4817,12227.753385681528
00bbac68_4818,12227.452180131868
00bbac68_4819,12227.281048857205
00bbac68_4820,12227.28851375677
00bbac68_4821,12227.305040590149
00bbac68_4822,12227.289924061839
00bbac68_4823,12227.265755013887
00bbac68_4824,12227.228766432243
00bbac68_4825,12227.217163802421
00bbac68_4826,12227.18245249425
00bbac68_4827,12227.15766269132
00bbac68_4828,12227.135587310459
00bbac68_4829,12227.119337239345
00bbac68_4830,12227.09428966653
00bbac68_4831,12227.116789009018
00bbac68_4832,12227.131448090187
00bbac68_4833,12227.106471943789
00bbac68_4834,12227.118231251734
00bbac68_4835,12227.119623554167
00bbac68_4836,12227.132133659992
00bbac68_4837,12227.15824850918
00bbac68_4838,12227.16980321938
00bbac68_4839,12227.163041067666
00bbac68_4840,12227.168463452781
00bbac68_4841,12227.175272539336
00bbac68_4842,12227.162249396077
00bbac68_4843,12227.154775196937
00bbac68_4844,12227.153863683914
00bbac68_4845,12227.15096035903
00bbac68_4846,12227.165780578847
00bbac68_4847,12227.18417644694
00bbac68_4848,12227.222307010918
00bbac68_4849,12227.2287343055
00bbac68_4850,12227.213297937842
00bbac68_4851,12227.188284855798
00bbac68_4852,12227.195730063286
00bbac68_4853,12227.225129592865
00bbac68_4854,12227.2264111023
00bbac68_4855,12227.248180211745
00bbac68_4856,12227.238295736763
00bbac68_4857,12227.170547027496
00bbac68_4858,12227.192146947109
00bbac68_4859,12227.178584132711
00bbac68_4860,12227.210249313295
00bbac68_4861,12227.246645500274
00bbac68_4862,12227.256349872276
00bbac68_4863,12227.24387742817
00bbac68_4864,12227.24650710111
00bbac68_4865,12227.255703545201
00bbac68_4866,12227.263082775884
00bbac68_4867,12227.315111269709
00bbac68_4868,12227.334040936885
00bbac68_4869,12227.320847311948
00bbac68_4870,12227.243140834
00bbac68_4871,12227.208914247545
00bbac68_4872,12227.274884090904
00bbac68_4873,12227.21294870869
00bbac68_4874,12227.129975245447
00bbac68_4875,12227.037303585816
00bbac68_4876,12226.943410478034
00bbac68_4877,12226.884824373508
00bbac68_4878,12226.867021071408
00bbac68_4879,12226.878002676001
00bbac68_4880,12226.877442048035
00bbac68_4881,12226.87194298314
00bbac68_4882,12226.880178068455
00bbac68_4883,12226.872524681206
00bbac68_4884,12226.860191509404
00bbac68_4885,12226.831045106303
00bbac68_4886,12226.787849015063
00bbac68_4887,12226.717902605009
00bbac68_4888,12226.7221775954
00bbac68_4889,12226.77259648676
00bbac68_4890,12226.809397465171
00bbac68_4891,12226.892811778935
00bbac68_4892,12226.87411901556
00bbac68_4893,12226.771328657127
00bbac68_4894,12226.786179711824
00bbac68_4895,12226.791398002753
00bbac68_4896,12226.78154720548
00bbac68_4897,12226.778903930168
00bbac68_4898,12226.80130545164
00bbac68_4899,12226.803344407881
00bbac68_4900,12226.808643794002
00bbac68_4901,12226.850606726703
00bbac68_4902,12226.873169933548
00bbac68_4903,12226.876098219102
00bbac68_4904,12226.837326050361
00bbac68_4905,12226.792631967455
00bbac68_4906,12226.77137235526
00bbac68_4907,12226.784880755797
00bbac68_4908,12226.811732392349
00bbac68_4909,12226.789185013087
00bbac68_4910,12226.79272915522
00bbac68_4911,12226.83632734954
00bbac68_4912,12226.867923499482
00bbac68_4913,12226.91894202983
00bbac68_4914,12226.935391065448
00bbac68_4915,12226.85996360879
00bbac68_4916,12226.665188706827
00bbac68_4917,12226.527308958677
00bbac68_4918,12226.578865925692
00bbac68_4919,12226.598813184635
00bbac68_4920,12226.62686615615
00bbac68_4921,12226.676370023408
00bbac68_4922,12226.683978103645
00bbac68_4923,12226.702090895462
00bbac68_4924,12226.72061759436
00bbac68_4925,12226.766376443815
00bbac68_4926,12226.937819761652
00bbac68_4927,12227.07014316603
00bbac68_4928,12227.116228182078
00bbac68_4929,12227.13050198223
00bbac68_4930,12227.181313073332
00bbac68_4931,12227.207386755601
00bbac68_4932,12227.209096691176
00bbac68_4933,12227.21388530501
00bbac68_4934,12227.210869696213
00bbac68_4935,12227.24148971499
00bbac68_4936,12227.27710171993
00bbac68_4937,12227.284986106059
00bbac68_4938,12227.301460970994
00bbac68_4939,12227.301828575582
00bbac68_4940,12227.2712726402
00bbac68_4941,12227.27215909736
00bbac68_4942,12227.30281451291
00bbac68_4943,12227.319865863512
00bbac68_4944,12227.286630825929
00bbac68_4945,12227.28425156369
00bbac68_4946,12227.30807399326
00bbac68_4947,12227.352368339667
00bbac68_4948,12227.39072345168
00bbac68_4949,12227.379418580023
00bbac68_4950,12227.361140956747
00bbac68_4951,12227.388239858074
00bbac68_4952,12227.40883813628
00bbac68_4953,12227.40708416601
00bbac68_4954,12227.434900136119
00bbac68_4955,12227.456236386019
00bbac68_4956,12227.497490013806
00bbac68_4957,12227.555256403823
00bbac68_4958,12227.622181778584
00bbac68_4959,12227.636643590333
00bbac68_4960,12227.686339802183
00bbac68_4961,12227.703770861752
00bbac68_4962,12227.732142172461
00bbac68_4963,12227.746062391141
00bbac68_4964,12227.788310532731
00bbac68_4965,12227.80068367462
00bbac68_4966,12227.862239476908
00bbac68_4967,12227.92651283512
00bbac68_4968,12227.945189583641
00bbac68_4969,12227.974775837982
00bbac68_4970,12228.01359041494
00bbac68_4971,12228.069529254552
00bbac68_4972,12228.137402926292
00bbac68_4973,12228.184109356102
00bbac68_4974,12228.22606031122
00bbac68_4975,12228.249446374019
00bbac68_4976,12228.264470866805
00bbac68_4977,12228.254630522855
00bbac68_4978,12228.269346156854
00bbac68_4979,12228.279639705834
00bbac68_4980,12228.283879102642
00bbac68_4981,12228.287453653968
00bbac68_4982,12228.297114808638
00bbac68_4983,12228.322886210208
00bbac68_4984,12228.359667601311
00bbac68_4985,12228.41397069935
00bbac68_4986,12228.475754586241
00bbac68_4987,12228.539081124562
00bbac68_4988,12228.614089428966
00bbac68_4989,12228.6619013462
00bbac68_4990,12228.72335840594
00bbac68_4991,12228.759948750021
00bbac68_4992,12228.755048433568
00bbac68_4993,12228.782302461712
00bbac68_4994,12228.82195867269
00bbac68_4995,12228.868567367557
00bbac68_4996,12228.893202196032
00bbac68_4997,12228.910087672171
00bbac68_4998,12228.956278387548
00bbac68_4999,12228.988467763591
00bbac68_5000,12228.993626081297
00bbac68_5001,12228.999650898795
00bbac68_5002,12229.050786310874
00bbac68_5003,12229.127507720765
00bbac68_5004,12229.169600867388
00bbac68_5005,12229.197882039924
00bbac68_5006,12229.183653922857
00bbac68_5007,12229.12729919888
00bbac68_5008,12228.759535959087
00bbac68_5009,12228.654667155315
00bbac68_5010,12228.802752194159
00bbac68_5011,12228.742332815702
00bbac68_5012,12228.6771708982
00bbac68_5013,12228.614389868639
00bbac68_5014,12228.616717765959
00bbac68_5015,12228.552954012492
00bbac68_5016,12228.479260517477
00bbac68_5017,12228.433451716128
00bbac68_5018,12228.411222118983
00bbac68_5019,12228.40155823818
00bbac68_5020,12228.387767395376
00bbac68_5021,12228.367802914418
00bbac68_5022,12228.381503977476
00bbac68_5023,12228.367712069146
00bbac68_5024,12228.382917958654
00bbac68_5025,12228.393726962591
00bbac68_5026,12228.386634846986
00bbac68_5027,12228.373497390772
00bbac68_5028,12228.389003078682
00bbac68_5029,12228.38444969412
00bbac68_5030,12228.378229847513
00bbac68_5031,12228.34813148535
00bbac68_5032,12228.351254173347
00bbac68_5033,12228.331983016467
00bbac68_5034,12228.323143010832
00bbac68_5035,12228.332209089533
00bbac68_5036,12228.32226130298
00bbac68_5037,12228.3252772985
00bbac68_5038,12228.34329661628
00bbac68_5039,12228.368885626667
00bbac68_5040,12228.40145524426
00bbac68_5041,12228.434893948102
00bbac68_5042,12228.48897182798
00bbac68_5043,12228.531241370772
00bbac68_5044,12228.615499608824
00bbac68_5045,12228.698689406538
00bbac68_5046,12228.766401838859
00bbac68_5047,12228.821589410541
00bbac68_5048,12228.860792270521
00bbac68_5049,12228.905011299445
00bbac68_5050,12228.917057796343
00bbac68_5051,12228.857619830398
00bbac68_5052,12228.763047697077
00bbac68_5053,12228.64045159944
00bbac68_5054,12228.61922833714
00bbac68_5055,12228.63665759203
00bbac68_5056,12228.640093466129
00bbac68_5057,12228.632205121145
00bbac68_5058,12228.645321885931
00bbac68_5059,12228.647845198488
00bbac68_5060,12228.668783131465
00bbac68_5061,12228.68928815632
00bbac68_5062,12228.690487717897
00bbac68_5063,12228.688489575645
00bbac68_5064,12228.690375002121
00bbac68_5065,12228.681993737971
00bbac68_5066,12228.688375076232
00bbac68_5067,12228.737687533512
00bbac68_5068,12228.796170352334
00bbac68_5069,12228.805264613344
00bbac68_5070,12228.782700874513
00bbac68_5071,12228.775547349826
00bbac68_5072,12228.777166877368
00bbac68_5073,12228.829618760414
00bbac68_5074,12228.840076326436
00bbac68_5075,12228.809307690351
00bbac68_5076,12228.823915041161
00bbac68_5077,12228.831646836683
00bbac68_5078,12228.834329579926
00bbac68_5079,12228.829863920842
00bbac68_5080,12228.805854874496
00bbac68_5081,12228.7749465015
00bbac68_5082,12228.748870779611
00bbac68_5083,12228.75781353454
00bbac68_5084,12228.77144832998
00bbac68_5085,12228.74536712514
00bbac68_5086,12228.705528343502
00bbac68_5087,12228.733554014427
00bbac68_5088,12228.699638278256
00bbac68_5089,12228.690685276033
00bbac68_5090,12228.693883141157
00bbac68_5091,12228.659376898719
00bbac68_5092,12228.63146908045
00bbac68_5093,12228.568184655765
00bbac68_5094,12228.56630630023
00bbac68_5095,12228.5758175775
00bbac68_5096,12228.589633515814
00bbac68_5097,12228.58898369004
00bbac68_5098,12228.600901941
00bbac68_5099,12228.605709443582
00bbac68_5100,12228.607177487234
00bbac68_5101,12228.600718481406
00bbac68_5102,12228.573249216526
00bbac68_5103,12228.554810876287
00bbac68_5104,12228.529778283895
00bbac68_5105,12228.402940646301
00bbac68_5106,12228.31915506545
00bbac68_5107,12228.269848620215
00bbac68_5108,12228.276390038087
00bbac68_5109,12228.268312471944
00bbac68_5110,12228.260634438633
00bbac68_5111,12228.28454327704
00bbac68_5112,12228.26986404614
00bbac68_5113,12228.290791971178
00bbac68_5114,12228.307036111304
00bbac68_5115,12228.306265700423
00bbac68_5116,12228.295275042272
00bbac68_5117,12228.301437750937
00bbac68_5118,12228.30457604438
00bbac68_5119,12228.340206836963
00bbac68_5120,12228.327467054358
00bbac68_5121,12228.344904385658
00bbac68_5122,12228.365096263162
00bbac68_5123,12228.359577535655
00bbac68_5124,12228.34046865032
00bbac68_5125,12228.325255321162
00bbac68_5126,12228.332220540502
00bbac68_5127,12228.326265163738
00bbac68_5128,12228.350743815574
00bbac68_5129,12228.391478242482
00bbac68_5130,12228.404740044265
00bbac68_5131,12228.40078687941
00bbac68_5132,12228.430380174168
00bbac68_5133,12228.430907402633
00bbac68_5134,12228.43558816723
00bbac68_5135,12228.445928478599
00bbac68_5136,12228.45064509994
00bbac68_5137,12228.453647264494
00bbac68_5138,12228.447903864675
00bbac68_5139,12228.444833888412
00bbac68_5140,12228.420034747201
00bbac68_5141,12228.430442812463
00bbac68_5142,12228.453511998698
00bbac68_5143,12228.423595440781
00bbac68_5144,12228.454119703776
00bbac68_5145,12228.454696975912
00bbac68_5146,12228.483077071356
00bbac68_5147,12228.494380464337
00bbac68_5148,12228.503435678176
00bbac68_5149,12228.499237086793
00bbac68_5150,12228.512740124785
00bbac68_5151,12228.54018260113
00bbac68_5152,12228.546858921105
00bbac68_5153,12228.567452121924
00bbac68_5154,12228.569397556006
00bbac68_5155,12228.59231086941
00bbac68_5156,12228.653390791615
00bbac68_5157,12228.696886141592
00bbac68_5158,12228.783711870128
00bbac68_5159,12228.646495247267
00bbac68_5160,12228.293343779651
00bbac68_5161,12228.073592563971
00bbac68_5162,12228.04477272601
00bbac68_5163,12228.0599170764
00bbac68_5164,12228.129582924666
00bbac68_5165,12228.173001616304
00bbac68_5166,12228.179431489794
00bbac68_5167,12228.199902680102
00bbac68_5168,12228.228413900324
00bbac68_5169,12228.228799467644
00bbac68_5170,12228.261943433477
00bbac68_5171,12228.247907475947
00bbac68_5172,12228.220198291956
00bbac68_5173,12228.244895867349
00bbac68_5174,12228.269431211644
00bbac68_5175,12228.264448204904
00bbac68_5176,12228.303680063778
00bbac68_5177,12228.337919374768
00bbac68_5178,12228.338760623814
00bbac68_5179,12228.330345243063
00bbac68_5180,12228.319933928866
00bbac68_5181,12228.320743383509
00bbac68_5182,12228.315866320718
00bbac68_5183,12228.308486657888
00bbac68_5184,12228.312875619275
00bbac68_5185,12228.25655153439
00bbac68_5186,12228.07058423965
00bbac68_5187,12227.54841433563
00bbac68_5188,12227.184253856969
00bbac68_5189,12227.222384938226
00bbac68_5190,12227.332160160488
00bbac68_5191,12227.442246239729
00bbac68_5192,12227.57701292876
00bbac68_5193,12227.643357977868
00bbac68_5194,12227.643449918856
00bbac68_5195,12227.667400178954
00bbac68_5196,12227.726064199847
00bbac68_5197,12227.77013120565
00bbac68_5198,12227.786076073698
00bbac68_5199,12227.816351874902
00bbac68_5200,12227.86905496244
00bbac68_5201,12227.91290668973
00bbac68_5202,12227.956519348183
00bbac68_5203,12227.990989953221
00bbac68_5204,12228.032329745929
00bbac68_5205,12228.0464922649
00bbac68_5206,12228.049351599531
00bbac68_5207,12227.897836771175
00bbac68_5208,12227.613235507475
00bbac68_5209,12227.425844912417
00bbac68_5210,12227.467676395256
00bbac68_5211,12227.545397894934
00bbac68_5212,12227.629541993589
00bbac68_5213,12227.491285695942
00bbac68_5214,12227.33448403263
00bbac68_5215,12227.443847622235
00bbac68_5216,12227.557117644339
00bbac68_5217,12227.610650192679
00bbac68_5218,12227.641384722854
00bbac68_5219,12227.68550875424
00bbac68_5220,12227.742558849775
00bbac68_5221,12227.771012739038
00bbac68_5222,12227.811793836026
00bbac68_5223,12227.8461191107
00bbac68_5224,12227.890499231244
00bbac68_5225,12227.929580420343
00bbac68_5226,12227.970335823204
00bbac68_5227,12228.001168703064
00bbac68_5228,12228.021768620469
00bbac68_5229,12228.033859387313
00bbac68_5230,12228.051947068223
00bbac68_5231,12228.051950611625
00bbac68_5232,12228.073937115614
00bbac68_5233,12228.080731464353
00bbac68_5234,12228.053621781426
00bbac68_5235,12228.03720997815
00bbac68_5236,12228.050963377533
00bbac68_5237,12228.040872594845
00bbac68_5238,12228.04982433664
00bbac68_5239,12228.048788229084
00bbac68_5240,12228.05522443556
00bbac68_5241,12228.091861255443
00bbac68_5242,12228.095816275281
00bbac68_5243,12228.073087277382
00bbac68_5244,12228.052299556686
00bbac68_5245,12228.045603592807
00bbac68_5246,12228.034768389081
00bbac68_5247,12228.03060480069
00bbac68_5248,12228.043276421646
00bbac68_5249,12228.10819933297
00bbac68_5250,12228.112095073504
00bbac68_5251,12228.10987891235
00bbac68_5252,12228.139837250179
00bbac68_5253,12228.148262499222
00bbac68_5254,12228.161269070353
00bbac68_5255,12228.140900421182
00bbac68_5256,12228.130638308023
00bbac68_5257,12228.122502705382
00bbac68_5258,12228.101330169138
00bbac68_5259,12228.09035490082
00bbac68_5260,12228.066544115769
00bbac68_5261,12228.048376433278
00bbac68_5262,12228.03603333212
00bbac68_5263,12228.015909148686
00bbac68_5264,12228.011118244878
00bbac68_5265,12228.003848659311
00bbac68_5266,12227.98864777842
00bbac68_5267,12227.982919034475
00bbac68_5268,12227.948436171291
00bbac68_5269,12227.835302016934
00bbac68_5270,12227.68612873576
00bbac68_5271,12227.542727935179
00bbac68_5272,12227.56460672304
00bbac68_5273,12227.590622131134
00bbac68_5274,12227.603595602064
00bbac68_5275,12227.605742911304
00bbac68_5276,12227.604410332937
00bbac68_5277,12227.588057611454
00bbac68_5278,12227.574054500183
00bbac68_5279,12227.585890650422
00bbac68_5280,12227.579154517112
00bbac68_5281,12227.572104045725
00bbac68_5282,12227.534952811151
00bbac68_5283,12227.467428211465
00bbac68_5284,12227.411613134598
00bbac68_5285,12227.356139055228
00bbac68_5286,12227.345977628778
00bbac68_5287,12227.333846207195
00bbac68_5288,12227.371184841519
00bbac68_5289,12227.420792834164
00bbac68_5290,12227.458789463024
00bbac68_5291,12227.480724521616
00bbac68_5292,12227.473741987047
00bbac68_5293,12227.45027926809
00bbac68_5294,12227.399739507693
00bbac68_5295,12227.399096758105
00bbac68_5296,12227.40807057442
00bbac68_5297,12227.418365230507
00bbac68_5298,12227.414692949207
00bbac68_5299,12227.435242130314
00bbac68_5300,12227.486822238381
00bbac68_5301,12227.466499600903
00bbac68_5302,12227.45463386586
00bbac68_5303,12227.444871004087
00bbac68_5304,12227.483625840918
00bbac68_5305,12227.518303091721
00bbac68_5306,12227.538058989348
00bbac68_5307,12227.551255897553
00bbac68_5308,12227.562193713093
00bbac68_5309,12227.554023910992
00bbac68_5310,12227.555257809192
00bbac68_5311,12227.554369681704
00bbac68_5312,12227.551991870801
00bbac68_5313,12227.578116798373
00bbac68_5314,12227.569521360092
00bbac68_5315,12227.558755254679
00bbac68_5316,12227.540926739151
00bbac68_5317,12227.52870038654
00bbac68_5318,12227.510623040012
00bbac68_5319,12227.452079864439
00bbac68_5320,12227.432143017553
00bbac68_5321,12227.399423155757
00bbac68_5322,12227.399959453012
00bbac68_5323,12227.414744128897
00bbac68_5324,12227.430606836537
00bbac68_5325,12227.404935756984
00bbac68_5326,12227.401688349051
00bbac68_5327,12227.415190367134
00bbac68_5328,12227.474628968172
00bbac68_5329,12227.531418689563
00bbac68_5330,12227.557372208708
00bbac68_5331,12227.57907406678
00bbac68_5332,12227.60726120164
00bbac68_5333,12227.638748019996
00bbac68_5334,12227.629157961908
00bbac68_5335,12227.660004905803
00bbac68_5336,12227.66277469332
00bbac68_5337,12227.66303673654
00bbac68_5338,12227.6831923838
00bbac68_5339,12227.698752907765
00bbac68_5340,12227.692701836455
00bbac68_5341,12227.681830119212
00bbac68_5342,12227.69139022227
00bbac68_5343,12227.69121072919
00bbac68_5344,12227.674339816342
00bbac68_5345,12227.692165779035
00bbac68_5346,12227.710566296948
00bbac68_5347,12227.711753940577
00bbac68_5348,12227.709607414843
00bbac68_5349,12227.725302966854
00bbac68_5350,12227.717055574398
00bbac68_5351,12227.711503318791
00bbac68_5352,12227.689345030682
00bbac68_5353,12227.646854193008
00bbac68_5354,12227.733498163954
00bbac68_5355,12227.770530359576
00bbac68_5356,12227.813212392377
00bbac68_5357,12227.835982048422
00bbac68_5358,12227.828696662458
00bbac68_5359,12227.833375888622
00bbac68_5360,12227.794094680117
00bbac68_5361,12227.777297267277
00bbac68_5362,12227.767459625542
00bbac68_5363,12227.751502798428
00bbac68_5364,12227.748094664157
00bbac68_5365,12227.734729059126
00bbac68_5366,12227.709305780945
00bbac68_5367,12227.70700261314
00bbac68_5368,12227.721316999628
00bbac68_5369,12227.73516258941
00bbac68_5370,12227.744437155874
00bbac68_5371,12227.745205034964
00bbac68_5372,12227.755844384079
00bbac68_5373,12227.762647858512
00bbac68_5374,12227.74938518294
00bbac68_5375,12227.743158633271
00bbac68_5376,12227.768294032594
00bbac68_5377,12227.778090285137
00bbac68_5378,12227.797138257938
00bbac68_5379,12227.805820276277
00bbac68_5380,12227.808319658603
00bbac68_5381,12227.812732543469
00bbac68_5382,12227.801886300507
00bbac68_5383,12227.793261769075
00bbac68_5384,12227.753658025797
00bbac68_5385,12227.778930678269
00bbac68_5386,12227.787902751836
00bbac68_5387,12227.796409146733
00bbac68_5388,12227.769774992845
00bbac68_5389,12227.747439120081
00bbac68_5390,12227.716864170852
00bbac68_5391,12227.705334542366
00bbac68_5392,12227.7076545395
00bbac68_5393,12227.693213718605
00bbac68_5394,12227.69563670349
00bbac68_5395,12227.703108781046
00bbac68_5396,12227.699695147134
00bbac68_5397,12227.686838403082
00bbac68_5398,12227.680137266321
00bbac68_5399,12227.680531302194
00bbac68_5400,12227.69694893614
00bbac68_5401,12227.684162525798
00bbac68_5402,12227.691444351225
00bbac68_5403,12227.683698466084
00bbac68_5404,12227.692925467665
00bbac68_5405,12227.692874667624
00bbac68_5406,12227.692344414167
00bbac68_5407,12227.663044331417
00bbac68_5408,12227.664208531229
00bbac68_5409,12227.638636504831
00bbac68_5410,12227.62943174595
00bbac68_5411,12227.630199945184
00bbac68_5412,12227.618446882305
00bbac68_5413,12227.560293905697
00bbac68_5414,12227.530177390352
00bbac68_5415,12227.522070088327
00bbac68_5416,12227.525203594927
00bbac68_5417,12227.487518163849
00bbac68_5418,12227.460660926745
00bbac68_5419,12227.440405434492
00bbac68_5420,12227.41421668894
00bbac68_5421,12227.41317745008
00bbac68_5422,12227.388804996543
00bbac68_5423,12227.368391111053
00bbac68_5424,12227.277556025976
00bbac68_5425,12227.261846657084
00bbac68_5426,12227.26826743319
00bbac68_5427,12227.234579727745
00bbac68_5428,12227.226661367526
00bbac68_5429,12227.140090421834
00bbac68_5430,12227.073547593058
00bbac68_5431,12227.042338654932
00bbac68_5432,12227.013299018265
00bbac68_5433,12227.020009630854
00bbac68_5434,12227.068918617424
00bbac68_5435,12227.021698528017
00bbac68_5436,12226.999044400956
00bbac68_5437,12226.869457530398
00bbac68_5438,12226.841925181818
00bbac68_5439,12226.8382934173
00bbac68_5440,12226.83256816282
00bbac68_5441,12226.899350703643
00bbac68_5442,12226.966258476084
00bbac68_5443,12227.013361472951
00bbac68_5444,12227.011651453771
00bbac68_5445,12226.963659291565
00bbac68_5446,12226.874897364243
00bbac68_5447,12226.796404219038
00bbac68_5448,12226.843985621841
00bbac68_5449,12226.883028700478
00bbac68_5450,12226.878732217016
00bbac68_5451,12226.807624975354
00bbac68_5452,12226.793304690882
00bbac68_5453,12226.791693949988
00bbac68_5454,12226.797975531383
00bbac68_5455,12226.790788732707
00bbac68_5456,12226.777264451688
00bbac68_5457,12226.774026617893
00bbac68_5458,12226.79630439463
00bbac68_5459,12226.834922664308
00bbac68_5460,12226.849929223266
00bbac68_5461,12226.868947435905
00bbac68_5462,12226.875349472979
00bbac68_5463,12226.889563845485
00bbac68_5464,12226.940580368831
00bbac68_5465,12226.972638853465
00bbac68_5466,12227.002138895608
00bbac68_5467,12227.015219015968
00bbac68_5468,12227.028875984834
00bbac68_5469,12227.066239314561
00bbac68_5470,12227.106455347875
00bbac68_5471,12227.122000672001
00bbac68_5472,12227.125923354653
00bbac68_5473,12227.143376465781
00bbac68_5474,12227.178331991896
00bbac68_5475,12227.172812120709
00bbac68_5476,12227.147975023187
00bbac68_5477,12227.139801915855
00bbac68_5478,12227.1349266382
00bbac68_5479,12227.124571669548
00bbac68_5480,12227.111833228584
00bbac68_5481,12227.096122385145
00bbac68_5482,12227.06064086567
00bbac68_5483,12227.023353765415
00bbac68_5484,12226.987379791808
00bbac68_5485,12226.953021133831
00bbac68_5486,12226.886918170192
00bbac68_5487,12226.830645479266
00bbac68_5488,12226.797346758352
00bbac68_5489,12226.707378038169
00bbac68_5490,12226.621308875878
00bbac68_5491,12226.585991430884
00bbac68_5492,12226.521872536645
00bbac68_5493,12226.45191775193
00bbac68_5494,12226.42262953972
00bbac68_5495,12226.352253696397
00bbac68_5496,12226.253342354405
00bbac68_5497,12226.122195074404
00bbac68_5498,12226.074304982048
00bbac68_5499,12226.049125722544
00bbac68_5500,12226.008645669139
00bbac68_5501,12225.979187412595
00bbac68_5502,12225.961607961079
00bbac68_5503,12225.933825409867
00bbac68_5504,12225.924870164547
00bbac68_5505,12225.92258168763
00bbac68_5506,12225.895563585145
00bbac68_5507,12225.878249253026
00bbac68_5508,12225.840163022633
00bbac68_5509,12225.804487441632
00bbac68_5510,12225.742175727697
00bbac68_5511,12225.726537404593
00bbac68_5512,12225.698354839134
00bbac68_5513,12225.664047657543
00bbac68_5514,12225.622754351401
00bbac68_5515,12225.593611802396
00bbac68_5516,12225.584005840292
00bbac68_5517,12225.54364428046
00bbac68_5518,12225.497546422863
00bbac68_5519,12225.435898609332
00bbac68_5520,12225.347052939262
00bbac68_5521,12225.26573149877
00bbac68_5522,12225.165734149225
00bbac68_5523,12225.02474509566
00bbac68_5524,12224.875152277937
00bbac68_5525,12224.772999452412
00bbac68_5526,12224.762070492128
00bbac68_5527,12224.595926832844
00bbac68_5528,12224.464140838347
00bbac68_5529,12224.322270335439
00bbac68_5530,12224.168866624736
00bbac68_5531,12224.015335571965
00bbac68_5532,12223.925096621275
00bbac68_5533,12223.845278546883
00bbac68_5534,12223.78197133059
00bbac68_5535,12223.659339219863
00bbac68_5536,12223.52548858197
00bbac68_5537,12223.38355437579
00bbac68_5538,12223.26141525577
00bbac68_5539,12223.146174604082
00bbac68_5540,12223.06228125585
00bbac68_5541,12222.984137397654
00bbac68_5542,12222.924408027768
00bbac68_5543,12222.872685752418
00bbac68_5544,12222.823234452833
00bbac68_5545,12222.782106643072
00bbac68_5546,12222.752798976035
00bbac68_5547,12222.723128958409
00bbac68_5548,12222.693705738888
00bbac68_5549,12222.668323630573
00bbac68_5550,12222.636325556297
00bbac68_5551,12222.583046701136
00bbac68_5552,12222.53735233038
00bbac68_5553,12222.481951833528
00bbac68_5554,12222.435187938718
00bbac68_5555,12222.379216601255
00bbac68_5556,12222.358039997664
00bbac68_5557,12222.346527086376
00bbac68_5558,12222.34160498847
00bbac68_5559,12222.32463358176
00bbac68_5560,12222.306926651196
00bbac68_5561,12222.282159606453
00bbac68_5562,12222.22884172339
00bbac68_5563,12222.173324159532
00bbac68_5564,12222.093966928735
00bbac68_5565,12222.00470864964
00bbac68_5566,12221.955295419939
00bbac68_5567,12221.92542651299
00bbac68_5568,12221.899601967007
00bbac68_5569,12221.850746616556
00bbac68_5570,12221.834924372113
00bbac68_5571,12221.799440599028
00bbac68_5572,12221.767510611095
00bbac68_5573,12221.720716775497
00bbac68_5574,12221.667003796716
00bbac68_5575,12221.636759008214
00bbac68_5576,12221.592511367511
00bbac68_5577,12221.550316094266
00bbac68_5578,12221.51208728929
00bbac68_5579,12221.492099803047
00bbac68_5580,12221.447144332536
00bbac68_5581,12221.391099745584
00bbac68_5582,12221.336523384165
00bbac68_5583,12221.297787699623
00bbac68_5584,12221.261045604904
00bbac68_5585,12221.198470091082
00bbac68_5586,12221.129449048742
00bbac68_5587,12221.073011063978
00bbac68_5588,12220.993776517102
00bbac68_5589,12220.993418449149
00bbac68_5590,12220.974173934606
00bbac68_5591,12220.938782245901
00bbac68_5592,12220.87947124791
00bbac68_5593,12220.878946435076
00bbac68_5594,12220.853715905021
00bbac68_5595,12220.844972044662
00bbac68_5596,12220.847756828593
00bbac68_5597,12220.798827331433
00bbac68_5598,12220.726093030315
00bbac68_5599,12220.69301510947
00bbac68_5600,12220.645745253263
00bbac68_5601,12220.660852244624
00bbac68_5602,12220.629597880768
00bbac68_5603,12220.585377149797
00bbac68_5604,12220.557146331164
00bbac68_5605,12220.583389640246
00bbac68_5606,12220.57472336
00bbac68_5607,12220.554359200622
00bbac68_5608,12220.496313696254
00bbac68_5609,12220.460841533823
00bbac68_5610,12220.508522950611
00bbac68_5611,12220.517099469162
00bbac68_5612,12220.537596498678
00bbac68_5613,12220.503518068099
00bbac68_5614,12220.505857500168
00bbac68_5615,12220.595762802755
00bbac68_5616,12220.70112560741
00bbac68_5617,12220.78156131168
00bbac68_5618,12220.81916740341
00bbac68_5619,12220.889492779726
00bbac68_5620,12220.870075509316
00bbac68_5621,12220.880538732948
00bbac68_5622,12220.920284962416
00bbac68_5623,12220.893047020814
00bbac68_5624,12220.766932483579
00bbac68_5625,12220.618385403675
00bbac68_5626,12220.572154068735
00bbac68_5627,12220.42334545219
00bbac68_5628,12220.28547061756
00bbac68_5629,12220.19724023137
00bbac68_5630,12220.11476508619
00bbac68_5631,12220.07425672156
00bbac68_5632,12220.0450375394
00bbac68_5633,12219.796268347869
00bbac68_5634,12219.5727798023
00bbac68_5635,12219.42077642782
00bbac68_5636,12219.326274762745
00bbac68_5637,12219.334281167989
00bbac68_5638,12219.278099809482
00bbac68_5639,12219.170893213655
00bbac68_5640,12219.085408293176
00bbac68_5641,12219.010545075547
00bbac68_5642,12218.974592517967
00bbac68_5643,12218.931316862378
00bbac68_5644,12218.885463928924
00bbac68_5645,12218.83809984207
00bbac68_5646,12218.799418290915
00bbac68_5647,12218.760867986088
00bbac68_5648,12218.730828987927
00bbac68_5649,12218.699555571326
00bbac68_5650,12218.677481999623
00bbac68_5651,12218.661834381579
00bbac68_5652,12218.6428835362
00bbac68_5653,12218.62901631095
00bbac68_5654,12218.615196299217
00bbac68_5655,12218.61672606079
00bbac68_5656,12218.629917779497
00bbac68_5657,12218.621796207784
00bbac68_5658,12218.651921625173
00bbac68_5659,12218.58572845753
00bbac68_5660,12218.554949910087
00bbac68_5661,12218.459429288296
00bbac68_5662,12218.268113685013
00bbac68_5663,12218.033522011683
00bbac68_5664,12217.81616885233
00bbac68_5665,12217.665406961625
00bbac68_5666,12217.459111042892
00bbac68_5667,12217.315948948995
00bbac68_5668,12217.194599415992
00bbac68_5669,12217.098698010665
00bbac68_5670,12217.015113629535
00bbac68_5671,12216.973915123059
00bbac68_5672,12216.931028790797
00bbac68_5673,12216.897233039774
00bbac68_5674,12216.849580328686
00bbac68_5675,12216.793120785082
00bbac68_5676,12216.764198195011
00bbac68_5677,12216.667371099044
00bbac68_5678,12216.628801163668
00bbac68_5679,12216.55398485526
00bbac68_5680,12216.530687207607
00bbac68_5681,12216.538226995615
00bbac68_5682,12216.445701210989
00bbac68_5683,12216.43957619127
00bbac68_5684,12216.444368098022
00bbac68_5685,12216.463451291325
00bbac68_5686,12216.337110368218
00bbac68_5687,12216.220381096191
00bbac68_5688,12216.108149477477
00bbac68_5689,12216.114638541525
00bbac68_5690,12215.970978229529
00bbac68_5691,12215.829143778343
00bbac68_5692,12215.799294548726
00bbac68_5693,12215.701814176518
00bbac68_5694,12215.590785812006
00bbac68_5695,12215.511969067025
00bbac68_5696,12215.488809648792
00bbac68_5697,12215.400335748902
00bbac68_5698,12215.340058078547
00bbac68_5699,12215.319525384048
00bbac68_5700,12215.208247118066
00bbac68_5701,12215.171861809884
00bbac68_5702,12215.14737877139
00bbac68_5703,12215.070464011576
00bbac68_5704,12215.048081911847
00bbac68_5705,12215.014119120216
00bbac68_5706,12214.909701385814
00bbac68_5707,12214.852105911728
00bbac68_5708,12214.826368511838
00bbac68_5709,12214.762628382565
00bbac68_5710,12214.690629366343
00bbac68_5711,12214.631067350996
00bbac68_5712,12214.569727724913
00bbac68_5713,12214.543893751656
00bbac68_5714,12214.487651744335
00bbac68_5715,12214.426373918357
00bbac68_5716,12214.409964311697
00bbac68_5717,12214.323430672273
00bbac68_5718,12214.313674237173
00bbac68_5719,12214.20744531231
00bbac68_5720,12214.139168828424
00bbac68_5721,12214.12635755987
00bbac68_5722,12213.990982336918
00bbac68_5723,12214.017619813123
00bbac68_5724,12213.979920864545
00bbac68_5725,12213.964225007272
00bbac68_5726,12213.887385649063
00bbac68_5727,12213.820453632143
00bbac68_5728,12213.771327606115
00bbac68_5729,12213.650483453323
00bbac68_5730,12213.60294001799
00bbac68_5731,12213.486013470201
00bbac68_5732,12213.447987349291
00bbac68_5733,12213.37970360783
00bbac68_5734,12213.35630430796
00bbac68_5735,12213.259403929755
00bbac68_5736,12213.228102538964
00bbac68_5737,12213.174302280953
00bbac68_5738,12213.134070326912
00bbac68_5739,12213.051907844689
00bbac68_5740,12213.095030394348
00bbac68_5741,12213.034682323561
00bbac68_5742,12213.018073872716
00bbac68_5743,12212.942340864774
00bbac68_5744,12212.940401339118
00bbac68_5745,12212.790962574843
00bbac68_5746,12212.761733935207
00bbac68_5747,12212.716855382017
00bbac68_5748,12212.594588912612
00bbac68_5749,12212.575748025825
00bbac68_5750,12212.491279540958
00bbac68_5751,12212.479732671885
00bbac68_5752,12212.401156624628
00bbac68_5753,12212.391717301552
00bbac68_5754,12212.33294036026
00bbac68_5755,12212.256966643849
00bbac68_5756,12212.262090396784
00bbac68_5757,12212.198917669295
00bbac68_5758,12212.339393130167
00bbac68_5759,12212.270800253476
00bbac68_5760,12212.252747735803
00bbac68_5761,12212.207112688944
00bbac68_5762,12212.266513503238
00bbac68_5763,12212.20242419933
00bbac68_5764,12212.150372265087
00bbac68_5765,12212.196508261726
00bbac68_5766,12212.17049397457
00bbac68_5767,12212.256132525476
00bbac68_5768,12212.334022375191
00bbac68_5769,12212.49511164581
00bbac68_5770,12212.554296078926
00bbac68_5771,12212.649387309506
00bbac68_5772,12212.715332904256
00bbac68_5773,12212.701867423591
00bbac68_5774,12212.745406539634
00bbac68_5775,12212.674303252208
00bbac68_5776,12212.723154143172
00bbac68_5777,12212.680554078212
00bbac68_5778,12212.72619279044
00bbac68_5779,12212.752521862709
00bbac68_5780,12212.826659930219
00bbac68_5781,12212.700958749225
00bbac68_5782,12212.535426297358
00bbac68_5783,12212.433845309686
00bbac68_5784,12212.273285387939
00bbac68_5785,12212.31482247632
00bbac68_5786,12212.194223291948
00bbac68_5787,12212.084608508669
00bbac68_5788,12211.955134642
00bbac68_5789,12211.720165062514
00bbac68_5790,12211.547215099348
00bbac68_5791,12211.43291350134
00bbac68_5792,12211.266126409353
00bbac68_5793,12211.213707515857
00bbac68_5794,12211.170183818987
00bbac68_5795,12211.066007862886
00bbac68_5796,12211.021888857033
00bbac68_5797,12210.995398508725
00bbac68_5798,12210.902117183481
00bbac68_5799,12210.854077167207
00bbac68_5800,12210.836846130896
00bbac68_5801,12210.746547940189
00bbac68_5802,12210.747375519311
00bbac68_5803,12210.718169171196
00bbac68_5804,12210.685623278365
00bbac68_5805,12210.655399046555
00bbac68_5806,12210.628833258881
00bbac68_5807,12210.653685109568
00bbac68_5808,12210.5655488315
00bbac68_5809,12210.50660746707
00bbac68_5810,12210.425586699208
00bbac68_5811,12210.358687494054
00bbac68_5812,12210.313171884107
00bbac68_5813,12210.230092901205
00bbac68_5814,12210.125848722395
00bbac68_5815,12210.061403362266
00bbac68_5816,12210.01803512336
00bbac68_5817,12209.993441323662
00bbac68_5818,12209.860309644302
00bbac68_5819,12209.8162443408
00bbac68_5820,12209.769283768877
00bbac68_5821,12209.730040268994
00bbac68_5822,12209.706753432238
00bbac68_5823,12209.72388004166
00bbac68_5824,12209.668551568393
00bbac68_5825,12209.6380554734
00bbac68_5826,12209.680007614841
00bbac68_5827,12209.655237512707
00bbac68_5828,12209.621238363456
00bbac68_5829,12209.580670372248
00bbac68_5830,12209.533481164473
00bbac68_5831,12209.494542504845
00bbac68_5832,12209.347108709075
00bbac68_5833,12209.314579625128
00bbac68_5834,12209.271453262194
00bbac68_5835,12209.21797702736
00bbac68_5836,12209.215326588896
00bbac68_5837,12209.284787031496
00bbac68_5838,12209.23216499354
00bbac68_5839,12209.144654589818
00bbac68_5840,12209.04580350174
00bbac68_5841,12209.020788207126
00bbac68_5842,12208.989987323288
00bbac68_5843,12208.969070444935
00bbac68_5844,12208.978924448074
00bbac68_5845,12208.908869349716
00bbac68_5846,12208.889293433518
00bbac68_5847,12208.856031908312
00bbac68_5848,12208.88691120923
00bbac68_5849,12208.84900673103
00bbac68_5850,12208.823004453845
00bbac68_5851,12208.771284896222
00bbac68_5852,12208.639876019595
00bbac68_5853,12208.680269182672
00bbac68_5854,12208.640155877738
00bbac68_5855,12208.569843219975
00bbac68_5856,12208.555780513027
00bbac68_5857,12208.535122356136
00bbac68_5858,12208.468205044177
00bbac68_5859,12208.417331004937
00bbac68_5860,12208.358400606347
00bbac68_5861,12208.279670890317
00bbac68_5862,12208.268270273596
00bbac68_5863,12208.259800428776
00bbac68_5864,12208.181014947
00bbac68_5865,12208.097515806496
00bbac68_5866,12208.010067469535
00bbac68_5867,12208.00802985915
00bbac68_5868,12208.068946212717
00bbac68_5869,12208.0553614905
00bbac68_5870,12208.060008246492
00bbac68_5871,12208.02174225825
00bbac68_5872,12208.052110946179
00bbac68_5873,12208.048339707248
00bbac68_5874,12208.06012317289
00bbac68_5875,12208.069000394778
00bbac68_5876,12207.960691118384
00bbac68_5877,12207.82184308455
00bbac68_5878,12207.793629842989
00bbac68_5879,12207.739529996767
00bbac68_5880,12207.66104106657
00bbac68_5881,12207.616790994514
00bbac68_5882,12207.654901869551
00bbac68_5883,12207.683497390082
00bbac68_5884,12207.620898276064
00bbac68_5885,12207.525266678313
00bbac68_5886,12207.483112417754
00bbac68_5887,12207.439465486406
00bbac68_5888,12207.430841106809
00bbac68_5889,12207.40147553265
00bbac68_5890,12207.377031240329
00bbac68_5891,12207.375629825618
00bbac68_5892,12207.320825783663
00bbac68_5893,12207.297555924932
00bbac68_5894,12207.323272181895
00bbac68_5895,12207.298943432994
00bbac68_5896,12207.181175178424
00bbac68_5897,12207.157965889734
00bbac68_5898,12207.265321224737
00bbac68_5899,12207.20929924304
00bbac68_5900,12207.142231914106
00bbac68_5901,12207.079045277696
00bbac68_5902,12207.020437567224
00bbac68_5903,12206.954188845546
00bbac68_5904,12206.905948276899
00bbac68_5905,12206.849394667437
00bbac68_5906,12206.835202270413
00bbac68_5907,12206.810842197357
00bbac68_5908,12206.80688807594
00bbac68_5909,12206.785794056828
00bbac68_5910,12206.757157654112
00bbac68_5911,12206.742118980861
00bbac68_5912,12206.73803397652
00bbac68_5913,12206.70125201358
00bbac68_5914,12206.688164677504
00bbac68_5915,12206.635036856605
00bbac68_5916,12206.577420021134
00bbac68_5917,12206.484052518057
00bbac68_5918,12206.42400925632
00bbac68_5919,12206.387998572127
00bbac68_5920,12206.367902501072
00bbac68_5921,12206.33367691347
00bbac68_5922,12206.283688268995
00bbac68_5923,12206.233967978234
00bbac68_5924,12206.191365112043
00bbac68_5925,12206.14108126682
00bbac68_5926,12206.110769131408
00bbac68_5927,12206.125905982137
00bbac68_5928,12206.105813208305
00bbac68_5929,12206.090528555544
00bbac68_5930,12206.064692002292
00bbac68_5931,12206.038999630691
00bbac68_5932,12206.02466992102
00bbac68_5933,12205.958528626014
00bbac68_5934,12205.926411725464
00bbac68_5935,12205.866731091639
00bbac68_5936,12205.82209388118
00bbac68_5937,12205.771046117912
00bbac68_5938,12205.690428281509
00bbac68_5939,12205.650663587812
00bbac68_5940,12205.611626123193
00bbac68_5941,12205.574319417845
00bbac68_5942,12205.553523866432
00bbac68_5943,12205.513801030742
00bbac68_5944,12205.411568628257
00bbac68_5945,12205.396447538573
00bbac68_5946,12205.382376324469
00bbac68_5947,12205.322266559519
00bbac68_5948,12205.328811659943
00bbac68_5949,12205.306495259863
00bbac68_5950,12205.270461394422
00bbac68_5951,12205.242136512792
00bbac68_5952,12205.243805409678
00bbac68_5953,12205.223030348552
00bbac68_5954,12205.232324549583
00bbac68_5955,12205.177496913291
00bbac68_5956,12205.095500348472
00bbac68_5957,12205.111299664079
00bbac68_5958,12205.090102346117
00bbac68_5959,12205.114613944634
00bbac68_5960,12205.098828393659
00bbac68_5961,12205.022897478571
00bbac68_5962,12204.901090428926
00bbac68_5963,12204.947132865747
00bbac68_5964,12204.904637162064
00bbac68_5965,12204.839734469295
00bbac68_5966,12204.866532552935
00bbac68_5967,12204.749675826464
00bbac68_5968,12204.603474470458
00bbac68_5969,12204.64364392886
00bbac68_5970,12204.660129749229
00bbac68_5971,12204.52422167706
00bbac68_5972,12204.603765465192
00bbac68_5973,12204.620251466062
00bbac68_5974,12204.569023989558
00bbac68_5975,12204.53534006637
00bbac68_5976,12204.521015891565
00bbac68_5977,12204.561981833209
00bbac68_5978,12204.589997223593
00bbac68_5979,12204.603167615314
00bbac68_5980,12204.622818905047
00bbac68_5981,12204.626430061631
00bbac68_5982,12204.624530344501
00bbac68_5983,12204.616943764664
00bbac68_5984,12204.596668802438
00bbac68_5985,12204.55827611317
00bbac68_5986,12204.584092708883
00bbac68_5987,12204.602389366742
00bbac68_5988,12204.616104471263
00bbac68_5989,12204.614507646224
00bbac68_5990,12204.602665937775
00bbac68_5991,12204.561432415987
00bbac68_5992,12204.563794671922
00bbac68_5993,12204.588005868109
00bbac68_5994,12204.588014221763
00bbac68_5995,12204.586505355808
00bbac68_5996,12204.577324179545
00bbac68_5997,12204.59154976418
00bbac68_5998,12204.584199669542
00bbac68_5999,12204.605901841522
00bbac68_6000,12204.626447905575
00bbac68_6001,12204.590433277164
00bbac68_6002,12204.583903468676
00bbac68_6003,12204.5977172217
00bbac68_6004,12204.579030251001
00bbac68_6005,12204.57156532085
00bbac68_6006,12204.563909844761
00bbac68_6007,12204.548254253476
00bbac68_6008,12204.521410641051
00bbac68_6009,12204.49241025341
00bbac68_6010,12204.459000224855
00bbac68_6011,12204.445065144027
00bbac68_6012,12204.428981267116
00bbac68_6013,12204.421553909087
00bbac68_6014,12204.393721613307
00bbac68_6015,12204.355293217533
00bbac68_6016,12204.341006540733
00bbac68_6017,12204.331642006471
00bbac68_6018,12204.309603345762
00bbac68_6019,12204.272057286777
00bbac68_6020,12204.262756904021
00bbac68_6021,12204.221809263769
00bbac68_6022,12204.26247709713
00bbac68_6023,12204.298529929918
00bbac68_6024,12204.309117639497
00bbac68_6025,12204.270478805574
00bbac68_6026,12204.240467036385
00bbac68_6027,12204.220193740717
00bbac68_6028,12204.213324895958
00bbac68_6029,12204.23201246156
00bbac68_6030,12204.26702321514
00bbac68_6031,12204.303170485207
00bbac68_6032,12204.312106899866
00bbac68_6033,12204.312223114877
00bbac68_6034,12204.31830532287
00bbac68_6035,12204.336741564892
00bbac68_6036,12204.337574253539
00bbac68_6037,12204.340846907235
00bbac68_6038,12204.343742725421
00bbac68_6039,12204.374222404094
00bbac68_6040,12204.37195714059
00bbac68_6041,12204.350078644444
00bbac68_6042,12204.310366883907
00bbac68_6043,12204.260210254477
00bbac68_6044,12204.224499483478
00bbac68_6045,12204.185530775441
00bbac68_6046,12204.19019916021
00bbac68_6047,12204.191351465215
00bbac68_6048,12204.213734109511
00bbac68_6049,12204.250060667891
00bbac68_6050,12204.23805341866
00bbac68_6051,12204.229240568515
00bbac68_6052,12204.202964422668
00bbac68_6053,12204.219627090084
00bbac68_6054,12204.23955529564
00bbac68_6055,12204.244111016598
00bbac68_6056,12204.263528262523
00bbac68_6057,12204.237349614854
00bbac68_6058,12204.256422634979
00bbac68_6059,12204.273350841804
00bbac68_6060,12204.321065714736
00bbac68_6061,12204.345332285811
00bbac68_6062,12204.315522515728
00bbac68_6063,12204.302685869821
00bbac68_6064,12204.34103401095
00bbac68_6065,12204.319192156803
00bbac68_6066,12204.368972771194
00bbac68_6067,12204.399128447874
00bbac68_6068,12204.29174841657
00bbac68_6069,12204.331641275134
00bbac68_6070,12204.454149893032
00bbac68_6071,12204.485949749636
00bbac68_6072,12204.495785768711
00bbac68_6073,12204.50163899131
00bbac68_6074,12204.505618400459
00bbac68_6075,12204.50550567893
00bbac68_6076,12204.495004889526
00bbac68_6077,12204.426548028785
00bbac68_6078,12204.378472417475
00bbac68_6079,12204.324606336264
00bbac68_6080,12204.305584380743
00bbac68_6081,12204.341382835984
00bbac68_6082,12204.309916920249
00bbac68_6083,12204.266926377963
00bbac68_6084,12204.307215897974
00bbac68_6085,12204.33217305907
00bbac68_6086,12204.231547828966
00bbac68_6087,12204.169812571467
00bbac68_6088,12204.230087411433
00bbac68_6089,12204.27518750944
00bbac68_6090,12204.3154529038
00bbac68_6091,12204.339662430684
00bbac68_6092,12204.37833496193
00bbac68_6093,12204.402483962627
00bbac68_6094,12204.431067455254
00bbac68_6095,12204.415860264167
00bbac68_6096,12204.363199867556
00bbac68_6097,12204.317618113962
00bbac68_6098,12204.26322174898
00bbac68_6099,12204.240775015118
00bbac68_6100,12204.301683425205
00bbac68_6101,12204.337645955615
00bbac68_6102,12204.321195606852
00bbac68_6103,12204.356542469404
00bbac68_6104,12204.323548362483
00bbac68_6105,12204.297974148776
00bbac68_6106,12204.309095714127
00bbac68_6107,12204.358938317058
00bbac68_6108,12204.375036686193
00bbac68_6109,12204.392554884455
00bbac68_6110,12204.409359081026
00bbac68_6111,12204.397244348569
00bbac68_6112,12204.413039819894
00bbac68_6113,12204.422451738494
00bbac68_6114,12204.405478773335
00bbac68_6115,12204.388106482136
00bbac68_6116,12204.398489675928
00bbac68_6117,12204.411717961788
00bbac68_6118,12204.417846418344
00bbac68_6119,12204.466068259677
00bbac68_6120,12204.44472108434
00bbac68_6121,12204.39667283585
00bbac68_6122,12204.42989883827
00bbac68_6123,12204.377542413094
00bbac68_6124,12204.386293951457
00bbac68_6125,12204.425666724635
00bbac68_6126,12204.404391857455
00bbac68_6127,12204.363708352947
00bbac68_6128,12204.340844831511
00bbac68_6129,12204.37200478317
00bbac68_6130,12204.377738599922
00bbac68_6131,12204.332439601956
00bbac68_6132,12204.36056442568
00bbac68_6133,12204.36096049615
00bbac68_6134,12204.340549966204
00bbac68_6135,12204.325819161408
00bbac68_6136,12204.325793352851
00bbac68_6137,12204.322522070715
00bbac68_6138,12204.311638834126
00bbac68_6139,12204.315653342863
00bbac68_6140,12204.348797912213
00bbac68_6141,12204.350528672001
00bbac68_6142,12204.327471982808
00bbac68_6143,12204.362498715844
00bbac68_6144,12204.373960075882
00bbac68_6145,12204.402704690941
00bbac68_6146,12204.415353417184
00bbac68_6147,12204.427557432487
00bbac68_6148,12204.408455728655
00bbac68_6149,12204.43558164927
00bbac68_6150,12204.413905973777
00bbac68_6151,12204.425752367011
00bbac68_6152,12204.407739376025
00bbac68_6153,12204.424200582731
00bbac68_6154,12204.445798460809
00bbac68_6155,12204.480735154024
00bbac68_6156,12204.498790590398
00bbac68_6157,12204.516240648974
00bbac68_6158,12204.527820593408
00bbac68_6159,12204.548188735338
00bbac68_6160,12204.567824607504
00bbac68_6161,12204.60076266361
00bbac68_6162,12204.608437286231
00bbac68_6163,12204.61006972412
00bbac68_6164,12204.602604810312
00bbac68_6165,12204.631153706283
00bbac68_6166,12204.656636710817
00bbac68_6167,12204.671033537594
00bbac68_6168,12204.680651268705
00bbac68_6169,12204.671697489308
00bbac68_6170,12204.709880362832
00bbac68_6171,12204.745356666052
00bbac68_6172,12204.783565215006
00bbac68_6173,12204.831451322241
00bbac68_6174,12204.849282091498
00bbac68_6175,12204.869117488579
00bbac68_6176,12204.882185725388
00bbac68_6177,12204.8876222304
00bbac68_6178,12204.793240559435
00bbac68_6179,12204.799835249481
00bbac68_6180,12204.804850264687
00bbac68_6181,12204.816472317922
00bbac68_6182,12204.82655218189
00bbac68_6183,12204.834088139527
00bbac68_6184,12204.82575018452
00bbac68_6185,12204.762401380889
00bbac68_6186,12204.76952044445
00bbac68_6187,12204.791883892705
00bbac68_6188,12204.811455475361
00bbac68_6189,12204.82364872034
00bbac68_6190,12204.817525898943
00bbac68_6191,12204.813187170155
00bbac68_6192,12204.830195827451
00bbac68_6193,12204.816225061248
00bbac68_6194,12204.803830406487
00bbac68_6195,12204.83121370349
00bbac68_6196,12204.839890435438
00bbac68_6197,12204.862749518632
00bbac68_6198,12204.786135975213
00bbac68_6199,12204.796746702763
00bbac68_6200,12204.830414778266
00bbac68_6201,12204.825512381096
00bbac68_6202,12204.792594575147
00bbac68_6203,12204.815597013489
00bbac68_6204,12204.823472607519
00bbac68_6205,12204.809591370884
00bbac68_6206,12204.817377669544
00bbac68_6207,12204.812546739307
00bbac68_6208,12204.788945961633
00bbac68_6209,12204.800102595142
00bbac68_6210,12204.819543764115
00bbac68_6211,12204.831903239461
00bbac68_6212,12204.841163417897
00bbac68_6213,12204.871372932163
00bbac68_6214,12204.909957970789
00bbac68_6215,12204.893719186442
00bbac68_6216,12204.884520495998
00bbac68_6217,12204.85543573364
00bbac68_6218,12204.85293586756
00bbac68_6219,12204.856412087367
00bbac68_6220,12204.827812287334
00bbac68_6221,12204.843611410452
00bbac68_6222,12204.857440605025
00bbac68_6223,12204.835291183845
00bbac68_6224,12204.848546974468
00bbac68_6225,12204.844242719884
00bbac68_6226,12204.847677765738
00bbac68_6227,12204.827836114044
00bbac68_6228,12204.82667484367
00bbac68_6229,12204.826536091226
00bbac68_6230,12204.824628900842
00bbac68_6231,12204.825967185696
00bbac68_6232,12204.808383946642
00bbac68_6233,12204.8167663595
00bbac68_6234,12204.82044999693
00bbac68_6235,12204.75312308467
00bbac68_6236,12204.829720145766
00bbac68_6237,12204.801854044976
00bbac68_6238,12204.792670124318
00bbac68_6239,12204.791490959582
00bbac68_6240,12204.774679610036
00bbac68_6241,12204.784688683103
00bbac68_6242,12204.760923244821
00bbac68_6243,12204.708766542182
00bbac68_6244,12204.745700773137
00bbac68_6245,12204.748998059193
00bbac68_6246,12204.71071930094
00bbac68_6247,12204.739833577489
00bbac68_6248,12204.747272235109
00bbac68_6249,12204.75578251265
00bbac68_6250,12204.78527785296
00bbac68_6251,12204.753469912732
00bbac68_6252,12204.719808381898
00bbac68_6253,12204.73139480673
00bbac68_6254,12204.713585334688
00bbac68_6255,12204.730429107345
00bbac68_6256,12204.708994288307
00bbac68_6257,12204.739462635847
00bbac68_6258,12204.683738974149
00bbac68_6259,12204.726320289654
00bbac68_6260,12204.730733325312
00bbac68_6261,12204.71053114353
00bbac68_6262,12204.779547909713
00bbac68_6263,12204.78692155539
00bbac68_6264,12204.792416402817
00bbac68_6265,12204.796361014123
00bbac68_6266,12204.79371685587
00bbac68_6267,12204.774227913465
00bbac68_6268,12204.742480021592
00bbac68_6269,12204.804870692436
00bbac68_6270,12204.825800890001
00bbac68_6271,12204.85052316401
00bbac68_6272,12204.827050814536
00bbac68_6273,12204.826039838534
00bbac68_6274,12204.819427588338
00bbac68_6275,12204.808558014605
00bbac68_6276,12204.80223101483
00bbac68_6277,12204.819518960132
00bbac68_6278,12204.787990666407
00bbac68_6279,12204.75913294808
00bbac68_6280,12204.765266074557
00bbac68_6281,12204.7257921883
00bbac68_6282,12204.706386448473
00bbac68_6283,12204.713660747728
00bbac68_6284,12204.703066337064
00bbac68_6285,12204.713880931862
00bbac68_6286,12204.714122749147
00bbac68_6287,12204.690015649536
00bbac68_6288,12204.707588261683
00bbac68_6289,12204.681484677769
00bbac68_6290,12204.710284411127
00bbac68_6291,12204.716408212644
00bbac68_6292,12204.730676294497
00bbac68_6293,12204.738320033804
00bbac68_6294,12204.726247551469
00bbac68_6295,12204.753153204618
00bbac68_6296,12204.743098899336
00bbac68_6297,12204.753814212187
00bbac68_6298,12204.785098481312
00bbac68_6299,12204.789493441267
00bbac68_6300,12204.797009501684
00bbac68_6301,12204.819351735474
00bbac68_6302,12204.814549160295
00bbac68_6303,12204.792875881818
00bbac68_6304,12204.787329814057
00bbac68_6305,12204.793712927201
00bbac68_6306,12204.778339511022
00bbac68_6307,12204.771485933723
00bbac68_6308,12204.771173110077
00bbac68_6309,12204.771997366033
00bbac68_6310,12204.777341062863
00bbac68_6311,12204.796693754739
00bbac68_6312,12204.794099309609
00bbac68_6313,12204.787963329829
00bbac68_6314,12204.759575091774
00bbac68_6315,12204.757323233765
00bbac68_6316,12204.753432155889
00bbac68_6317,12204.760187268826
00bbac68_6318,12204.748128163144
00bbac68_6319,12204.759259175744
00bbac68_6320,12204.770498130696
00bbac68_6321,12204.78117004501
00bbac68_6322,12204.785788640984
00bbac68_6323,12204.787521152717
00bbac68_6324,12204.782782894214
00bbac68_6325,12204.775675640476
00bbac68_6326,12204.744873446936
00bbac68_6327,12204.741411108997
00bbac68_6328,12204.731403885
00bbac68_6329,12204.734242218625
00bbac68_6330,12204.733277574378
00bbac68_6331,12204.727541902757
00bbac68_6332,12204.732163012195
00bbac68_6333,12204.72785152929
00bbac68_6334,12204.727737244442
00bbac68_6335,12204.732803811676
00bbac68_6336,12204.740717531435
00bbac68_6337,12204.745732295058
00bbac68_6338,12204.746580052739
00bbac68_6339,12204.749092048021
00bbac68_6340,12204.746498471597
00bbac68_6341,12204.759370470114
00bbac68_6342,12204.786169202482
00bbac68_6343,12204.768791849325
00bbac68_6344,12204.749300720772
00bbac68_6345,12204.75370875028
00bbac68_6346,12204.746720061192
00bbac68_6347,12204.744756612043
00bbac68_6348,12204.720681106752
00bbac68_6349,12204.740840698656
00bbac68_6350,12204.765633446334
00bbac68_6351,12204.738613683243
00bbac68_6352,12204.778360173805
00bbac68_6353,12204.769166996408
00bbac68_6354,12204.7434739924
00bbac68_6355,12204.760491784189
00bbac68_6356,12204.721942995477
00bbac68_6357,12204.726785032219
00bbac68_6358,12204.74970225908
00bbac68_6359,12204.66668150172
00bbac68_6360,12204.68418625895
00bbac68_6361,12204.71240071817
00bbac68_6362,12204.660689217808
00bbac68_6363,12204.67921084648
00bbac68_6364,12204.684738887523
00bbac68_6365,12204.67884243942
00bbac68_6366,12204.737861817252
00bbac68_6367,12204.753850243398
00bbac68_6368,12204.726856078682
00bbac68_6369,12204.748450347164
00bbac68_6370,12204.73198020901
00bbac68_6371,12204.722750173181
00bbac68_6372,12204.75679356377
00bbac68_6373,12204.681092304538
00bbac68_6374,12204.528371348431
00bbac68_6375,12204.455815579378
00bbac68_6376,12204.567435273335
00bbac68_6377,12204.623964241351
00bbac68_6378,12204.621802092282
00bbac68_6379,12204.639792716822
00bbac68_6380,12204.645616211108
00bbac68_6381,12204.666041392637
00bbac68_6382,12204.643229092573
00bbac68_6383,12204.668628307538
00bbac68_6384,12204.606080872505
00bbac68_6385,12204.671328651206
00bbac68_6386,12204.64936484927
00bbac68_6387,12204.637286707508
00bbac68_6388,12204.654961379732
00bbac68_6389,12204.678050408384
00bbac68_6390,12204.643645677565
00bbac68_6391,12204.639253459203
00bbac68_6392,12204.640114310918
00bbac68_6393,12204.656306918016
00bbac68_6394,12204.666165396644
00bbac68_6395,12204.65922846372
00bbac68_6396,12204.65874716196
00bbac68_6397,12204.661092365594
00bbac68_6398,12204.616610847264
00bbac68_6399,12204.623398893633
00bbac68_6400,12204.640168029782
00bbac68_6401,12204.641629753209
00bbac68_6402,12204.64210489971
00bbac68_6403,12204.629032091343
00bbac68_6404,12204.634619464105
00bbac68_6405,12204.633511399095
00bbac68_6406,12204.640619923784
00bbac68_6407,12204.631816715539
00bbac68_6408,12204.629386371338
00bbac68_6409,12204.618957999148
00bbac68_6410,12204.614580657668
00bbac68_6411,12204.627981435879
00bbac68_6412,12204.61018160273
00bbac68_6413,12204.605325239736
00bbac68_6414,12204.607886084585
00bbac68_6415,12204.61095612493
00bbac68_6416,12204.614740711379
00bbac68_6417,12204.5498216802
00bbac68_6418,12204.415907199971
00bbac68_6419,12204.386647412715
00bbac68_6420,12204.36031134114
00bbac68_6421,12204.416288342338
00bbac68_6422,12204.477450803828
00bbac68_6423,12204.437060555352
00bbac68_6424,12204.424899165484
00bbac68_6425,12204.411301409928
00bbac68_6426,12204.39129147507
00bbac68_6427,12204.388247299108
00bbac68_6428,12204.385522727116
00bbac68_6429,12204.38301630488
00bbac68_6430,12204.36926870107
00bbac68_6431,12204.358828056702
00bbac68_6432,12204.360484122499
00bbac68_6433,12204.380872611135
00bbac68_6434,12204.358049727569
00bbac68_6435,12204.44445784421
00bbac68_6436,12204.430262674423
00bbac68_6437,12204.418641497785
00bbac68_6438,12204.342626069076
00bbac68_6439,12204.40044902688
00bbac68_6440,12204.41651582996
00bbac68_6441,12204.36014655315
00bbac68_6442,12204.302130090044
00bbac68_6443,12204.2848812274
00bbac68_6444,12204.319995542239
00bbac68_6445,12204.31388052905
00bbac68_6446,12204.33828477039
00bbac68_6447,12204.352957520767
00bbac68_6448,12204.34662576878
00bbac68_6449,12204.297885300643
00bbac68_6450,12204.200929801042
00bbac68_6451,12204.269783259166
00bbac68_6452,12204.301227441538
00bbac68_6453,12204.29553121219
00bbac68_6454,12204.166703313995
00bbac68_6455,12204.235158140513
00bbac68_6456,12204.271767751841
00bbac68_6457,12204.155377923184
00bbac68_6458,12204.24739437164
00bbac68_6459,12204.246648461223
00bbac68_6460,12204.225866719302
00bbac68_6461,12204.237521130788
00bbac68_6462,12204.236092481846
00bbac68_6463,12204.233544519384
00bbac68_6464,12204.230690356024
00bbac68_6465,12204.23091561592
00bbac68_6466,12204.181845466239
00bbac68_6467,12204.19334951891
00bbac68_6468,12204.194013440641
00bbac68_6469,12204.186359136787
00bbac68_6470,12204.206552677906
00bbac68_6471,12204.214254800287
00bbac68_6472,12204.214239246754
00bbac68_6473,12204.186447884904
00bbac68_6474,12204.169621762872
00bbac68_6475,12204.165354260354
00bbac68_6476,12204.196646375482
00bbac68_6477,12204.200771430114
00bbac68_6478,12204.183333264027
00bbac68_6479,12204.190631187852
00bbac68_6480,12204.186639139676
00bbac68_6481,12204.19760612824
00bbac68_6482,12204.195383914654
00bbac68_6483,12204.196543314847
00bbac68_6484,12204.156711107404
00bbac68_6485,12204.185663878581
00bbac68_6486,12204.133848610458
00bbac68_6487,12204.176616346202
00bbac68_6488,12204.181290364404
00bbac68_6489,12204.154050929163
00bbac68_6490,12204.196112165519
00bbac68_6491,12204.198870636963
00bbac68_6492,12204.25881198454
00bbac68_6493,12204.227425357509
00bbac68_6494,12204.223854673588
00bbac68_6495,12204.239231050655
00bbac68_6496,12204.260634007622
00bbac68_6497,12204.277041526231
00bbac68_6498,12204.222687369682
00bbac68_6499,12204.250156103548
00bbac68_6500,12204.243409814731
00bbac68_6501,12204.200864447135
00bbac68_6502,12204.236160913439
00bbac68_6503,12204.259477577134
00bbac68_6504,12204.269019078689
00bbac68_6505,12204.250058528358
00bbac68_6506,12204.284167790716
00bbac68_6507,12204.29270293985
00bbac68_6508,12204.300993388159
00bbac68_6509,12204.316506139072
00bbac68_6510,12204.321316890408
00bbac68_6511,12204.3175742864
00bbac68_6512,12204.340896601057
00bbac68_6513,12204.35175589971
00bbac68_6514,12204.377547250304
00bbac68_6515,12204.367424192813
00bbac68_6516,12204.362163906135
00bbac68_6517,12204.350144057764
00bbac68_6518,12204.373710899363
00bbac68_6519,12204.37324976195
00bbac68_6520,12204.384806529659
00bbac68_6521,12204.400270039216
00bbac68_6522,12204.39515036282
00bbac68_6523,12204.408639329402
00bbac68_6524,12204.383753020402
00bbac68_6525,12204.412221997058
00bbac68_6526,12204.448425693305
00bbac68_6527,12204.459572061904
00bbac68_6528,12204.463334380358
00bbac68_6529,12204.465639935235
00bbac68_6530,12204.477731555427
00bbac68_6531,12204.488381677995
00bbac68_6532,12204.48801263553
00bbac68_6533,12204.465618043418
00bbac68_6534,12204.501491226172
00bbac68_6535,12204.520875818333
00bbac68_6536,12204.510282550407
00bbac68_6537,12204.52567467952
00bbac68_6538,12204.532096058989
00bbac68_6539,12204.54368196202
00bbac68_6540,12204.520257332306
00bbac68_6541,12204.554528278062
00bbac68_6542,12204.569984620062
00bbac68_6543,12204.565174413689
00bbac68_6544,12204.587212303837
00bbac68_6545,12204.592057951115
00bbac68_6546,12204.602260053507
00bbac68_6547,12204.61501878393
00bbac68_6548,12204.620051662307
00bbac68_6549,12204.619277494709
00bbac68_6550,12204.643918491496
00bbac68_6551,12204.613369690476
00bbac68_6552,12204.608089797903
00bbac68_6553,12204.589406026114
00bbac68_6554,12204.652922811285
00bbac68_6555,12204.65541116213
00bbac68_6556,12204.594644235272
00bbac68_6557,12204.611579176115
00bbac68_6558,12204.614663912675
00bbac68_6559,12204.643495396183
00bbac68_6560,12204.609539786374
00bbac68_6561,12204.657317690526
00bbac68_6562,12204.650130450125
00bbac68_6563,12204.663431089948
00bbac68_6564,12204.6653881624
00bbac68_6565,12204.663813153686
00bbac68_6566,12204.673146493613
00bbac68_6567,12204.68780925441
00bbac68_6568,12204.695146831684
00bbac68_6569,12204.698119398001
00bbac68_6570,12204.69683985889
00bbac68_6571,12204.714076689528
00bbac68_6572,12204.727040344998
00bbac68_6573,12204.687608018792
00bbac68_6574,12204.679611549456
00bbac68_6575,12204.633910539636
00bbac68_6576,12204.670674375224
00bbac68_6577,12204.717410920246
00bbac68_6578,12204.717067913985
00bbac68_6579,12204.717619772735
00bbac68_6580,12204.70939789984
00bbac68_6581,12204.714130106271
00bbac68_6582,12204.73078822246
00bbac68_6583,12204.732927162271
00bbac68_6584,12204.756231599662
00bbac68_6585,12204.741706997016
00bbac68_6586,12204.747692193696
00bbac68_6587,12204.751808168974
00bbac68_6588,12204.713633705152
00bbac68_6589,12204.73180333947
00bbac68_6590,12204.779937124533
00bbac68_6591,12204.74478668273
00bbac68_6592,12204.780683358824
00bbac68_6593,12204.787751847824
00bbac68_6594,12204.807255049704
00bbac68_6595,12204.783585458645
00bbac68_6596,12204.773424045332
00bbac68_6597,12204.776579640851
00bbac68_6598,12204.768426297647
00bbac68_6599,12204.760006597995
00bbac68_6600,12204.77060264221
00bbac68_6601,12204.820349547954
00bbac68_6602,12204.792849862602
00bbac68_6603,12204.80572063602
00bbac68_6604,12204.821427555817
00bbac68_6605,12204.79595861899
00bbac68_6606,12204.855990383634
00bbac68_6607,12204.826444252556
00bbac68_6608,12204.800152427222
00bbac68_6609,12204.812060244687
00bbac68_6610,12204.857471846533
00bbac68_6611,12204.825272976366
00bbac68_6612,12204.887757387352
00bbac68_6613,12204.859145271332
00bbac68_6614,12204.862664691242
00bbac68_6615,12204.901804446905
00bbac68_6616,12204.859068534206
00bbac68_6617,12204.84573569566
00bbac68_6618,12204.881221066931
00bbac68_6619,12204.873101537489
00bbac68_6620,12204.910058104933
00bbac68_6621,12204.863082621816
00bbac68_6622,12204.917150777143
00bbac68_6623,12204.895118961746
00bbac68_6624,12204.871386884768
00bbac68_6625,12204.870375790386
00bbac68_6626,12204.880624664895
00bbac68_6627,12204.861225302542
00bbac68_6628,12204.880084542227
00bbac68_6629,12204.858921219546
00bbac68_6630,12204.86784312331
00bbac68_6631,12204.889317658677
00bbac68_6632,12204.821768049742
00bbac68_6633,12204.798203427516
00bbac68_6634,12204.80545660119
00bbac68_6635,12204.834597098798
00bbac68_6636,12204.813803645226
00bbac68_6637,12204.716225040076
00bbac68_6638,12204.754036632094
00bbac68_6639,12204.795263644022
00bbac68_6640,12204.815008470718
00bbac68_6641,12204.816105984462
00bbac68_6642,12204.75847339983
00bbac68_6643,12204.755422814369
00bbac68_6644,12204.713658705861
00bbac68_6645,12204.569644097264
00bbac68_6646,12204.718398002742
00bbac68_6647,12204.691097988998
00bbac68_6648,12204.620940693718
00bbac68_6649,12204.7031991494
00bbac68_6650,12204.689627111698
00bbac68_6651,12204.686441632624
00bbac68_6652,12204.668464352148
00bbac68_6653,12204.673208053098
00bbac68_6654,12204.644366205142
00bbac68_6655,12204.616907702077
00bbac68_6656,12204.626252115551
00bbac68_6657,12204.597927696239
00bbac68_6658,12204.60723781441
00bbac68_6659,12204.460082199974
00bbac68_6660,12204.541144777255
00bbac68_6661,12204.534932427989
00bbac68_6662,12204.535734914683
00bbac68_6663,12204.555794962916
00bbac68_6664,12204.423011904932
00bbac68_6665,12204.364103295606
00bbac68_6666,12204.334829404286
00bbac68_6667,12204.487311150348
00bbac68_6668,12204.45095070888
00bbac68_6669,12204.424100223536
00bbac68_6670,12204.404111103984
00bbac68_6671,12204.37697122512
00bbac68_6672,12204.4158146721
00bbac68_6673,12204.25760617498
00bbac68_6674,12204.37061970498
00bbac68_6675,12204.409563018073
00bbac68_6676,12204.410964918448
00bbac68_6677,12204.376568817062
00bbac68_6678,12204.340748939001
00bbac68_6679,12204.388911049056
00bbac68_6680,12204.366082077526
00bbac68_6681,12204.339217648994
00bbac68_6682,12204.239469095404
00bbac68_6683,12204.325791820933
00bbac68_6684,12204.328917545838
00bbac68_6685,12204.377338076267
00bbac68_6686,12204.380126280426
00bbac68_6687,12204.397884739412
00bbac68_6688,12204.445085114181
00bbac68_6689,12204.440590371147
00bbac68_6690,12204.48224364691
00bbac68_6691,12204.479291709871
00bbac68_6692,12204.51518913268
00bbac68_6693,12204.507394863711
00bbac68_6694,12204.56669196719
00bbac68_6695,12204.55226598171
00bbac68_6696,12204.5869319004
00bbac68_6697,12204.574772507214
00bbac68_6698,12204.569010482457
00bbac68_6699,12204.508124517772
00bbac68_6700,12204.523369413513
00bbac68_6701,12204.49220430407
00bbac68_6702,12204.50462094371
00bbac68_6703,12204.534103392441
00bbac68_6704,12204.517372761742
00bbac68_6705,12204.557850931082
00bbac68_6706,12204.544473338306
00bbac68_6707,12204.555739902475
00bbac68_6708,12204.560322087418
00bbac68_6709,12204.54317256022
00bbac68_6710,12204.561622372565
00bbac68_6711,12204.531093929125
00bbac68_6712,12204.574712382853
00bbac68_6713,12204.544304164636
00bbac68_6714,12204.5389286513
00bbac68_6715,12204.378631105184
00bbac68_6716,12204.397185425374
00bbac68_6717,12204.507828626798
00bbac68_6718,12204.524507202015
00bbac68_6719,12204.51951394712
00bbac68_6720,12204.54327723845
00bbac68_6721,12204.574302255669
00bbac68_6722,12204.525734863131
00bbac68_6723,12204.554473350252
00bbac68_6724,12204.496798215423
00bbac68_6725,12204.48691262768
00bbac68_6726,12204.544825042005
00bbac68_6727,12204.503028526244
00bbac68_6728,12204.382293001378
00bbac68_6729,12204.516728207647
00bbac68_6730,12204.525905817834
00bbac68_6731,12204.415230210552
00bbac68_6732,12204.40757102056
00bbac68_6733,12204.370319490572
00bbac68_6734,12204.327952347461
00bbac68_6735,12204.463425648026
00bbac68_6736,12204.476432848587
00bbac68_6737,12204.454323611744
00bbac68_6738,12204.430358621945
00bbac68_6739,12204.643185173585
00bbac68_6740,12204.660474007842
00bbac68_6741,12204.610875743196
00bbac68_6742,12204.529202075058
00bbac68_6743,12204.494025747466
00bbac68_6744,12204.507417541063
00bbac68_6745,12204.559722648788
00bbac68_6746,12204.480989335769
00bbac68_6747,12204.437620747063
00bbac68_6748,12204.440463435953
00bbac68_6749,12204.413978892953
00bbac68_6750,12204.343042247758
00bbac68_6751,12204.34315429601
00bbac68_6752,12204.392306006099
00bbac68_6753,12204.307059015377
00bbac68_6754,12204.225447085948
00bbac68_6755,12204.208736388207
00bbac68_6756,12204.202728939654
00bbac68_6757,12204.17627152584
00bbac68_6758,12204.145250871625
00bbac68_6759,12204.149591289635
00bbac68_6760,12204.097767364536
00bbac68_6761,12204.190247854836
00bbac68_6762,12204.189484135564
00bbac68_6763,12204.137772340815
00bbac68_6764,12204.144599196685
00bbac68_6765,12204.129987122426
00bbac68_6766,12204.124342082821
00bbac68_6767,12204.126998337453
00bbac68_6768,12204.113920732227
00bbac68_6769,12204.082680390153
00bbac68_6770,12204.078883357812
00bbac68_6771,12204.118498417356
00bbac68_6772,12204.150857779328
00bbac68_6773,12204.18019544948
00bbac68_6774,12204.159794754356
00bbac68_6775,12204.128141779798
00bbac68_6776,12204.10282019767
00bbac68_6777,12204.094809675045
00bbac68_6778,12204.135409332965
00bbac68_6779,12204.172032840459
00bbac68_6780,12204.15082721149
00bbac68_6781,12204.12552024978
00bbac68_6782,12204.108826541817
00bbac68_6783,12204.163842939462
00bbac68_6784,12204.193917232958
00bbac68_6785,12204.197645630342
00bbac68_6786,12204.211845863218
00bbac68_6787,12204.221979076332
00bbac68_6788,12204.219710371719
00bbac68_6789,12204.201723311176
00bbac68_6790,12204.19765097825
00bbac68_6791,12204.193194005895
00bbac68_6792,12204.222772036905
00bbac68_6793,12204.240019547646
00bbac68_6794,12204.270077104704
00bbac68_6795,12204.2939423389
00bbac68_6796,12204.315490441539
00bbac68_6797,12204.32094542221
00bbac68_6798,12204.372784033021
00bbac68_6799,12204.381659934395
00bbac68_6800,12204.389277535101
00bbac68_6801,12204.422765313404
00bbac68_6802,12204.44171155469
00bbac68_6803,12204.45322685046
00bbac68_6804,12204.489463915532
00bbac68_6805,12204.514777215845
00bbac68_6806,12204.553917731835
00bbac68_6807,12204.559433422313
00bbac68_6808,12204.611234040458
00bbac68_6809,12204.63231247863
00bbac68_6810,12204.60574195469
00bbac68_6811,12204.614312472359
00bbac68_6812,12204.653199315937
00bbac68_6813,12204.672790164244
00bbac68_6814,12204.711245455384
00bbac68_6815,12204.726184904077
00bbac68_6816,12204.739040846189
00bbac68_6817,12204.710873160257
00bbac68_6818,12204.724967572918
00bbac68_6819,12204.780366186164
00bbac68_6820,12204.798242563033
00bbac68_6821,12204.821123907943
00bbac68_6822,12204.839479886798
00bbac68_6823,12204.84529356731
00bbac68_6824,12204.792215276626
00bbac68_6825,12204.878655531078
00bbac68_6826,12204.886858830158
00bbac68_6827,12204.907245242455
00bbac68_6828,12204.931716128276
00bbac68_6829,12204.954815763027
00bbac68_6830,12204.982456513802
00bbac68_6831,12205.00920597312
00bbac68_6832,12205.0317115072
00bbac68_6833,12205.061193742786
00bbac68_6834,12205.08377419669
00bbac68_6835,12205.10092559488
00bbac68_6836,12205.099141174509
00bbac68_6837,12205.133961908668
00bbac68_6838,12205.1464254388
00bbac68_6839,12205.17391972889
00bbac68_6840,12205.204738277082
00bbac68_6841,12205.22662856335
00bbac68_6842,12205.258512357015
00bbac68_6843,12205.280667181436
00bbac68_6844,12205.282364795847
00bbac68_6845,12205.330079293586
00bbac68_6846,12205.338945808488
00bbac68_6847,12205.351967276387
00bbac68_6848,12205.344994010424
00bbac68_6849,12205.306508145812
00bbac68_6850,12205.290067086034
00bbac68_6851,12205.341150830329
00bbac68_6852,12205.371724623668
00bbac68_6853,12205.376766260204
00bbac68_6854,12205.320204744625
00bbac68_6855,12205.27744131168
00bbac68_6856,12205.28148322025
00bbac68_6857,12205.354167596612
00bbac68_6858,12205.376253684519
00bbac68_6859,12205.368659467162
00bbac68_6860,12205.352008908572
00bbac68_6861,12205.33376141004
00bbac68_6862,12205.342019929776
00bbac68_6863,12205.330958538265
00bbac68_6864,12205.32054601326
00bbac68_6865,12205.315860831903
00bbac68_6866,12205.298482546144
00bbac68_6867,12205.241478582564
00bbac68_6868,12205.271974208927
00bbac68_6869,12205.24950745528
00bbac68_6870,12205.345924697423
00bbac68_6871,12205.337013354523
00bbac68_6872,12205.343323850508
00bbac68_6873,12205.331656418675
00bbac68_6874,12205.331283805112
00bbac68_6875,12205.31301720896
00bbac68_6876,12205.316965419799
00bbac68_6877,12205.312786528999
00bbac68_6878,12205.281999225104
00bbac68_6879,12205.242816876693
00bbac68_6880,12205.256392243708
00bbac68_6881,12205.260861187428
00bbac68_6882,12205.260317215414
00bbac68_6883,12205.2919008998
00bbac68_6884,12205.280581369763
00bbac68_6885,12205.286516755787
00bbac68_6886,12205.24762032102
00bbac68_6887,12205.253488412322
00bbac68_6888,12205.277768357677
00bbac68_6889,12205.283845765263
00bbac68_6890,12205.282310645933
00bbac68_6891,12205.299810885459
00bbac68_6892,12205.315789827062
00bbac68_6893,12205.322981651196
00bbac68_6894,12205.337756578747
00bbac68_6895,12205.3524555316
00bbac68_6896,12205.381417795583
00bbac68_6897,12205.392575031017
00bbac68_6898,12205.399121911072
00bbac68_6899,12205.41022113224
00bbac68_6900,12205.420045179228
00bbac68_6901,12205.435136104505
00bbac68_6902,12205.450238833022
00bbac68_6903,12205.459236273775
00bbac68_6904,12205.487550324462
00bbac68_6905,12205.47794499617
00bbac68_6906,12205.531241643033
00bbac68_6907,12205.522596031862
00bbac68_6908,12205.516145205123
00bbac68_6909,12205.53520219783
00bbac68_6910,12205.524300545178
00bbac68_6911,12205.55614098268
00bbac68_6912,12205.570887419031
00bbac68_6913,12205.585140786605
00bbac68_6914,12205.613357718255
00bbac68_6915,12205.624704595717
00bbac68_6916,12205.538002691823
00bbac68_6917,12205.507528410026
00bbac68_6918,12205.599852297204
00bbac68_6919,12205.614729903831
00bbac68_6920,12205.62015319119
00bbac68_6921,12205.63043915306
00bbac68_6922,12205.656972954526
00bbac68_6923,12205.679169356836
00bbac68_6924,12205.642206375142
00bbac68_6925,12205.642369952235
00bbac68_6926,12205.638799390837
00bbac68_6927,12205.619864351076
00bbac68_6928,12205.59294567592
00bbac68_6929,12205.613017024567
00bbac68_6930,12205.616819949479
00bbac68_6931,12205.615512149396
00bbac68_6932,12205.624192549298
00bbac68_6933,12205.62668922291
00bbac68_6934,12205.621259815973
00bbac68_6935,12205.624962145186
00bbac68_6936,12205.641936119717
00bbac68_6937,12205.655011227798
00bbac68_6938,12205.67671403307
00bbac68_6939,12205.681989962663
00bbac68_6940,12205.695040278531
00bbac68_6941,12205.735472800887
00bbac68_6942,12205.754607932591
00bbac68_6943,12205.758885801955
00bbac68_6944,12205.768869560005
00bbac68_6945,12205.778035596028
00bbac68_6946,12205.770130556686
00bbac68_6947,12205.755797405292
00bbac68_6948,12205.701061270762
00bbac68_6949,12205.709510449124
00bbac68_6950,12205.73841019234
00bbac68_6951,12205.746452332383
00bbac68_6952,12205.763446459037
00bbac68_6953,12205.809784211124
00bbac68_6954,12205.838545657696
00bbac68_6955,12205.868891534445
00bbac68_6956,12205.89220787282
00bbac68_6957,12205.896007269492
00bbac68_6958,12205.882685925095
00bbac68_6959,12205.898377350733
00bbac68_6960,12205.894862740493
00bbac68_6961,12205.895786230376
00bbac68_6962,12205.904437982046
00bbac68_6963,12205.904007655234
00bbac68_6964,12205.917652878585
00bbac68_6965,12205.922070990611
00bbac68_6966,12205.892791905357
00bbac68_6967,12205.83948213035
00bbac68_6968,12205.78657046591
00bbac68_6969,12205.835610510527
00bbac68_6970,12205.854984364378
00bbac68_6971,12205.840073984526
00bbac68_6972,12205.851597829671
00bbac68_6973,12205.826220942768
00bbac68_6974,12205.808688471858
00bbac68_6975,12205.830835543024
00bbac68_6976,12205.828948882614
00bbac68_6977,12205.80408266996
00bbac68_6978,12205.807048906903
00bbac68_6979,12205.766021751468
00bbac68_6980,12205.752056280526
00bbac68_6981,12205.687052149793
00bbac68_6982,12205.680997707746
00bbac68_6983,12205.77087480922
00bbac68_6984,12205.754936228463
00bbac68_6985,12205.731177275453
00bbac68_6986,12205.714262306177
00bbac68_6987,12205.699007013971
00bbac68_6988,12205.658340426024
00bbac68_6989,12205.611830888887
00bbac68_6990,12205.613099493708
00bbac68_6991,12205.607607144178
00bbac68_6992,12205.557266860824
00bbac68_6993,12205.542872461248
00bbac68_6994,12205.546122105752
00bbac68_6995,12205.568761396711
00bbac68_6996,12205.541350055137
00bbac68_6997,12205.565195143976
00bbac68_6998,12205.552356213977
00bbac68_6999,12205.529684882104
00bbac68_7000,12205.548703621751
00bbac68_7001,12205.542097442754
00bbac68_7002,12205.532638042881
00bbac68_7003,12205.530612606766
00bbac68_7004,12205.531750546008
00bbac68_7005,12205.511114549954
00bbac68_7006,12205.500086822347
00bbac68_7007,12205.50453460894
00bbac68_7008,12205.50328639935
00bbac68_7009,12205.506761021832
00bbac68_7010,12205.54219945857
00bbac68_7011,12205.546393015547
00bbac68_7012,12205.5609140997
00bbac68_7013,12205.589517516062
00bbac68_7014,12205.600053739465
00bbac68_7015,12205.569748997663
00bbac68_7016,12205.573634690594
00bbac68_7017,12205.571769351582
00bbac68_7018,12205.587674930206
00bbac68_7019,12205.604853919942
00bbac68_7020,12205.543977023533
00bbac68_7021,12205.483879001626
00bbac68_7022,12205.436070908105
00bbac68_7023,12205.45143444718
00bbac68_7024,12205.43746174527
00bbac68_7025,12205.417957469303
00bbac68_7026,12205.392399110078
00bbac68_7027,12205.403972540867
00bbac68_7028,12205.358173109293
00bbac68_7029,12205.331908401766
00bbac68_7030,12205.2178539263
00bbac68_7031,12205.060842711548
00bbac68_7032,12204.97555402575
00bbac68_7033,12204.942492346525
00bbac68_7034,12204.879363935046
00bbac68_7035,12204.77792005674
00bbac68_7036,12204.727933856004
00bbac68_7037,12204.748929148203
00bbac68_7038,12204.852350171535
00bbac68_7039,12205.11508434698
00bbac68_7040,12205.331962358618
00bbac68_7041,12205.461828328753
00bbac68_7042,12205.466380753038
00bbac68_7043,12205.488055155121
00bbac68_7044,12205.55415078576
00bbac68_7045,12205.679230055717
00bbac68_7046,12205.834043774337
00bbac68_7047,12205.986052556824
00bbac68_7048,12206.094526729046
00bbac68_7049,12206.244960810347
00bbac68_7050,12206.379476966304
00bbac68_7051,12206.458686729222
00bbac68_7052,12206.520429379187
00bbac68_7053,12206.59543783424
00bbac68_7054,12206.638307344787
00bbac68_7055,12206.645696597934
00bbac68_7056,12206.62906039348
00bbac68_7057,12206.612053697163
00bbac68_7058,12206.57067194429
00bbac68_7059,12206.51131532522
00bbac68_7060,12206.415762781415
00bbac68_7061,12206.30605314456
00bbac68_7062,12206.162309301208
00bbac68_7063,12206.13435509007
00bbac68_7064,12206.19355435465
00bbac68_7065,12206.2173974576
00bbac68_7066,12206.251431611021
00bbac68_7067,12206.313071350858
00bbac68_7068,12206.391994280186
00bbac68_7069,12206.43313147228
00bbac68_7070,12206.41271032301
00bbac68_7071,12206.390357315839
00bbac68_7072,12206.38764246722
00bbac68_7073,12206.392007981005
00bbac68_7074,12206.375075260283
00bbac68_7075,12206.298698462284
00bbac68_7076,12206.237009650056
00bbac68_7077,12206.216274372246
00bbac68_7078,12206.172984803461
00bbac68_7079,12206.128421858015
00bbac68_7080,12206.10032589976
00bbac68_7081,12206.030843272838
00bbac68_7082,12206.052702688006
00bbac68_7083,12206.06174106545
00bbac68_7084,12206.042104771104
00bbac68_7085,12206.10328581245
00bbac68_7086,12206.126794705686
00bbac68_7087,12206.155884253898
00bbac68_7088,12206.194042516165
00bbac68_7089,12206.222474828937
00bbac68_7090,12206.235718763422
00bbac68_7091,12206.229495491567
00bbac68_7092,12206.243159047017
00bbac68_7093,12206.261429098573
00bbac68_7094,12206.227576196234
00bbac68_7095,12206.218635982688
00bbac68_7096,12206.229401189708
00bbac68_7097,12206.290395700007
00bbac68_7098,12206.291883245329
00bbac68_7099,12206.30108936832
00bbac68_7100,12206.30146514582
00bbac68_7101,12206.288645077242
00bbac68_7102,12206.29350009025
00bbac68_7103,12206.294501851437
00bbac68_7104,12206.269199524446
00bbac68_7105,12206.258152664828
00bbac68_7106,12206.271388081845
00bbac68_7107,12206.289983587001
00bbac68_7108,12206.305555534615
00bbac68_7109,12206.317014949844
00bbac68_7110,12206.327397282857
00bbac68_7111,12206.34706292951
00bbac68_7112,12206.356194938804
00bbac68_7113,12206.37158843252
00bbac68_7114,12206.39754968761
00bbac68_7115,12206.45646095392
00bbac68_7116,12206.41037141588
00bbac68_7117,12206.36984567848
00bbac68_7118,12206.39784635105
00bbac68_7119,12206.420413924283
00bbac68_7120,12206.438122869527
00bbac68_7121,12206.412023236478
00bbac68_7122,12206.440684131549
00bbac68_7123,12206.446617233563
00bbac68_7124,12206.440013599542
00bbac68_7125,12206.445162595384
00bbac68_7126,12206.449868048781
00bbac68_7127,12206.430187608823
00bbac68_7128,12206.44402631771
00bbac68_7129,12206.434950018775
00bbac68_7130,12206.438910747576
00bbac68_7131,12206.446308913579
00bbac68_7132,12206.441041391852
00bbac68_7133,12206.435736431136
00bbac68_7134,12206.42991833897
00bbac68_7135,12206.426459719298
00bbac68_7136,12206.434614032929
00bbac68_7137,12206.440015567234
00bbac68_7138,12206.481021004956
00bbac68_7139,12206.504695082103
00bbac68_7140,12206.544991400111
00bbac68_7141,12206.583899947811
00bbac68_7142,12206.628335963995
00bbac68_7143,12206.64902181858
00bbac68_7144,12206.672765050174
00bbac68_7145,12206.689153159245
00bbac68_7146,12206.716477367932
00bbac68_7147,12206.721601826464
00bbac68_7148,12206.72496876494
00bbac68_7149,12206.717807824047
00bbac68_7150,12206.731122459469
00bbac68_7151,12206.750123344475
00bbac68_7152,12206.764937557064
00bbac68_7153,12206.778642221008
00bbac68_7154,12206.812412129519
00bbac68_7155,12206.831380412852
00bbac68_7156,12206.843649797529
00bbac68_7157,12206.882139918302
00bbac68_7158,12206.90826379455
00bbac68_7159,12206.937501225051
00bbac68_7160,12206.87564616596
00bbac68_7161,12206.78680030368
00bbac68_7162,12206.702831285225
00bbac68_7163,12206.643735061607
00bbac68_7164,12206.535648214995
00bbac68_7165,12206.512701823392
00bbac68_7166,12206.502518651214
00bbac68_7167,12206.473053751342
00bbac68_7168,12206.416288155557
00bbac68_7169,12206.370292015754
00bbac68_7170,12206.357581533135
00bbac68_7171,12206.385961948938
00bbac68_7172,12206.40726699043
00bbac68_7173,12206.435507211667
00bbac68_7174,12206.333225314143
00bbac68_7175,12206.262015443584
00bbac68_7176,12206.211304825174
00bbac68_7177,12206.161042892627
00bbac68_7178,12206.096917726558
00bbac68_7179,12206.035551025894
00bbac68_7180,12206.005000562633
00bbac68_7181,12205.934803536238
00bbac68_7182,12205.829636741579
00bbac68_7183,12205.747026317666
00bbac68_7184,12205.680566707608
00bbac68_7185,12205.635421537689
00bbac68_7186,12205.574805403594
00bbac68_7187,12205.532320882596
00bbac68_7188,12205.500566861161
00bbac68_7189,12205.465478169335
00bbac68_7190,12205.4497753709
00bbac68_7191,12205.439666343393
00bbac68_7192,12205.408684793267
00bbac68_7193,12205.373121917151
00bbac68_7194,12205.357558012336
00bbac68_7195,12205.366385685405
00bbac68_7196,12205.330886797465
00bbac68_7197,12205.287720082739
00bbac68_7198,12205.228739550257
00bbac68_7199,12205.232554036715
00bbac68_7200,12205.20655447368
00bbac68_7201,12205.189480144616
00bbac68_7202,12205.175951957652
00bbac68_7203,12205.150839173322
00bbac68_7204,12205.134958957915
00bbac68_7205,12205.114802047461
00bbac68_7206,12205.095703742283
00bbac68_7207,12205.085884320068
00bbac68_7208,12205.06060774883
00bbac68_7209,12205.024562060498
00bbac68_7210,12205.01203300829
00bbac68_7211,12204.986019435406
00bbac68_7212,12204.903857032348
00bbac68_7213,12204.877715389692
00bbac68_7214,12204.837931171642
00bbac68_7215,12204.797882114355
00bbac68_7216,12204.762459343154
00bbac68_7217,12204.71998614005
00bbac68_7218,12204.695912417736
00bbac68_7219,12204.664442133917
00bbac68_7220,12204.58491748068
00bbac68_7221,12204.539321649623
00bbac68_7222,12204.522338077664
00bbac68_7223,12204.48906732742
00bbac68_7224,12204.436597003774
00bbac68_7225,12204.41920104182
00bbac68_7226,12204.401970220735
00bbac68_7227,12204.399555198193
00bbac68_7228,12204.402089615587
00bbac68_7229,12204.428868372615
00bbac68_7230,12204.500268741594
00bbac68_7231,12204.58149309618
00bbac68_7232,12204.637274227127
00bbac68_7233,12204.602442340503
00bbac68_7234,12204.539884840446
00bbac68_7235,12204.535778031237
00bbac68_7236,12204.589783015548
00bbac68_7237,12204.644464711771
00bbac68_7238,12204.655551582182
00bbac68_7239,12204.716700344137
00bbac68_7240,12204.78355579381
00bbac68_7241,12204.927489996102
00bbac68_7242,12205.156495759798
00bbac68_7243,12205.457217168863
00bbac68_7244,12205.659408089105
00bbac68_7245,12205.762329260957
00bbac68_7246,12205.815971106635
00bbac68_7247,12205.852975872662
00bbac68_7248,12205.869613766525
00bbac68_7249,12205.91351466163
00bbac68_7250,12206.082430202247
00bbac68_7251,12206.178987900234
00bbac68_7252,12206.24777345468
00bbac68_7253,12206.318733896383
00bbac68_7254,12206.487027884303
00bbac68_7255,12206.712051862434
00bbac68_7256,12206.937582967847
00bbac68_7257,12207.159708021925
00bbac68_7258,12207.30583299331
00bbac68_7259,12207.387097337441
00bbac68_7260,12207.467375113316
00bbac68_7261,12207.533243519081
00bbac68_7262,12207.548986161928
00bbac68_7263,12207.56930347634
00bbac68_7264,12207.608781068597
00bbac68_7265,12207.637780286854
00bbac68_7266,12207.560926705271
00bbac68_7267,12207.5759855196
00bbac68_7268,12207.607653362298
00bbac68_7269,12207.64426017362
00bbac68_7270,12207.678435847456
00bbac68_7271,12207.693238033367
00bbac68_7272,12207.702306061954
00bbac68_7273,12207.700229864256
00bbac68_7274,12207.707646239032
00bbac68_7275,12207.655329875326
00bbac68_7276,12207.590497829613
00bbac68_7277,12207.755792304139
00bbac68_7278,12207.734572522091
00bbac68_7279,12207.733796288332
00bbac68_7280,12207.718086100784
00bbac68_7281,12207.63828000096
00bbac68_7282,12207.723949127674
00bbac68_7283,12207.795691450747
00bbac68_7284,12207.827210819572
00bbac68_7285,12207.832975982972
00bbac68_7286,12207.864813736704
00bbac68_7287,12207.896106426771
00bbac68_7288,12207.879648504555
00bbac68_7289,12207.860100315871
00bbac68_7290,12207.834765395248
00bbac68_7291,12207.828073634491
00bbac68_7292,12207.812265538607
00bbac68_7293,12207.831826389402
00bbac68_7294,12207.826572616243
00bbac68_7295,12207.829349642168
00bbac68_7296,12207.834014468632
00bbac68_7297,12207.857922532907
00bbac68_7298,12207.851431720614
00bbac68_7299,12207.862587586165
00bbac68_7300,12207.846943699677
00bbac68_7301,12207.823425853856
00bbac68_7302,12207.831661179134
00bbac68_7303,12207.817297696873
00bbac68_7304,12207.81362069552
00bbac68_7305,12207.799867956624
00bbac68_7306,12207.81360255508
00bbac68_7307,12207.820883014214
00bbac68_7308,12207.821136343278
00bbac68_7309,12207.827652253643
00bbac68_7310,12207.828486869781
00bbac68_7311,12207.841489342589
00bbac68_7312,12207.874590014617
00bbac68_7313,12207.89750786473
00bbac68_7314,12207.931138386897
00bbac68_7315,12207.930605625457
00bbac68_7316,12207.923715405486
00bbac68_7317,12207.928174576864
00bbac68_7318,12207.941901367089
00bbac68_7319,12207.995034668551
00bbac68_7320,12208.019413939184
00bbac68_7321,12208.041784709487
00bbac68_7322,12208.073269511904
00bbac68_7323,12208.091535960497
00bbac68_7324,12208.08443429983
00bbac68_7325,12208.094513870474
00bbac68_7326,12208.103945512836
00bbac68_7327,12208.11361292861
00bbac68_7328,12208.145933533424
00bbac68_7329,12208.22094404001
00bbac68_7330,12208.310136303737
00bbac68_7331,12208.394542203561
00bbac68_7332,12208.491420892984
00bbac68_7333,12208.563801758799
00bbac68_7334,12208.594722892065
00bbac68_7335,12208.623289403833
00bbac68_7336,12208.609153362457
00bbac68_7337,12208.59084661133
00bbac68_7338,12208.575419563394
00bbac68_7339,12208.593844046158
00bbac68_7340,12208.553049714143
00bbac68_7341,12208.49646851811
00bbac68_7342,12208.421600333837
00bbac68_7343,12208.308659495284
00bbac68_7344,12208.235553546063
00bbac68_7345,12208.174946286907
00bbac68_7346,12208.138017620964
00bbac68_7347,12208.114631502749
00bbac68_7348,12208.112919916572
00bbac68_7349,12208.107783546893
00bbac68_7350,12208.151505553209
00bbac68_7351,12208.29999363661
00bbac68_7352,12208.44821272764
00bbac68_7353,12208.602276857962
00bbac68_7354,12208.696291976503
00bbac68_7355,12208.772046116848
00bbac68_7356,12208.92760846746
00bbac68_7357,12209.053004120866
00bbac68_7358,12209.102797409054
00bbac68_7359,12209.144033814027
00bbac68_7360,12209.213041268109
00bbac68_7361,12209.27558939177
00bbac68_7362,12209.337835347684
00bbac68_7363,12209.394220383561
00bbac68_7364,12209.44657090019
00bbac68_7365,12209.47764296411
00bbac68_7366,12209.502904947694
00bbac68_7367,12209.51804664542
00bbac68_7368,12209.535981211084
00bbac68_7369,12209.50861881582
00bbac68_7370,12209.511024092451
00bbac68_7371,12209.509346673092
00bbac68_7372,12209.568440590287
00bbac68_7373,12209.580422670275
00bbac68_7374,12209.604818328955
00bbac68_7375,12209.618857802625
00bbac68_7376,12209.613493870158
00bbac68_7377,12209.592382187224
00bbac68_7378,12209.548189440065
00bbac68_7379,12209.485868345973
00bbac68_7380,12209.415282463744
00bbac68_7381,12209.388570437666
00bbac68_7382,12209.428435402668
00bbac68_7383,12209.51728295934
00bbac68_7384,12209.589107290214
00bbac68_7385,12209.620816309687
00bbac68_7386,12209.650181724555
00bbac68_7387,12209.672950382976
00bbac68_7388,12209.695874764488
00bbac68_7389,12209.745999155279
00bbac68_7390,12209.779084560272
00bbac68_7391,12209.786639653357
00bbac68_7392,12209.782985609363
00bbac68_7393,12209.775102938296
00bbac68_7394,12209.764704185487
00bbac68_7395,12209.808752709934
00bbac68_7396,12209.830804691945
00bbac68_7397,12209.874135515784
00bbac68_7398,12209.91564410603
00bbac68_7399,12209.976678983052
00bbac68_7400,12209.982704477163
00bbac68_7401,12209.97066371856
00bbac68_7402,12209.96649428477
00bbac68_7403,12209.946834790955
00bbac68_7404,12209.92378421168
00bbac68_7405,12209.971226508711
00bbac68_7406,12210.04757071158
00bbac68_7407,12210.111383676169
00bbac68_7408,12210.172060915349
00bbac68_7409,12210.290459263018
00bbac68_7410,12210.370669859258
00bbac68_7411,12210.42019551127
00bbac68_7412,12210.453531887246
00bbac68_7413,12210.496146956526
00bbac68_7414,12210.564979420833
00bbac68_7415,12210.67062761352
00bbac68_7416,12210.762454691907
00bbac68_7417,12210.837899775472
00bbac68_7418,12210.886584044305
00bbac68_7419,12210.911745420273
00bbac68_7420,12210.91822679331
00bbac68_7421,12210.927409901458
00bbac68_7422,12210.968748890487
00bbac68_7423,12211.07205975151
00bbac68_7424,12211.113903135
00bbac68_7425,12211.11783373524
00bbac68_7426,12211.147438141443
00bbac68_7427,12211.193950867837
00bbac68_7428,12211.227498770306
00bbac68_7429,12211.24012069402
00bbac68_7430,12211.187669409766
00bbac68_7431,12211.14482257224
00bbac68_7432,12211.110852270243
00bbac68_7433,12211.067609224781
00bbac68_7434,12211.102459196776
00bbac68_7435,12211.103833321988
00bbac68_7436,12211.143636230008
00bbac68_7437,12211.143722638766
00bbac68_7438,12211.19234001813
00bbac68_7439,12211.257088891221
00bbac68_7440,12211.33334061382
00bbac68_7441,12211.360395272346
00bbac68_7442,12211.369366806683
00bbac68_7443,12211.480601982037
00bbac68_7444,12211.488426757025
00bbac68_7445,12211.403132700656
00bbac68_7446,12211.387015522236
00bbac68_7447,12211.36443665909
00bbac68_7448,12211.33691945216
00bbac68_7449,12211.307705066236
00bbac68_7450,12211.25892952554
00bbac68_7451,12211.220787217466
00bbac68_7452,12211.19531919103
00bbac68_7453,12211.169163703196
00bbac68_7454,12211.11309617051
00bbac68_7455,12211.079184867494
00bbac68_7456,12211.057248174884
00bbac68_7457,12211.031158445581
00bbac68_7458,12210.991637646439
00bbac68_7459,12210.964282166155
00bbac68_7460,12210.995125690231
00bbac68_7461,12211.001737565508
00bbac68_7462,12210.996876709456
00bbac68_7463,12210.976790352515
00bbac68_7464,12210.938721558347
00bbac68_7465,12210.919454725572
00bbac68_7466,12210.900126174187
00bbac68_7467,12210.84983662032
00bbac68_7468,12210.802747215319
00bbac68_7469,12210.778106631484
00bbac68_7470,12210.768143534066
00bbac68_7471,12210.771714764749
00bbac68_7472,12210.822482597807
00bbac68_7473,12210.926034528855
00bbac68_7474,12210.960176840968
00bbac68_7475,12210.929424492886
00bbac68_7476,12210.892240047868
00bbac68_7477,12210.90033879823
00bbac68_7478,12210.887939759585
00bbac68_7479,12210.826183081925
00bbac68_7480,12210.778966217873
00bbac68_7481,12210.730302825084
00bbac68_7482,12210.675699227353
00bbac68_7483,12210.679408705044
00bbac68_7484,12210.74287826916
00bbac68_7485,12210.829205571808
00bbac68_7486,12210.892646524611
00bbac68_7487,12210.959996432757
00bbac68_7488,12210.994231580897
00bbac68_7489,12211.023211491638
00bbac68_7490,12211.07009171304
00bbac68_7491,12211.044174190187
00bbac68_7492,12211.02388330052
00bbac68_7493,12210.996677202818
00bbac68_7494,12210.988442958558
00bbac68_7495,12210.988906154327
00bbac68_7496,12210.985009926342
00bbac68_7497,12210.975550337973
00bbac68_7498,12210.965534175291
00bbac68_7499,12210.926230725421
00bbac68_7500,12210.897075961131
00bbac68_7501,12210.84496147445
00bbac68_7502,12210.739237919439
00bbac68_7503,12210.688075054879
00bbac68_7504,12210.634384236686
00bbac68_7505,12210.560585392337
00bbac68_7506,12210.486967858067
00bbac68_7507,12210.440956941271
00bbac68_7508,12210.366829959328
00bbac68_7509,12210.322070152817
00bbac68_7510,12210.33442679693
00bbac68_7511,12210.33702261777
00bbac68_7512,12210.28129616915
00bbac68_7513,12210.238093186517
00bbac68_7514,12210.126549453658
00bbac68_7515,12210.003580112669
00bbac68_7516,12209.89532397881
00bbac68_7517,12209.800473784095
00bbac68_7518,12209.715269952756
00bbac68_7519,12209.641228726474
00bbac68_7520,12209.5835122396
00bbac68_7521,12209.506304167424
00bbac68_7522,12209.46186180728
00bbac68_7523,12209.373646474945
00bbac68_7524,12209.232793420437
00bbac68_7525,12209.106056079978
00bbac68_7526,12209.019099044592
00bbac68_7527,12209.039290482287
00bbac68_7528,12208.982192681267
00bbac68_7529,12208.692947113313
00bbac68_7530,12208.532956603793
00bbac68_7531,12208.427717805043
00bbac68_7532,12208.39689100003
00bbac68_7533,12208.358730156817
00bbac68_7534,12208.382368432169
00bbac68_7535,12208.402037861424
00bbac68_7536,12208.394521120495
00bbac68_7537,12208.348811831578
00bbac68_7538,12208.390611481684
00bbac68_7539,12208.583966703518
00bbac68_7540,12208.846580619933
00bbac68_7541,12209.040006681833
00bbac68_7542,12209.140137355978
00bbac68_7543,12209.13839349664
00bbac68_7544,12209.162687499438
00bbac68_7545,12209.21891904659
00bbac68_7546,12209.291947599007
00bbac68_7547,12209.421515927354
00bbac68_7548,12209.487864997018
00bbac68_7549,12209.45423538588
00bbac68_7550,12209.399191628572
00bbac68_7551,12209.647613092457
00bbac68_7552,12210.059780686815
00bbac68_7553,12210.284372176768
00bbac68_7554,12210.42958154252
00bbac68_7555,12210.637440139675
00bbac68_7556,12210.873203025663
00bbac68_7557,12211.053859920325
00bbac68_7558,12211.128945781356
00e12e8b_2083,11604.540701988732
00e12e8b_2084,11604.380794711971
00e12e8b_2085,11604.243717257315
00e12e8b_2086,11604.283047256497
00e12e8b_2087,11604.23514557533
00e12e8b_2088,11604.201756747174
00e12e8b_2089,11604.181717317726
00e12e8b_2090,11604.16144810395
00e12e8b_2091,11604.113158104457
00e12e8b_2092,11604.070552707692
00e12e8b_2093,11603.954516413949
00e12e8b_2094,11603.96875397392
00e12e8b_2095,11603.919695926117
00e12e8b_2096,11603.894194999912
00e12e8b_2097,11603.872544980099
00e12e8b_2098,11603.841118627428
00e12e8b_2099,11603.859524975553
00e12e8b_2100,11603.838526848505
00e12e8b_2101,11603.79788451086
00e12e8b_2102,11603.809864507306
00e12e8b_2103,11603.800081800387
00e12e8b_2104,11603.820718609035
00e12e8b_2105,11603.83833584528
00e12e8b_2106,11603.876195245657
00e12e8b_2107,11603.918116751951
00e12e8b_2108,11603.979274390664
00e12e8b_2109,11604.120560384232
00e12e8b_2110,11604.213455865378
00e12e8b_2111,11604.43839291562
00e12e8b_2112,11604.578838211872
00e12e8b_2113,11604.747231291185
00e12e8b_2114,11604.87930804504
00e12e8b_2115,11605.028166706292
00e12e8b_2116,11605.173258802457
00e12e8b_2117,11605.27859511087
00e12e8b_2118,11605.358738113871
00e12e8b_2119,11605.460254669957
00e12e8b_2120,11605.493214607333
00e12e8b_2121,11605.487220901352
00e12e8b_2122,11605.596724973102
00e12e8b_2123,11605.62698221783
00e12e8b_2124,11605.664538244662
00e12e8b_2125,11605.621014349294
00e12e8b_2126,11605.684452544654
00e12e8b_2127,11605.696293756542
00e12e8b_2128,11605.701823800244
00e12e8b_2129,11605.750109821342
00e12e8b_2130,11605.803503592142
00e12e8b_2131,11605.851371023433
00e12e8b_2132,11605.99062332058
00e12e8b_2133,11606.109753394117
00e12e8b_2134,11606.040288195405
00e12e8b_2135,11606.151538336851
00e12e8b_2136,11606.183546163646
00e12e8b_2137,11606.1800648015
00e12e8b_2138,11606.21358155282
00e12e8b_2139,11606.21594813308
00e12e8b_2140,11606.229141023608
00e12e8b_2141,11606.214732870505
00e12e8b_2142,11606.157447699752
00e12e8b_2143,11606.213497507426
00e12e8b_2144,11606.181539058633
00e12e8b_2145,11606.141628864461
00e12e8b_2146,11606.08001478471
00e12e8b_2147,11606.016862708662
00e12e8b_2148,11605.927801735874
00e12e8b_2149,11605.885421022183
00e12e8b_2150,11605.858260059455
00e12e8b_2151,11605.828961065161
00e12e8b_2152,11605.793186359393
00e12e8b_2153,11605.775288185378
00e12e8b_2154,11605.772825533055
00e12e8b_2155,11605.75425431319
00e12e8b_2156,11605.752631264328
00e12e8b_2157,11605.77625396209
00e12e8b_2158,11605.813936743209
00e12e8b_2159,11605.869332774111
00e12e8b_2160,11605.911112696695
00e12e8b_2161,11605.945012974455
00e12e8b_2162,11606.023902760193
00e12e8b_2163,11606.10871211521
00e12e8b_2164,11606.197602402815
00e12e8b_2165,11606.291142563223
00e12e8b_2166,11606.312982230136
00e12e8b_2167,11606.47894342856
00e12e8b_2168,11606.561488440619
00e12e8b_2169,11606.619369423117
00e12e8b_2170,11606.808080738132
00e12e8b_2171,11606.92606349463
00e12e8b_2172,11607.022737787938
00e12e8b_2173,11607.142962123564
00e12e8b_2174,11607.262075654326
00e12e8b_2175,11607.378495935362
00e12e8b_2176,11607.450891317587
00e12e8b_2177,11607.58142728309
00e12e8b_2178,11607.656398757743
00e12e8b_2179,11607.79165859727
00e12e8b_2180,11607.933041565935
00e12e8b_2181,11608.02829210025
00e12e8b_2182,11608.186071448428
00e12e8b_2183,11608.283360436875
00e12e8b_2184,11608.447745916807
00e12e8b_2185,11608.61268331089
00e12e8b_2186,11608.768082122479
00e12e8b_2187,11608.886048810662
00e12e8b_2188,11608.943228208613
00e12e8b_2189,11609.088558512442
00e12e8b_2190,11609.178954068018
00e12e8b_2191,11609.257922625133
00e12e8b_2192,11609.343880368117
00e12e8b_2193,11609.409851829436
00e12e8b_2194,11609.492950886635
00e12e8b_2195,11609.564444765989
00e12e8b_2196,11609.620521085217
00e12e8b_2197,11609.678231069629
00e12e8b_2198,11609.691322389626
00e12e8b_2199,11609.770267800312
00e12e8b_2200,11609.81156825247
00e12e8b_2201,11609.813295228734
00e12e8b_2202,11609.876351557547
00e12e8b_2203,11609.904978081526
00e12e8b_2204,11609.987138890296
00e12e8b_2205,11610.008936476112
00e12e8b_2206,11610.031081012625
00e12e8b_2207,11610.019318314015
00e12e8b_2208,11610.026253863252
00e12e8b_2209,11610.04732566669
00e12e8b_2210,11610.063474794075
00e12e8b_2211,11610.0822300345
00e12e8b_2212,11610.085645511355
00e12e8b_2213,11610.094207239801
00e12e8b_2214,11610.094708229435
00e12e8b_2215,11610.091065788385
00e12e8b_2216,11610.11414874219
00e12e8b_2217,11610.11236904008
00e12e8b_2218,11610.098930298995
00e12e8b_2219,11610.10165150104
00e12e8b_2220,11610.103360836145
00e12e8b_2221,11610.09547452055
00e12e8b_2222,11610.104938325823
00e12e8b_2223,11610.124153222496
00e12e8b_2224,11610.15852940753
00e12e8b_2225,11610.173505843311
00e12e8b_2226,11610.221834770196
00e12e8b_2227,11610.284449840707
00e12e8b_2228,11610.35110497756
00e12e8b_2229,11610.413278717864
00e12e8b_2230,11610.469346609536
00e12e8b_2231,11610.580035906523
00e12e8b_2232,11610.662420965557
00e12e8b_2233,11610.760141227594
00e12e8b_2234,11610.853254953914
00e12e8b_2235,11610.939434529922
00e12e8b_2236,11611.0164059118
00e12e8b_2237,11611.0617735943
00e12e8b_2238,11611.128749559917
00e12e8b_2239,11611.16512481265
00e12e8b_2240,11611.202390555783
00e12e8b_2241,11611.225940692166
00e12e8b_2242,11611.252900171261
00e12e8b_2243,11611.268223550001
00e12e8b_2244,11611.280507839876
00e12e8b_2245,11611.302764002443
00e12e8b_2246,11611.320987816423
00e12e8b_2247,11611.332519059544
00e12e8b_2248,11611.463882555345
00e12e8b_2249,11611.461009137438
00e12e8b_2250,11611.472951720807
00e12e8b_2251,11611.474776905958
00e12e8b_2252,11611.47714854017
00e12e8b_2253,11611.49560676118
00e12e8b_2254,11611.510163079867
00e12e8b_2255,11611.489165516927
00e12e8b_2256,11611.50648427127
00e12e8b_2257,11611.50131023521
00e12e8b_2258,11611.48850320024
00e12e8b_2259,11611.49479621859
00e12e8b_2260,11611.48279218866
00e12e8b_2261,11611.500966547193
00e12e8b_2262,11611.493078332533
00e12e8b_2263,11611.494272594606
00e12e8b_2264,11611.503119935805
00e12e8b_2265,11611.507534716879
00e12e8b_2266,11611.499386613737
00e12e8b_2267,11611.505884068078
00e12e8b_2268,11611.51835933206
00e12e8b_2269,11611.523329591086
00e12e8b_2270,11611.51327216211
00e12e8b_2271,11611.528602974655
00e12e8b_2272,11611.538074748312
00e12e8b_2273,11611.550042049354
00e12e8b_2274,11611.562318354554
00e12e8b_2275,11611.588725615511
00e12e8b_2276,11611.592521521039
00e12e8b_2277,11611.616003979678
00e12e8b_2278,11611.608294898408
00e12e8b_2279,11611.608655691602
00e12e8b_2280,11611.61687436143
00e12e8b_2281,11611.606349513144
00e12e8b_2282,11611.60021059351
00e12e8b_2283,11611.570164505543
00e12e8b_2284,11611.541338392435
00e12e8b_2285,11611.507760558514
00e12e8b_2286,11611.465747252176
00e12e8b_2287,11611.440568522074
00e12e8b_2288,11611.366199052707
00e12e8b_2289,11611.29675325123
00e12e8b_2290,11611.234535156786
00e12e8b_2291,11611.163149919877
00e12e8b_2292,11611.089364649293
00e12e8b_2293,11610.947860621389
00e12e8b_2294,11610.940493966515
00e12e8b_2295,11610.859957706203
00e12e8b_2296,11610.797796632527
00e12e8b_2297,11610.700704876315
00e12e8b_2298,11610.63023155703
00e12e8b_2299,11610.521967883122
00e12e8b_2300,11610.441329353236
00e12e8b_2301,11610.370300269418
00e12e8b_2302,11610.236565016136
00e12e8b_2303,11610.12594749649
00e12e8b_2304,11610.052479589829
00e12e8b_2305,11609.941211463629
00e12e8b_2306,11609.924736992885
00e12e8b_2307,11609.870070049103
00e12e8b_2308,11609.762284059254
00e12e8b_2309,11609.821777092358
00e12e8b_2310,11609.75367983805
00e12e8b_2311,11609.675355218744
00e12e8b_2312,11609.601374595053
00e12e8b_2313,11609.543347862304
00e12e8b_2314,11609.486294910192
00e12e8b_2315,11609.39935045319
00e12e8b_2316,11609.31958408319
00e12e8b_2317,11609.289113589057
00e12e8b_2318,11609.208876648663
00e12e8b_2319,11609.152810455076
00e12e8b_2320,11609.10170941801
00e12e8b_2321,11609.017438257975
00e12e8b_2322,11608.960586808715
00e12e8b_2323,11608.901311763399
00e12e8b_2324,11608.819280859934
00e12e8b_2325,11608.76478616544
00e12e8b_2326,11608.697443448424
00e12e8b_2327,11608.648844220508
00e12e8b_2328,11608.5873510975
00e12e8b_2329,11608.518185994988
00e12e8b_2330,11608.462368167335
00e12e8b_2331,11608.426434117544
00e12e8b_2332,11608.372066744276
00e12e8b_2333,11608.285761129637
00e12e8b_2334,11608.243881758817
00e12e8b_2335,11608.169708369507
00e12e8b_2336,11608.161777819225
00e12e8b_2337,11608.114524028875
00e12e8b_2338,11608.028285081946
00e12e8b_2339,11608.005503891603
00e12e8b_2340,11607.957541475245
00e12e8b_2341,11607.88688364956
00e12e8b_2342,11607.870013303007
00e12e8b_2343,11607.827467535797
00e12e8b_2344,11607.790232385043
00e12e8b_2345,11607.735401128977
00e12e8b_2346,11607.709901003713
00e12e8b_2347,11607.671638533999
00e12e8b_2348,11607.6372967882
00e12e8b_2349,11607.597377151471
00e12e8b_2350,11607.551286545078
00e12e8b_2351,11607.523663481059
00e12e8b_2352,11607.497319772789
00e12e8b_2353,11607.567308712092
00e12e8b_2354,11607.549641596335
00e12e8b_2355,11607.517695171893
00e12e8b_2356,11607.49948711488
00e12e8b_2357,11607.46573157765
00e12e8b_2358,11607.456646497623
00e12e8b_2359,11607.427727783823
00e12e8b_2360,11607.40676751338
00e12e8b_2361,11607.361270253095
00e12e8b_2362,11607.351412837295
00e12e8b_2363,11607.328928713538
00e12e8b_2364,11607.30645963832
00e12e8b_2365,11607.294068892126
00e12e8b_2366,11607.28112027725
00e12e8b_2367,11607.260180157611
00e12e8b_2368,11607.24666869367
00e12e8b_2369,11607.212611426718
00e12e8b_2370,11607.226442285344
00e12e8b_2371,11607.21034191363
00e12e8b_2372,11607.198040332609
00e12e8b_2373,11607.1746116961
00e12e8b_2374,11607.143477250698
00e12e8b_2375,11607.160783192456
00e12e8b_2376,11607.151586099822
00e12e8b_2377,11607.122168485581
00e12e8b_2378,11607.13981259285
00e12e8b_2379,11607.132455440345
00e12e8b_2380,11607.13111919557
00e12e8b_2381,11607.13144446935
00e12e8b_2382,11607.136443062045
00e12e8b_2383,11607.136385620974
00e12e8b_2384,11607.135913583174
00e12e8b_2385,11607.125379808485
00e12e8b_2386,11607.130380066425
00e12e8b_2387,11607.128834405667
00e12e8b_2388,11607.13413372062
00e12e8b_2389,11607.146620213984
00e12e8b_2390,11607.142025820864
00e12e8b_2391,11607.142367623781
00e12e8b_2392,11607.1422336672
00e12e8b_2393,11607.140053940058
00e12e8b_2394,11607.149618871572
00e12e8b_2395,11607.121542672176
00e12e8b_2396,11607.140521544035
00e12e8b_2397,11607.14477773533
00e12e8b_2398,11607.125625222785
00e12e8b_2399,11607.136947808638
00e12e8b_2400,11607.143923382646
00e12e8b_2401,11607.152818074856
00e12e8b_2402,11607.146288477483
00e12e8b_2403,11607.135915041255
00e12e8b_2404,11607.139559112395
00e12e8b_2405,11607.156441210645
00e12e8b_2406,11607.143004583351
00e12e8b_2407,11607.159317458658
00e12e8b_2408,11607.167591624555
00e12e8b_2409,11607.156924839039
00e12e8b_2410,11607.156631259586
00e12e8b_2411,11607.161987288595
00e12e8b_2412,11607.147875946492
00e12e8b_2413,11607.137620080513
00e12e8b_2414,11607.14360449139
00e12e8b_2415,11607.198126344523
00e12e8b_2416,11607.176595784871
00e12e8b_2417,11607.174264195932
00e12e8b_2418,11607.191700275165
00e12e8b_2419,11607.171812703751
00e12e8b_2420,11607.150706214743
00e12e8b_2421,11607.1663148286
00e12e8b_2422,11607.160980581752
00e12e8b_2423,11607.12455978238
00e12e8b_2424,11607.121327822519
00e12e8b_2425,11607.098536824227
00e12e8b_2426,11607.094207226195
00e12e8b_2427,11607.068574231027
00e12e8b_2428,11607.04764334543
00e12e8b_2429,11607.034619152868
00e12e8b_2430,11607.006493253799
00e12e8b_2431,11606.98460157525
00e12e8b_2432,11606.982054640745
00e12e8b_2433,11607.0089960706
00e12e8b_2434,11606.994023521895
00e12e8b_2435,11607.023561000353
00e12e8b_2436,11607.032773915691
00e12e8b_2437,11607.057614719572
00e12e8b_2438,11607.089795084974
00e12e8b_2439,11607.100650071055
00e12e8b_2440,11607.12442974751
00e12e8b_2441,11607.148182990044
00e12e8b_2442,11607.170811077714
00e12e8b_2443,11607.195169072773
00e12e8b_2444,11607.203110261089
00e12e8b_2445,11607.252899919598
00e12e8b_2446,11607.274045852408
00e12e8b_2447,11607.295335007051
00e12e8b_2448,11607.3186478674
00e12e8b_2449,11607.357110427183
00e12e8b_2450,11607.373419585
00e12e8b_2451,11607.399019168479
00e12e8b_2452,11607.414378630921
00e12e8b_2453,11607.431599285694
00e12e8b_2454,11607.467337786951
00e12e8b_2455,11607.479735878787
00e12e8b_2456,11607.48804461427
00e12e8b_2457,11607.54882091824
00e12e8b_2458,11607.547636458725
00e12e8b_2459,11607.545672812696
00e12e8b_2460,11607.573054139386
00e12e8b_2461,11607.579251611485
00e12e8b_2462,11607.582528926985
00e12e8b_2463,11607.584612111032
00e12e8b_2464,11607.60368175337
00e12e8b_2465,11607.641423771493
00e12e8b_2466,11607.626501674253
00e12e8b_2467,11607.624182482057
00e12e8b_2468,11607.637148621112
00e12e8b_2469,11607.626767879738
00e12e8b_2470,11607.67277627432
00e12e8b_2471,11607.65524346268
00e12e8b_2472,11607.678105051402
00e12e8b_2473,11607.669389129933
00e12e8b_2474,11607.645821160404
00e12e8b_2475,11607.620261488242
00e12e8b_2476,11607.595623906465
00e12e8b_2477,11607.585723185693
00e12e8b_2478,11607.564399992887
00e12e8b_2479,11607.541354364921
00e12e8b_2480,11607.502751725191
00e12e8b_2481,11607.491508988978
00e12e8b_2482,11607.482864177982
00e12e8b_2483,11607.467824750247
00e12e8b_2484,11607.433274159624
00e12e8b_2485,11607.44590748997
00e12e8b_2486,11607.43804565795
00e12e8b_2487,11607.438115754958
00e12e8b_2488,11607.429194946551
00e12e8b_2489,11607.43253288183
00e12e8b_2490,11607.414136012869
00e12e8b_2491,11607.392289401325
00e12e8b_2492,11607.360670702243
00e12e8b_2493,11607.339744467066
00e12e8b_2494,11607.331756579748
00e12e8b_2495,11607.333837209308
00e12e8b_2496,11607.361161156125
00e12e8b_2497,11607.337053898444
00e12e8b_2498,11607.344297441616
00e12e8b_2499,11607.346490411011
00e12e8b_2500,11607.32262067167
00e12e8b_2501,11607.318015648183
00e12e8b_2502,11607.33671370988
00e12e8b_2503,11607.360733471616
00e12e8b_2504,11607.35917840518
00e12e8b_2505,11607.315130168492
00e12e8b_2506,11607.294623751151
00e12e8b_2507,11607.264059493276
00e12e8b_2508,11607.217190277524
00e12e8b_2509,11607.165374441245
00e12e8b_2510,11607.113397193165
00e12e8b_2511,11607.070417774215
00e12e8b_2512,11607.052666451033
00e12e8b_2513,11607.019457412902
00e12e8b_2514,11606.978215563617
00e12e8b_2515,11606.959760895663
00e12e8b_2516,11606.913090195038
00e12e8b_2517,11606.901032255419
00e12e8b_2518,11606.846579329174
00e12e8b_2519,11606.81984824274
00e12e8b_2520,11606.813851591862
00e12e8b_2521,11606.788865183826
00e12e8b_2522,11606.796359317445
00e12e8b_2523,11606.76546350015
00e12e8b_2524,11606.742745013338
00e12e8b_2525,11606.70169965015
00e12e8b_2526,11606.685443235989
00e12e8b_2527,11606.612953045613
00e12e8b_2528,11606.603649167055
00e12e8b_2529,11606.597430512227
00e12e8b_2530,11606.599293390691
00e12e8b_2531,11606.56809249505
00e12e8b_2532,11606.55896706811
00e12e8b_2533,11606.554370918811
00e12e8b_2534,11606.549976245115
00e12e8b_2535,11606.560082354667
00e12e8b_2536,11606.525401660743
00e12e8b_2537,11606.514003581515
00e12e8b_2538,11606.518607818363
00e12e8b_2539,11606.51959428032
00e12e8b_2540,11606.52558993306
00e12e8b_2541,11606.495526677434
00e12e8b_2542,11606.480181858416
00e12e8b_2543,11606.47571350647
00e12e8b_2544,11606.474548047314
00e12e8b_2545,11606.481599877956
00e12e8b_2546,11606.452209827903
00e12e8b_2547,11606.471514875231
00e12e8b_2548,11606.421740275966
00e12e8b_2549,11606.374583607701
00e12e8b_2550,11606.348243629238
00e12e8b_2551,11606.405988624978
00e12e8b_2552,11606.386512259207
00e12e8b_2553,11606.323347864003
00e12e8b_2554,11606.310131865017
00e12e8b_2555,11606.322964168587
00e12e8b_2556,11606.311612056315
00e12e8b_2557,11606.318379585027
00e12e8b_2558,11606.26862805673
00e12e8b_2559,11606.261163072859
00e12e8b_2560,11606.300245564398
00e12e8b_2561,11606.294229162233
00e12e8b_2562,11606.252026524044
00e12e8b_2563,11606.393329629826
00e12e8b_2564,11606.38333711922
00e12e8b_2565,11606.343998915254
00e12e8b_2566,11606.38192777225
00e12e8b_2567,11606.346437024362
00e12e8b_2568,11606.365112571071
00e12e8b_2569,11606.37972152292
00e12e8b_2570,11606.399245056387
00e12e8b_2571,11606.420805808693
00e12e8b_2572,11606.416402839594
00e12e8b_2573,11606.442524068107
00e12e8b_2574,11606.446292604629
00e12e8b_2575,11606.43107164382
00e12e8b_2576,11606.486407448396
00e12e8b_2577,11606.487935835323
00e12e8b_2578,11606.499163156961
00e12e8b_2579,11606.52087348588
00e12e8b_2580,11606.540104550502
00e12e8b_2581,11606.539907050348
00e12e8b_2582,11606.583262051421
00e12e8b_2583,11606.652759429124
00e12e8b_2584,11606.676719732548
00e12e8b_2585,11606.662704573202
00e12e8b_2586,11606.682548738412
00e12e8b_2587,11606.699726059294
00e12e8b_2588,11606.688857253668
00e12e8b_2589,11606.693265343403
00e12e8b_2590,11606.730239133183
00e12e8b_2591,11606.809363755277
00e12e8b_2592,11606.81493632679
00e12e8b_2593,11606.832505684735
00e12e8b_2594,11606.863161845722
00e12e8b_2595,11606.9254933481
00e12e8b_2596,11606.974515164651
00e12e8b_2597,11607.021651438452
00e12e8b_2598,11607.080541204388
00e12e8b_2599,11607.109928408185
00e12e8b_2600,11607.126369562116
00e12e8b_2601,11607.159550752329
00e12e8b_2602,11607.212861279584
00e12e8b_2603,11607.244887099045
00e12e8b_2604,11607.282411412782
00e12e8b_2605,11607.31354363796
00e12e8b_2606,11607.377043060598
00e12e8b_2607,11607.382528146733
00e12e8b_2608,11607.419043125788
00e12e8b_2609,11607.437970805802
00e12e8b_2610,11607.440386419192
00e12e8b_2611,11607.469723422859
00e12e8b_2612,11607.481515128558
00e12e8b_2613,11607.49571577964
00e12e8b_2614,11607.536808046996
00e12e8b_2615,11607.519306457605
00e12e8b_2616,11607.496030756198
00e12e8b_2617,11607.510695677194
00e12e8b_2618,11607.50103478968
00e12e8b_2619,11607.518487339708
00e12e8b_2620,11607.535769782087
00e12e8b_2621,11607.53995351386
00e12e8b_2622,11607.544260171031
00e12e8b_2623,11607.528925363878
00e12e8b_2624,11607.533407508921
00e12e8b_2625,11607.531184365844
00e12e8b_2626,11607.533785894993
00e12e8b_2627,11607.562998321842
00e12e8b_2628,11607.583935610892
00e12e8b_2629,11607.565001461053
00e12e8b_2630,11607.569991450562
00e12e8b_2631,11607.582871959865
00e12e8b_2632,11607.598746742988
00e12e8b_2633,11607.607112970847
00e12e8b_2634,11607.637563200082
00e12e8b_2635,11607.65564097029
00e12e8b_2636,11607.654146684317
00e12e8b_2637,11607.672978833316
00e12e8b_2638,11607.698913902543
00e12e8b_2639,11607.671238013929
00e12e8b_2640,11607.63626404285
00e12e8b_2641,11607.645536467393
00e12e8b_2642,11607.651821573098
00e12e8b_2643,11607.647671485323
00e12e8b_2644,11607.610928754813
00e12e8b_2645,11607.613768740559
00e12e8b_2646,11607.607164034991
00e12e8b_2647,11607.609824008821
00e12e8b_2648,11607.572326180347
00e12e8b_2649,11607.525338649813
00e12e8b_2650,11607.513656226914
00e12e8b_2651,11607.456686741927
00e12e8b_2652,11607.446285343405
00e12e8b_2653,11607.484816098035
00e12e8b_2654,11607.451280241774
00e12e8b_2655,11607.415658115178
00e12e8b_2656,11607.402119888418
00e12e8b_2657,11607.375527908578
00e12e8b_2658,11607.341294769763
00e12e8b_2659,11607.335302322816
00e12e8b_2660,11607.321829602157
00e12e8b_2661,11607.330740918875
00e12e8b_2662,11607.268315996222
00e12e8b_2663,11607.247053696829
00e12e8b_2664,11607.262436939587
00e12e8b_2665,11607.316233510408
00e12e8b_2666,11607.367854429198
00e12e8b_2667,11607.378119488036
00e12e8b_2668,11607.535408610465
00e12e8b_2669,11607.57394260084
00e12e8b_2670,11607.61522294069
00e12e8b_2671,11607.630396907605
00e12e8b_2672,11607.702911543338
00e12e8b_2673,11607.772735282948
00e12e8b_2674,11607.818821676163
00e12e8b_2675,11607.855921640272
00e12e8b_2676,11607.939263421064
00e12e8b_2677,11608.022183021802
00e12e8b_2678,11608.078285827083
00e12e8b_2679,11608.099765977937
00e12e8b_2680,11608.157540559981
00e12e8b_2681,11608.15686436088
00e12e8b_2682,11608.204510268968
00e12e8b_2683,11608.250370723279
00e12e8b_2684,11608.266700616607
00e12e8b_2685,11608.327264483029
00e12e8b_2686,11608.405355337272
00e12e8b_2687,11608.415398931118
00e12e8b_2688,11608.461235071345
00e12e8b_2689,11608.513705591857
00e12e8b_2690,11608.623103320606
00e12e8b_2691,11608.73809127779
00e12e8b_2692,11608.808692786297
00e12e8b_2693,11608.851878334752
00e12e8b_2694,11608.93873762655
00e12e8b_2695,11608.936579310375
00e12e8b_2696,11608.970042674413
00e12e8b_2697,11608.999893781307
00e12e8b_2698,11609.080542952235
00e12e8b_2699,11609.179993314534
00e12e8b_2700,11609.23145918584
00e12e8b_2701,11609.259016229405
00e12e8b_2702,11609.2617072287
00e12e8b_2703,11609.362712612055
00e12e8b_2704,11609.38074668678
00e12e8b_2705,11609.398603544942
00e12e8b_2706,11609.372629973186
00e12e8b_2707,11609.400304397184
00e12e8b_2708,11609.451118327677
00e12e8b_2709,11609.423538179264
00e12e8b_2710,11609.520128404638
00e12e8b_2711,11609.558199536708
00e12e8b_2712,11609.65393690316
00e12e8b_2713,11609.812115977518
00e12e8b_2714,11609.803512638198
00e12e8b_2715,11609.95508197983
00e12e8b_2716,11609.993735007934
00e12e8b_2717,11610.054869170366
00e12e8b_2718,11610.104035119703
00e12e8b_2719,11610.150470237539
00e12e8b_2720,11610.191261490283
00e12e8b_2721,11610.231540841238
00e12e8b_2722,11610.29074492625
00e12e8b_2723,11610.33191084355
00e12e8b_2724,11610.347865720629
00e12e8b_2725,11610.400940926704
00e12e8b_2726,11610.451668604897
00e12e8b_2727,11610.485106890605
00e12e8b_2728,11610.491655411965
00e12e8b_2729,11610.538691902482
00e12e8b_2730,11610.549828876905
00e12e8b_2731,11610.602295192191
00e12e8b_2732,11610.621568433124
00e12e8b_2733,11610.632794376052
00e12e8b_2734,11610.70524055195
00e12e8b_2735,11610.74539884191
00e12e8b_2736,11610.779770267296
00e12e8b_2737,11610.810397691286
00e12e8b_2738,11610.809844481575
00e12e8b_2739,11610.81044227404
00e12e8b_2740,11610.796380663203
00e12e8b_2741,11610.829539078404
00e12e8b_2742,11610.882569224217
00e12e8b_2743,11610.867359425029
00e12e8b_2744,11610.837846317856
00e12e8b_2745,11610.900394399037
00e12e8b_2746,11610.971893475638
00e12e8b_2747,11610.976928449983
00e12e8b_2748,11610.989106748866
00e12e8b_2749,11611.032618328647
00e12e8b_2750,11611.063862989311
00e12e8b_2751,11611.092096481965
00e12e8b_2752,11611.103793170012
00e12e8b_2753,11611.14178972681
00e12e8b_2754,11611.159068752315
00e12e8b_2755,11611.18450162627
00e12e8b_2756,11611.227440263374
00e12e8b_2757,11611.239614331493
00e12e8b_2758,11611.272605013859
00e12e8b_2759,11611.304010899592
00e12e8b_2760,11611.324660715154
00e12e8b_2761,11611.342624620685
00e12e8b_2762,11611.38872162081
00e12e8b_2763,11611.397390953241
00e12e8b_2764,11611.467379444399
00e12e8b_2765,11611.499052494404
00e12e8b_2766,11611.51630234441
00e12e8b_2767,11611.517995892678
00e12e8b_2768,11611.515384564467
00e12e8b_2769,11611.536391101836
00e12e8b_2770,11611.544087233502
00e12e8b_2771,11611.54223121759
00e12e8b_2772,11611.543517041257
00e12e8b_2773,11611.608529933741
00e12e8b_2774,11611.615804925585
00e12e8b_2775,11611.644393913537
00e12e8b_2776,11611.658252799187
00e12e8b_2777,11611.696009025405
00e12e8b_2778,11611.717371940087
00e12e8b_2779,11611.75354039246
00e12e8b_2780,11611.78027328676
00e12e8b_2781,11611.82444579976
00e12e8b_2782,11611.872587058986
00e12e8b_2783,11611.89048458072
00e12e8b_2784,11611.920814232084
00e12e8b_2785,11611.922180011972
00e12e8b_2786,11611.964152384493
00e12e8b_2787,11612.008669131783
00e12e8b_2788,11612.073087145953
00e12e8b_2789,11612.124447048536
00e12e8b_2790,11612.185818839673
00e12e8b_2791,11612.257134526466
00e12e8b_2792,11612.272098673471
00e12e8b_2793,11612.345769546377
00e12e8b_2794,11612.397345124577
00e12e8b_2795,11612.43352425859
00e12e8b_2796,11612.50230216786
00e12e8b_2797,11612.541523629969
00e12e8b_2798,11612.583298668671
00e12e8b_2799,11612.62655598994
00e12e8b_2800,11612.68541678834
00e12e8b_2801,11612.801698271694
00e12e8b_2802,11612.863094257546
00e12e8b_2803,11612.855941286638
00e12e8b_2804,11612.89401766233
00e12e8b_2805,11612.97289188263
00e12e8b_2806,11613.030665308066
00e12e8b_2807,11613.066758018262
00e12e8b_2808,11613.124340356877
00e12e8b_2809,11613.172106027374
00e12e8b_2810,11613.219106885797
00e12e8b_2811,11613.267508988984
00e12e8b_2812,11613.306271536308
00e12e8b_2813,11613.349513762887
00e12e8b_2814,11613.382950309393
00e12e8b_2815,11613.43762151157
00e12e8b_2816,11613.45741175685
00e12e8b_2817,11613.490327129372
00e12e8b_2818,11613.54682676154
00e12e8b_2819,11613.564774212507
00e12e8b_2820,11613.587981648458
00e12e8b_2821,11613.625565863247
00e12e8b_2822,11613.663104593623
00e12e8b_2823,11613.721109048844
00e12e8b_2824,11613.802100177578
00e12e8b_2825,11613.850290215021
00e12e8b_2826,11613.877903777862
00e12e8b_2827,11613.906631500791
00e12e8b_2828,11613.962898777176
00e12e8b_2829,11614.008796408634
00e12e8b_2830,11614.053509036858
00e12e8b_2831,11614.08788437101
00e12e8b_2832,11614.122926268816
00e12e8b_2833,11614.14066711719
00e12e8b_2834,11614.179018202758
00e12e8b_2835,11614.220415498201
00e12e8b_2836,11614.262187353463
00e12e8b_2837,11614.288329418263
00e12e8b_2838,11614.326823740224
00e12e8b_2839,11614.349446550512
00e12e8b_2840,11614.370401376116
00e12e8b_2841,11614.415572000555
00e12e8b_2842,11614.430428374797
00e12e8b_2843,11614.429198462498
00e12e8b_2844,11614.47076397105
00e12e8b_2845,11614.462725689305
00e12e8b_2846,11614.498482224535
00e12e8b_2847,11614.511719571296
00e12e8b_2848,11614.50102695236
00e12e8b_2849,11614.539981948477
00e12e8b_2850,11614.593814457157
00e12e8b_2851,11614.601297479861
00e12e8b_2852,11614.621539727417
00e12e8b_2853,11614.651151591997
00e12e8b_2854,11614.667200902808
00e12e8b_2855,11614.677469960912
00e12e8b_2856,11614.712449111015
00e12e8b_2857,11614.72011262803
00e12e8b_2858,11614.717633872111
00e12e8b_2859,11614.73578476454
00e12e8b_2860,11614.745879503162
00e12e8b_2861,11614.746017861018
00e12e8b_2862,11614.783235299663
00e12e8b_2863,11614.795397414011
00e12e8b_2864,11614.799671733588
00e12e8b_2865,11614.804490431357
00e12e8b_2866,11614.842853817972
00e12e8b_2867,11614.85234026316
00e12e8b_2868,11614.853908987414
00e12e8b_2869,11614.841823459323
00e12e8b_2870,11614.85234884484
00e12e8b_2871,11614.848328487291
00e12e8b_2872,11614.827612355613
00e12e8b_2873,11614.841656267887
00e12e8b_2874,11614.828344213762
00e12e8b_2875,11614.798981874288
00e12e8b_2876,11614.819096494768
00e12e8b_2877,11614.7859877591
00e12e8b_2878,11614.756630350465
00e12e8b_2879,11614.79684831085
00e12e8b_2880,11614.758697994035
00e12e8b_2881,11614.771702498518
00e12e8b_2882,11614.745313113948
00e12e8b_2883,11614.733962308499
00e12e8b_2884,11614.702719495315
00e12e8b_2885,11614.702182481822
00e12e8b_2886,11614.66486274153
00e12e8b_2887,11614.655055447294
00e12e8b_2888,11614.613238848975
00e12e8b_2889,11614.612372799955
00e12e8b_2890,11614.587954408698
00e12e8b_2891,11614.59040173576
00e12e8b_2892,11614.563450393836
00e12e8b_2893,11614.565466774993
00e12e8b_2894,11614.541633922297
00e12e8b_2895,11614.52052811915
00e12e8b_2896,11614.529407750175
00e12e8b_2897,11614.504546485041
00e12e8b_2898,11614.516705087844
00e12e8b_2899,11614.496013063097
00e12e8b_2900,11614.497933199913
00e12e8b_2901,11614.54415725093
00e12e8b_2902,11614.536470865225
00e12e8b_2903,11614.550793988365
00e12e8b_2904,11614.573090613418
00e12e8b_2905,11614.632289417417
00e12e8b_2906,11614.637849998388
00e12e8b_2907,11614.693565748421
00e12e8b_2908,11614.724503406047
00e12e8b_2909,11614.706237338736
00e12e8b_2910,11614.708420540926
00e12e8b_2911,11614.743123045198
00e12e8b_2912,11614.727627927892
00e12e8b_2913,11614.749586825106
00e12e8b_2914,11614.819205896134
00e12e8b_2915,11614.817395381571
00e12e8b_2916,11614.86396159899
00e12e8b_2917,11614.876102988304
00e12e8b_2918,11614.972055219718
00e12e8b_2919,11614.943212742372
00e12e8b_2920,11614.98249272922
00e12e8b_2921,11615.03119228571
00e12e8b_2922,11615.04361454239
00e12e8b_2923,11615.06468838143
00e12e8b_2924,11615.116049625032
00e12e8b_2925,11615.14108826587
00e12e8b_2926,11615.143358617392
00e12e8b_2927,11615.135717855139
00e12e8b_2928,11615.178476494006
00e12e8b_2929,11615.199913474571
00e12e8b_2930,11615.24064674897
00e12e8b_2931,11615.32031295757
00e12e8b_2932,11615.35408612891
00e12e8b_2933,11615.40272760878
00e12e8b_2934,11615.405120713109
00e12e8b_2935,11615.44375248719
00e12e8b_2936,11615.497132655242
00e12e8b_2937,11615.499448368271
00e12e8b_2938,11615.54578808297
00e12e8b_2939,11615.592893713841
00e12e8b_2940,11615.628084594207
00e12e8b_2941,11615.648439746627
00e12e8b_2942,11615.678289845157
00e12e8b_2943,11615.704535531335
00e12e8b_2944,11615.734439567514
00e12e8b_2945,11615.7316742497
00e12e8b_2946,11615.759509796273
00e12e8b_2947,11615.785592431386
00e12e8b_2948,11615.791661159337
00e12e8b_2949,11615.877092170844
00e12e8b_2950,11615.853422588169
00e12e8b_2951,11615.872253447717
00e12e8b_2952,11615.920821953205
00e12e8b_2953,11615.954405191509
00e12e8b_2954,11615.974433940622
00e12e8b_2955,11615.999176786545
00e12e8b_2956,11616.009541981763
00e12e8b_2957,11616.019988855587
00e12e8b_2958,11616.027442438399
00e12e8b_2959,11615.98727788295
00e12e8b_2960,11616.013222839663
00e12e8b_2961,11616.059329952242
00e12e8b_2962,11616.114177820395
00e12e8b_2963,11616.089771413568
00e12e8b_2964,11616.06391158203
00e12e8b_2965,11616.099773729948
00e12e8b_2966,11616.105467901145
00e12e8b_2967,11616.115136555873
00e12e8b_2968,11616.114552694702
00e12e8b_2969,11616.10264068377
00e12e8b_2970,11616.113863527733
00e12e8b_2971,11616.08080680533
00e12e8b_2972,11616.118508970692
00e12e8b_2973,11616.132209884909
00e12e8b_2974,11616.120990548938
00e12e8b_2975,11616.127206021301
00e12e8b_2976,11616.114176371833
00e12e8b_2977,11616.109495154768
00e12e8b_2978,11616.10371500235
00e12e8b_2979,11616.08900256485
00e12e8b_2980,11616.095218387847
00e12e8b_2981,11616.079399299422
00e12e8b_2982,11616.077128419996
00e12e8b_2983,11616.06668620402
00e12e8b_2984,11616.0474058852
00e12e8b_2985,11616.07223755929
00e12e8b_2986,11616.073266519106
00e12e8b_2987,11616.068733097869
00e12e8b_2988,11616.06881255184
00e12e8b_2989,11616.086903401952
00e12e8b_2990,11616.086911358236
00e12e8b_2991,11616.093789034483
00e12e8b_2992,11616.100458058894
00e12e8b_2993,11616.117889354962
00e12e8b_2994,11616.1141832263
00e12e8b_2995,11616.120333478273
00e12e8b_2996,11616.12179834724
00e12e8b_2997,11616.1280534781
00e12e8b_2998,11616.144202653508
00e12e8b_2999,11616.1651811349
00e12e8b_3000,11616.148540991455
00e12e8b_3001,11616.152091531872
00e12e8b_3002,11616.169446874752
00e12e8b_3003,11616.184792225773
00e12e8b_3004,11616.201828628073
00e12e8b_3005,11616.233302831051
00e12e8b_3006,11616.237986923403
00e12e8b_3007,11616.253692110306
00e12e8b_3008,11616.255620021522
00e12e8b_3009,11616.241437832869
00e12e8b_3010,11616.277532538945
00e12e8b_3011,11616.293102578458
00e12e8b_3012,11616.305330967432
00e12e8b_3013,11616.316902929892
00e12e8b_3014,11616.328711135662
00e12e8b_3015,11616.321157124288
00e12e8b_3016,11616.320456736124
00e12e8b_3017,11616.311426035933
00e12e8b_3018,11616.313861813267
00e12e8b_3019,11616.312966131682
00e12e8b_3020,11616.308391720064
00e12e8b_3021,11616.318603390047
00e12e8b_3022,11616.298413196533
00e12e8b_3023,11616.29026995549
00e12e8b_3024,11616.269091600372
00e12e8b_3025,11616.260536965998
00e12e8b_3026,11616.26660286107
00e12e8b_3027,11616.254906768369
00e12e8b_3028,11616.23739771903
00e12e8b_3029,11616.22442288386
00e12e8b_3030,11616.168662654312
00e12e8b_3031,11616.11208754786
00e12e8b_3032,11616.090971154357
00e12e8b_3033,11616.045233792664
00e12e8b_3034,11615.966334915272
00e12e8b_3035,11615.891334413556
00e12e8b_3036,11615.761328939552
00e12e8b_3037,11615.72320308206
00e12e8b_3038,11615.652366452287
00e12e8b_3039,11615.623645527512
00e12e8b_3040,11615.62132444726
00e12e8b_3041,11615.610850376104
00e12e8b_3042,11615.562216444872
00e12e8b_3043,11615.581975888252
00e12e8b_3044,11615.588470332044
00e12e8b_3045,11615.598118330248
00e12e8b_3046,11615.560846186188
00e12e8b_3047,11615.575036394013
00e12e8b_3048,11615.589459383309
00e12e8b_3049,11615.595696825512
00e12e8b_3050,11615.683026421804
00e12e8b_3051,11615.73461713685
00e12e8b_3052,11615.778004418728
00e12e8b_3053,11615.842337135951
00e12e8b_3054,11615.87545750611
00e12e8b_3055,11615.926595373448
00e12e8b_3056,11615.985477376946
00e12e8b_3057,11616.016715372907
00e12e8b_3058,11616.012962816161
00e12e8b_3059,11616.028629654194
00e12e8b_3060,11616.03218559564
00e12e8b_3061,11616.081757527227
00e12e8b_3062,11616.08732424345
00e12e8b_3063,11616.08338169102
00e12e8b_3064,11616.075733173759
00e12e8b_3065,11616.070667047343
00e12e8b_3066,11616.071335103985
00e12e8b_3067,11616.065008333197
00e12e8b_3068,11616.053579107116
00e12e8b_3069,11616.03675944719
00e12e8b_3070,11616.039738489731
00e12e8b_3071,11616.013672288878
00e12e8b_3072,11615.964288338491
00e12e8b_3073,11615.947900137642
00e12e8b_3074,11615.931040692649
00e12e8b_3075,11615.919796024473
00e12e8b_3076,11615.931818512798
00e12e8b_3077,11615.89395303839
00e12e8b_3078,11615.885734827361
00e12e8b_3079,11615.893002346544
00e12e8b_3080,11615.883784237634
00e12e8b_3081,11615.873266648987
00e12e8b_3082,11615.867261129282
00e12e8b_3083,11615.878036865897
00e12e8b_3084,11615.864858905014
00e12e8b_3085,11615.872016065483
00e12e8b_3086,11615.881799177081
00e12e8b_3087,11615.893550989093
00e12e8b_3088,11615.889915636491
00e12e8b_3089,11615.893845282162
00e12e8b_3090,11615.946762642976
00e12e8b_3091,11615.954568471352
00e12e8b_3092,11615.960303008407
00e12e8b_3093,11615.985441891477
00e12e8b_3094,11615.99521168091
00e12e8b_3095,11615.99111615003
00e12e8b_3096,11616.026928210058
00e12e8b_3097,11616.051365294856
00e12e8b_3098,11616.0708431967
00e12e8b_3099,11616.088823392953
00e12e8b_3100,11616.112752953457
00e12e8b_3101,11616.125294757612
00e12e8b_3102,11616.150715745738
00e12e8b_3103,11616.16222473784
00e12e8b_3104,11616.17297158398
00e12e8b_3105,11616.189635373696
00e12e8b_3106,11616.207519801386
00e12e8b_3107,11616.232848577143
00e12e8b_3108,11616.238960408107
00e12e8b_3109,11616.24629386001
00e12e8b_3110,11616.262583632995
00e12e8b_3111,11616.260950777205
00e12e8b_3112,11616.27614367562
00e12e8b_3113,11616.28912048948
00e12e8b_3114,11616.260035541885
00e12e8b_3115,11616.261962920713
00e12e8b_3116,11616.281512075315
00e12e8b_3117,11616.290184856083
00e12e8b_3118,11616.304807313158
00e12e8b_3119,11616.31656157524
00e12e8b_3120,11616.327165066017
00e12e8b_3121,11616.335368947888
00e12e8b_3122,11616.325270519872
00e12e8b_3123,11616.357624841832
00e12e8b_3124,11616.345390749779
00e12e8b_3125,11616.37677408142
00e12e8b_3126,11616.396203748165
00e12e8b_3127,11616.388553270735
00e12e8b_3128,11616.402006612014
00e12e8b_3129,11616.415015418666
00e12e8b_3130,11616.42011815443
00e12e8b_3131,11616.418235430614
00e12e8b_3132,11616.424468034025
00e12e8b_3133,11616.4279045056
00e12e8b_3134,11616.42824447852
00e12e8b_3135,11616.429322315951
00e12e8b_3136,11616.433009686529
00e12e8b_3137,11616.431922000202
00e12e8b_3138,11616.407623077792
00e12e8b_3139,11616.436335403287
00e12e8b_3140,11616.436582196638
00e12e8b_3141,11616.445607523094
00e12e8b_3142,11616.425651138532
00e12e8b_3143,11616.423744133775
00e12e8b_3144,11616.430500353777
00e12e8b_3145,11616.432394971556
00e12e8b_3146,11616.444871094567
00e12e8b_3147,11616.441471063776
00e12e8b_3148,11616.458863838612
00e12e8b_3149,11616.457716001165
00e12e8b_3150,11616.422674487745
00e12e8b_3151,11616.413094565227
00e12e8b_3152,11616.401937148157
00e12e8b_3153,11616.376729888056
00e12e8b_3154,11616.389667848649
00e12e8b_3155,11616.405732358136
00e12e8b_3156,11616.42864692688
00e12e8b_3157,11616.425650418932
00e12e8b_3158,11616.440509733526
00e12e8b_3159,11616.441147883674
00e12e8b_3160,11616.449247014216
00e12e8b_3161,11616.470854470017
00e12e8b_3162,11616.480302929665
00e12e8b_3163,11616.487405531307
00e12e8b_3164,11616.491683051021
00e12e8b_3165,11616.498816668669
00e12e8b_3166,11616.503686842481
00e12e8b_3167,11616.508006640423
00e12e8b_3168,11616.548114820247
00e12e8b_3169,11616.559103932374
00e12e8b_3170,11616.561480245993
00e12e8b_3171,11616.559922619137
00e12e8b_3172,11616.56209385946
00e12e8b_3173,11616.550464365624
00e12e8b_3174,11616.563608795272
00e12e8b_3175,11616.564878405014
00e12e8b_3176,11616.566712793752
00e12e8b_3177,11616.554547533735
00e12e8b_3178,11616.561178115764
00e12e8b_3179,11616.560274211553
00e12e8b_3180,11616.564953146955
00e12e8b_3181,11616.563293635696
00e12e8b_3182,11616.549938660623
00e12e8b_3183,11616.548539038551
00e12e8b_3184,11616.53496092831
00e12e8b_3185,11616.538798602583
00e12e8b_3186,11616.508558628946
00e12e8b_3187,11616.517729835166
00e12e8b_3188,11616.470845040005
00e12e8b_3189,11616.44885926988
00e12e8b_3190,11616.465743625136
00e12e8b_3191,11616.465136589224
00e12e8b_3192,11616.42852193631
00e12e8b_3193,11616.478061711026
00e12e8b_3194,11616.465452966197
00e12e8b_3195,11616.545500054448
00e12e8b_3196,11616.538871721199
00e12e8b_3197,11616.54432471575
00e12e8b_3198,11616.537613351387
00e12e8b_3199,11616.542497975246
00e12e8b_3200,11616.549377341367
00e12e8b_3201,11616.552518976243
00e12e8b_3202,11616.548873259571
00e12e8b_3203,11616.549341120412
00e12e8b_3204,11616.54086474238
00e12e8b_3205,11616.534484469521
00e12e8b_3206,11616.542077886663
00e12e8b_3207,11616.535846354347
00e12e8b_3208,11616.535374473096
00e12e8b_3209,11616.53316775185
00e12e8b_3210,11616.527563740096
00e12e8b_3211,11616.534582057393
00e12e8b_3212,11616.52385675121
00e12e8b_3213,11616.50648151487
00e12e8b_3214,11616.506269585072
00e12e8b_3215,11616.50910105647
00e12e8b_3216,11616.501691548177
00e12e8b_3217,11616.494108867162
00e12e8b_3218,11616.4793277372
00e12e8b_3219,11616.42240649277
00e12e8b_3220,11616.41324465537
00e12e8b_3221,11616.409772562933
00e12e8b_3222,11616.406480666636
00e12e8b_3223,11616.404396576329
00e12e8b_3224,11616.397135020587
00e12e8b_3225,11616.38177188884
00e12e8b_3226,11616.368544360706
00e12e8b_3227,11616.318923924311
00e12e8b_3228,11616.321649674835
00e12e8b_3229,11616.317075778412
00e12e8b_3230,11616.316073760981
00e12e8b_3231,11616.33227757483
00e12e8b_3232,11616.328790582505
00e12e8b_3233,11616.330344668133
00e12e8b_3234,11616.314175792824
00e12e8b_3235,11616.302115838533
00e12e8b_3236,11616.282168577694
00e12e8b_3237,11616.250377610131
00e12e8b_3238,11616.22442894949
00e12e8b_3239,11616.21282865742
00e12e8b_3240,11616.193237959207
00e12e8b_3241,11616.170799265996
00e12e8b_3242,11616.157078349159
00e12e8b_3243,11616.135298080924
00e12e8b_3244,11616.13030773252
00e12e8b_3245,11616.131551156048
00e12e8b_3246,11616.156483811192
00e12e8b_3247,11616.155500882913
00e12e8b_3248,11616.15951820965
00e12e8b_3249,11616.147121903008
00e12e8b_3250,11616.180293951695
00e12e8b_3251,11616.200742222863
00e12e8b_3252,11616.186401962332
00e12e8b_3253,11616.221904500964
00e12e8b_3254,11616.209255451055
00e12e8b_3255,11616.24125646923
00e12e8b_3256,11616.222790476924
00e12e8b_3257,11616.253444409722
00e12e8b_3258,11616.236937669564
00e12e8b_3259,11616.23361531254
00e12e8b_3260,11616.245693388033
00e12e8b_3261,11616.228535511636
00e12e8b_3262,11616.239245803172
00e12e8b_3263,11616.242248432933
00e12e8b_3264,11616.251066584364
00e12e8b_3265,11616.261601749708
00e12e8b_3266,11616.262934996208
00e12e8b_3267,11616.267554590635
00e12e8b_3268,11616.252088682308
00e12e8b_3269,11616.259684247036
00e12e8b_3270,11616.384213870839
00e12e8b_3271,11616.41081175084
00e12e8b_3272,11616.414542510827
00e12e8b_3273,11616.410861552273
00e12e8b_3274,11616.408454069679
00e12e8b_3275,11616.424031041655
00e12e8b_3276,11616.440330654019
00e12e8b_3277,11616.455292061963
00e12e8b_3278,11616.458604108051
00e12e8b_3279,11616.446926545239
00e12e8b_3280,11616.448078673744
00e12e8b_3281,11616.434539187432
00e12e8b_3282,11616.425040743406
00e12e8b_3283,11616.41247947657
00e12e8b_3284,11616.388292770524
00e12e8b_3285,11616.36521570069
00e12e8b_3286,11616.375531524192
00e12e8b_3287,11616.35474600223
00e12e8b_3288,11616.347957634556
00e12e8b_3289,11616.340894082503
00e12e8b_3290,11616.320271924656
00e12e8b_3291,11616.309923234989
00e12e8b_3292,11616.265356888007
00e12e8b_3293,11616.244626838623
00e12e8b_3294,11616.275473903019
00e12e8b_3295,11616.225353442114
00e12e8b_3296,11616.207427140445
00e12e8b_3297,11616.239544452721
00e12e8b_3298,11616.226484577104
00e12e8b_3299,11616.185835613653
00e12e8b_3300,11616.16781332509
00e12e8b_3301,11616.197137731797
00e12e8b_3302,11616.320087258624
00e12e8b_3303,11616.31326676557
00e12e8b_3304,11616.294190053846
00e12e8b_3305,11616.28298692341
00e12e8b_3306,11616.300852439617
00e12e8b_3307,11616.293559723594
00e12e8b_3308,11616.284026174613
00e12e8b_3309,11616.285994272797
00e12e8b_3310,11616.303867634364
00e12e8b_3311,11616.243961943754
00e12e8b_3312,11616.2704338827
00e12e8b_3313,11616.33765373251
00e12e8b_3314,11616.34280934565
00e12e8b_3315,11616.353820225257
00e12e8b_3316,11616.351651554585
00e12e8b_3317,11616.326294062601
00e12e8b_3318,11616.3818171973
00e12e8b_3319,11616.375519591604
00e12e8b_3320,11616.390180335404
00e12e8b_3321,11616.380220015093
00e12e8b_3322,11616.389976637976
00e12e8b_3323,11616.409823060209
00e12e8b_3324,11616.397153678416
00e12e8b_3325,11616.405146087263
00e12e8b_3326,11616.40711928066
00e12e8b_3327,11616.42070121923
00e12e8b_3328,11616.407563904026
00e12e8b_3329,11616.409044143731
00e12e8b_3330,11616.427539470944
00e12e8b_3331,11616.417903164996
00e12e8b_3332,11616.426093760227
00e12e8b_3333,11616.42588739491
00e12e8b_3334,11616.431541422531
00e12e8b_3335,11616.424349945291
00e12e8b_3336,11616.442465969507
00e12e8b_3337,11616.420640110218
00e12e8b_3338,11616.436768723224
00e12e8b_3339,11616.458962012672
00e12e8b_3340,11616.452040430884
00e12e8b_3341,11616.44773707201
00e12e8b_3342,11616.448281398425
00e12e8b_3343,11616.456264638906
00e12e8b_3344,11616.45640353588
00e12e8b_3345,11616.461865077456
00e12e8b_3346,11616.469930908877
00e12e8b_3347,11616.43471056068
00e12e8b_3348,11616.46321923762
00e12e8b_3349,11616.47683667844
00e12e8b_3350,11616.453997757933
00e12e8b_3351,11616.47731871353
00e12e8b_3352,11616.495531029444
00e12e8b_3353,11616.453049481708
00e12e8b_3354,11616.482402692985
00e12e8b_3355,11616.498506453778
00e12e8b_3356,11616.481488611395
00e12e8b_3357,11616.484863119262
00e12e8b_3358,11616.468975006472
00e12e8b_3359,11616.466778451693
00e12e8b_3360,11616.482442729146
00e12e8b_3361,11616.485395744177
00e12e8b_3362,11616.48801062384
00e12e8b_3363,11616.493235489746
00e12e8b_3364,11616.458029107303
00e12e8b_3365,11616.484942548426
00e12e8b_3366,11616.457331538057
00e12e8b_3367,11616.47527173848
00e12e8b_3368,11616.48596250076
00e12e8b_3369,11616.46814332089
00e12e8b_3370,11616.57920469596
00e12e8b_3371,11616.572964265437
00e12e8b_3372,11616.564643124711
00e12e8b_3373,11616.590650902737
00e12e8b_3374,11616.586138856439
00e12e8b_3375,11616.575284183196
00e12e8b_3376,11616.559293816961
00e12e8b_3377,11616.624468763614
00e12e8b_3378,11616.577134826523
00e12e8b_3379,11616.590708101492
00e12e8b_3380,11616.654213244
00e12e8b_3381,11616.639069275598
00e12e8b_3382,11616.674543189321
00e12e8b_3383,11616.662752746217
00e12e8b_3384,11616.679886424965
00e12e8b_3385,11616.668579240424
00e12e8b_3386,11616.67222397594
00e12e8b_3387,11616.66273736374
00e12e8b_3388,11616.682566350722
00e12e8b_3389,11616.68027784969
00e12e8b_3390,11616.700463858364
00e12e8b_3391,11616.691550281264
00e12e8b_3392,11616.706765083936
00e12e8b_3393,11616.662856653333
00e12e8b_3394,11616.700845362027
00e12e8b_3395,11616.740453904726
00e12e8b_3396,11616.71974423511
00e12e8b_3397,11616.7270395402
00e12e8b_3398,11616.746968016374
00e12e8b_3399,11616.728113000443
00e12e8b_3400,11616.746633532177
00e12e8b_3401,11616.750062329858
00e12e8b_3402,11616.745801457488
00e12e8b_3403,11616.73921615035
00e12e8b_3404,11616.754438553922
00e12e8b_3405,11616.746692940222
00e12e8b_3406,11616.742947010478
00e12e8b_3407,11616.725544336974
00e12e8b_3408,11616.725335511688
00e12e8b_3409,11616.72362803212
00e12e8b_3410,11616.830184165785
00e12e8b_3411,11616.817256410297
00e12e8b_3412,11616.832698539574
00e12e8b_3413,11616.835696319169
00e12e8b_3414,11616.830031131376
00e12e8b_3415,11616.832184622526
00e12e8b_3416,11616.823176623253
00e12e8b_3417,11616.82349279617
00e12e8b_3418,11616.820962883094
00e12e8b_3419,11616.808922001577
00e12e8b_3420,11616.822024114748
00e12e8b_3421,11616.819199761225
00e12e8b_3422,11616.814991904503
00e12e8b_3423,11616.813399060107
00e12e8b_3424,11616.815856948984
00e12e8b_3425,11616.805860922512
00e12e8b_3426,11616.78768797741
00e12e8b_3427,11616.785215250788
00e12e8b_3428,11616.77719465123
00e12e8b_3429,11616.765220923377
00e12e8b_3430,11616.755657009784
00e12e8b_3431,11616.747583405197
00e12e8b_3432,11616.76098402527
00e12e8b_3433,11616.724659429445
00e12e8b_3434,11616.708642169478
00e12e8b_3435,11616.661477897678
00e12e8b_3436,11616.655084459355
00e12e8b_3437,11616.698207108017
00e12e8b_3438,11616.695235437484
00e12e8b_3439,11616.690369970078
00e12e8b_3440,11616.70185234153
00e12e8b_3441,11616.674405182415
00e12e8b_3442,11616.664235212495
00e12e8b_3443,11616.659648034176
00e12e8b_3444,11616.656362443879
00e12e8b_3445,11616.673197811273
00e12e8b_3446,11616.663579637425
00e12e8b_3447,11616.66061194401
00e12e8b_3448,11616.663156519295
00e12e8b_3449,11616.648716543745
00e12e8b_3450,11616.643608058517
00e12e8b_3451,11616.640302165419
00e12e8b_3452,11616.6106101507
00e12e8b_3453,11616.628495712299
00e12e8b_3454,11616.624783156294
00e12e8b_3455,11616.637730449593
00e12e8b_3456,11616.612288881111
00e12e8b_3457,11616.584735310045
00e12e8b_3458,11616.564487693253
00e12e8b_3459,11616.600222539233
00e12e8b_3460,11616.570776335719
00e12e8b_3461,11616.590649505359
00e12e8b_3462,11616.602209576187
00e12e8b_3463,11616.52364760487
00e12e8b_3464,11616.580001369526
00e12e8b_3465,11616.553722088895
00e12e8b_3466,11616.551024703289
00e12e8b_3467,11616.52069742507
00e12e8b_3468,11616.541684474296
00e12e8b_3469,11616.515600460296
00e12e8b_3470,11616.53404194142
00e12e8b_3471,11616.513107157505
00e12e8b_3472,11616.616048070104
00e12e8b_3473,11616.60698410701
00e12e8b_3474,11616.583887470098
00e12e8b_3475,11616.589139698186
00e12e8b_3476,11616.561278803958
00e12e8b_3477,11616.582785421193
00e12e8b_3478,11616.567908475117
00e12e8b_3479,11616.539193669647
00e12e8b_3480,11616.571460531248
00e12e8b_3481,11616.563861454491
00e12e8b_3482,11616.529458531975
00e12e8b_3483,11616.550091591778
00e12e8b_3484,11616.54172888268
00e12e8b_3485,11616.534956001138
00e12e8b_3486,11616.494032581666
00e12e8b_3487,11616.518098371369
00e12e8b_3488,11616.516210352254
00e12e8b_3489,11616.499386735562
00e12e8b_3490,11616.481453984416
00e12e8b_3491,11616.50136637786
00e12e8b_3492,11616.490697558205
00e12e8b_3493,11616.480843061292
00e12e8b_3494,11616.4970433154
00e12e8b_3495,11616.481889889677
00e12e8b_3496,11616.496541943248
00e12e8b_3497,11616.480578774712
00e12e8b_3498,11616.47939491836
00e12e8b_3499,11616.478210600893
00e12e8b_3500,11616.46770802923
00e12e8b_3501,11616.463822254766
00e12e8b_3502,11616.450181258606
00e12e8b_3503,11616.43595264271
00e12e8b_3504,11616.41181053708
00e12e8b_3505,11616.43858046288
00e12e8b_3506,11616.424183244908
00e12e8b_3507,11616.38534580962
00e12e8b_3508,11616.420640734357
00e12e8b_3509,11616.36756668983
00e12e8b_3510,11616.401322262147
00e12e8b_3511,11616.316811624849
00e12e8b_3512,11616.337144832127
00e12e8b_3513,11616.339059421964
00e12e8b_3514,11616.2843387016
00e12e8b_3515,11616.299459602398
00e12e8b_3516,11616.275624796925
00e12e8b_3517,11616.266896001114
00e12e8b_3518,11616.303525277192
00e12e8b_3519,11616.311372105749
00e12e8b_3520,11616.25869149073
00e12e8b_3521,11616.280652812879
00e12e8b_3522,11616.294648937892
00e12e8b_3523,11616.27842176211
00e12e8b_3524,11616.267878590943
00e12e8b_3525,11616.246882967724
00e12e8b_3526,11616.232873033496
00e12e8b_3527,11616.249570232714
00e12e8b_3528,11616.242649553593
00e12e8b_3529,11616.24113388106
00e12e8b_3530,11616.221825217903
00e12e8b_3531,11616.208828563116
00e12e8b_3532,11616.198935950555
00e12e8b_3533,11616.19096167673
00e12e8b_3534,11616.183108575591
00e12e8b_3535,11616.169883089495
00e12e8b_3536,11616.159075552663
00e12e8b_3537,11616.103563359986
00e12e8b_3538,11616.11958531126
00e12e8b_3539,11616.109467478695
00e12e8b_3540,11616.059101397152
00e12e8b_3541,11616.084791472345
00e12e8b_3542,11616.066459655314
00e12e8b_3543,11616.053435860615
00e12e8b_3544,11616.003537059358
00e12e8b_3545,11615.99128952016
00e12e8b_3546,11616.02738949396
00e12e8b_3547,11616.01054820958
00e12e8b_3548,11615.993967512806
00e12e8b_3549,11615.988854562582
00e12e8b_3550,11615.987360786978
00e12e8b_3551,11615.989526863503
00e12e8b_3552,11615.96106262393
00e12e8b_3553,11615.969119330284
00e12e8b_3554,11615.959051083824
00e12e8b_3555,11615.948472759892
00e12e8b_3556,11615.924610102491
00e12e8b_3557,11615.916270283069
00e12e8b_3558,11615.917119899234
00e12e8b_3559,11615.906387724557
00e12e8b_3560,11615.895120386871
00e12e8b_3561,11615.893447962
00e12e8b_3562,11615.883434366791
00e12e8b_3563,11615.866333434442
00e12e8b_3564,11615.866260636216
00e12e8b_3565,11615.859929689575
00e12e8b_3566,11615.844736269806
00e12e8b_3567,11615.839634155689
00e12e8b_3568,11615.831521274333
00e12e8b_3569,11615.828529789673
00e12e8b_3570,11615.807395556176
00e12e8b_3571,11615.804825483863
00e12e8b_3572,11615.792855057567
00e12e8b_3573,11615.78346525408
00e12e8b_3574,11615.817593282209
00e12e8b_3575,11615.807876922954
00e12e8b_3576,11615.792849709385
00e12e8b_3577,11615.780154038783
00e12e8b_3578,11615.765620634302
00e12e8b_3579,11615.759445518606
00e12e8b_3580,11615.748559479696
00e12e8b_3581,11615.742951842372
00e12e8b_3582,11615.72925619089
00e12e8b_3583,11615.715060342236
00e12e8b_3584,11615.698305522987
00e12e8b_3585,11615.686726239548
00e12e8b_3586,11615.672817871402
00e12e8b_3587,11615.65148495132
00e12e8b_3588,11615.635509064985
00e12e8b_3589,11615.617360306958
00e12e8b_3590,11615.60683636976
00e12e8b_3591,11615.58895917308
00e12e8b_3592,11615.574889459856
00e12e8b_3593,11615.563909951063
00e12e8b_3594,11615.541982973184
00e12e8b_3595,11615.529456900265
00e12e8b_3596,11615.476345458057
00e12e8b_3597,11615.446523803319
00e12e8b_3598,11615.377115277319
00e12e8b_3599,11615.314497431957
00e12e8b_3600,11615.30404837225
00e12e8b_3601,11615.28216123883
00e12e8b_3602,11615.235282335183
00e12e8b_3603,11615.194595744153
00e12e8b_3604,11615.142681786338
00e12e8b_3605,11615.064084539885
00e12e8b_3606,11614.938567172565
00e12e8b_3607,11614.824993932643
00e12e8b_3608,11614.687314192182
00e12e8b_3609,11614.587216795504
00e12e8b_3610,11614.491493810816
00e12e8b_3611,11614.397220933512
00e12e8b_3612,11614.23886171568
00e12e8b_3613,11614.186753498836
00e12e8b_3614,11614.071367365255
00e12e8b_3615,11614.011455462749
00e12e8b_3616,11613.950323994399
00e12e8b_3617,11613.950540493137
00e12e8b_3618,11613.896805200771
00e12e8b_3619,11613.878606433218
00e12e8b_3620,11613.872848966297
00e12e8b_3621,11613.883416362456
00e12e8b_3622,11613.934931093387
00e12e8b_3623,11613.917242309655
00e12e8b_3624,11613.963348616311
00e12e8b_3625,11614.043716246204
00e12e8b_3626,11614.195569079631
00e12e8b_3627,11614.424381596464
00e12e8b_3628,11614.732889579289
00e12e8b_3629,11615.157879379482
00e12e8b_3630,11615.68944567506
00e12e8b_3631,11616.355099669183
00e12e8b_3632,11616.961538937845
00e12e8b_3633,11617.579912787594
00e12e8b_3634,11617.97216646024
00e12e8b_3635,11618.260216600123
00e12e8b_3636,11618.471616525085
00e12e8b_3637,11618.611769237561
00e12e8b_3638,11618.684958129583
00e12e8b_3639,11618.726699397215
00e12e8b_3640,11618.799413497267
00e12e8b_3641,11618.822592961795
00e12e8b_3642,11618.854234182474
00e12e8b_3643,11618.889832677442
00e12e8b_3644,11618.89662657878
00e12e8b_3645,11618.920515487383
00e12e8b_3646,11618.913293775864
00e12e8b_3647,11618.925120113183
00e12e8b_3648,11618.943408211744
00e12e8b_3649,11618.953336731038
00e12e8b_3650,11618.975675336727
00e12e8b_3651,11618.968456564931
00e12e8b_3652,11618.970654817693
00e12e8b_3653,11618.979181476729
00e12e8b_3654,11618.991253900807
00e12e8b_3655,11619.002268324099
00e12e8b_3656,11619.01301407556
00e12e8b_3657,11618.994888948313
00e12e8b_3658,11619.028062644617
00e12e8b_3659,11619.041916120765
00e12e8b_3660,11619.053957609965
00e12e8b_3661,11619.062170031295
00e12e8b_3662,11619.06796412167
00e12e8b_3663,11619.06994662352
00e12e8b_3664,11619.080955170219
00e12e8b_3665,11619.088564775431
00e12e8b_3666,11619.11221946306
00e12e8b_3667,11619.136244244364
00e12e8b_3668,11619.143798038294
00e12e8b_3669,11619.120248849289
00e12e8b_3670,11619.157838765372
00e12e8b_3671,11619.159500815196
00e12e8b_3672,11619.16195906102
00e12e8b_3673,11619.178691974797
00e12e8b_3674,11619.184517621883
00e12e8b_3675,11619.18873042877
00e12e8b_3676,11619.182055586252
00e12e8b_3677,11619.174745898632
00e12e8b_3678,11619.209128631006
00e12e8b_3679,11619.188654121761
00e12e8b_3680,11619.166995177038
00e12e8b_3681,11619.119196311258
00e12e8b_3682,11619.096454592462
00e12e8b_3683,11619.051471674757
00e12e8b_3684,11618.945368828785
00e12e8b_3685,11618.829619842867
00e12e8b_3686,11618.641024352823
00e12e8b_3687,11618.40310465551
00e12e8b_3688,11618.136096369211
00e12e8b_3689,11617.774077558555
00e12e8b_3690,11617.502969930018
00e12e8b_3691,11617.275245042405
00e12e8b_3692,11617.154296571156
00e12e8b_3693,11616.988458337804
00e12e8b_3694,11616.902386446916
00e12e8b_3695,11616.948232314822
00e12e8b_3696,11616.93279667933
00e12e8b_3697,11616.936227601007
00e12e8b_3698,11616.96319636696
00e12e8b_3699,11617.014945901421
00e12e8b_3700,11616.953734944651
00e12e8b_3701,11616.873451530126
00e12e8b_3702,11616.80104686676
00e12e8b_3703,11616.714975377807
00e12e8b_3704,11616.703536343455
00e12e8b_3705,11616.652933792488
00e12e8b_3706,11616.647636314463
00e12e8b_3707,11616.614774222362
00e12e8b_3708,11616.610587182457
00e12e8b_3709,11616.5845613567
00e12e8b_3710,11616.602623440618
00e12e8b_3711,11616.607010795738
00e12e8b_3712,11616.643613685945
00e12e8b_3713,11616.653557825124
00e12e8b_3714,11616.67290472326
00e12e8b_3715,11616.697526789425
00e12e8b_3716,11616.656517881727
00e12e8b_3717,11616.577417410686
00e12e8b_3718,11616.426487168763
00e12e8b_3719,11616.171323776125
00e12e8b_3720,11615.889484960844
00e12e8b_3721,11615.583007539648
00e12e8b_3722,11615.226103868496
00e12e8b_3723,11614.876654209123
00e12e8b_3724,11614.55429762347
00e12e8b_3725,11614.343723425432
00e12e8b_3726,11614.090407380052
00e12e8b_3727,11613.98172114684
00e12e8b_3728,11613.878010118482
00e12e8b_3729,11613.757300713998
00e12e8b_3730,11613.64413689573
00e12e8b_3731,11613.552193005919
00e12e8b_3732,11613.475150253244
00e12e8b_3733,11613.463229769875
00e12e8b_3734,11613.395769620292
00e12e8b_3735,11613.351304725624
00e12e8b_3736,11613.305966712554
00e12e8b_3737,11613.243962466511
00e12e8b_3738,11613.219937165873
00e12e8b_3739,11613.17412195427
00e12e8b_3740,11613.139463525999
00e12e8b_3741,11613.101016755378
00e12e8b_3742,11613.016670933699
00e12e8b_3743,11613.036675399828
00e12e8b_3744,11613.014035417324
00e12e8b_3745,11612.990902497
00e12e8b_3746,11612.989956330366
00e12e8b_3747,11612.947185754725
00e12e8b_3748,11612.902998052143
00e12e8b_3749,11612.842782243592
00e12e8b_3750,11612.786333661847
00e12e8b_3751,11612.743921412128
00e12e8b_3752,11612.678188932749
00e12e8b_3753,11612.628437621535
00e12e8b_3754,11612.577433760498
00e12e8b_3755,11612.506392774547
00e12e8b_3756,11612.458566223904
00e12e8b_3757,11612.392576432694
00e12e8b_3758,11612.324247027735
00e12e8b_3759,11612.259806398954
00e12e8b_3760,11612.21186724901
00e12e8b_3761,11612.156396131493
00e12e8b_3762,11612.095074635294
00e12e8b_3763,11612.042273503317
00e12e8b_3764,11611.994107948334
00e12e8b_3765,11611.933073310487
00e12e8b_3766,11611.89224543532
00e12e8b_3767,11611.843993487211
00e12e8b_3768,11611.800203608369
00e12e8b_3769,11611.737730685085
00e12e8b_3770,11611.698441068535
00e12e8b_3771,11611.638928558976
00e12e8b_3772,11611.620319508696
00e12e8b_3773,11611.592988816523
00e12e8b_3774,11611.55420601473
00e12e8b_3775,11611.529507874548
00e12e8b_3776,11611.468965437281
00e12e8b_3777,11611.454958366103
00e12e8b_3778,11611.440845754636
00e12e8b_3779,11611.369564526143
00e12e8b_3780,11611.352355704288
00e12e8b_3781,11611.33645605801
00e12e8b_3782,11611.383483447773
00e12e8b_3783,11611.371840780886
00e12e8b_3784,11611.36245258972
00e12e8b_3785,11611.389904760512
00e12e8b_3786,11611.39885718345
00e12e8b_3787,11611.407995092146
00e12e8b_3788,11611.424527097966
00e12e8b_3789,11611.447362997222
00e12e8b_3790,11611.492679802417
00e12e8b_3791,11611.53025667368
00e12e8b_3792,11611.577208506229
00e12e8b_3793,11611.64683688
00e12e8b_3794,11611.722127582436
00e12e8b_3795,11611.830358460371
00e12e8b_3796,11611.942922652259
00e12e8b_3797,11612.099486526007
00e12e8b_3798,11612.276606729076
00e12e8b_3799,11612.458439492384
00e12e8b_3800,11612.654302569235
00e12e8b_3801,11612.902197138432
00e12e8b_3802,11613.183389625843
00e12e8b_3803,11613.423375672006
00e12e8b_3804,11613.62007830544
00e12e8b_3805,11613.861835812624
00e12e8b_3806,11614.105325330194
00e12e8b_3807,11614.380255433949
00e12e8b_3808,11614.660627069416
00e12e8b_3809,11614.89430446154
00e12e8b_3810,11615.066944782344
00e12e8b_3811,11615.288464961695
00e12e8b_3812,11615.580078691102
00e12e8b_3813,11615.79811256263
00e12e8b_3814,11616.04882223323
00e12e8b_3815,11616.258234084227
00e12e8b_3816,11616.332181612534
00e12e8b_3817,11616.53039012039
00e12e8b_3818,11616.75838059182
00e12e8b_3819,11616.881373700515
00e12e8b_3820,11617.0580504461
00e12e8b_3821,11617.275308814806
00e12e8b_3822,11617.365211111712
00e12e8b_3823,11617.512111908163
00e12e8b_3824,11617.758191558116
00e12e8b_3825,11617.95396872766
00e12e8b_3826,11618.066247467785
00e12e8b_3827,11618.188688180619
00e12e8b_3828,11618.2691703536
00e12e8b_3829,11618.308878709893
00e12e8b_3830,11618.498998837627
00e12e8b_3831,11618.655290590881
00e12e8b_3832,11618.832418310416
00e12e8b_3833,11618.976457383427
00e12e8b_3834,11619.128825386537
00e12e8b_3835,11619.244684013292
00e12e8b_3836,11619.364125493674
00e12e8b_3837,11619.519123278578
00e12e8b_3838,11619.660136253822
00e12e8b_3839,11619.792812848775
00e12e8b_3840,11619.933437074056
00e12e8b_3841,11620.078731900336
00e12e8b_3842,11620.151527029433
00e12e8b_3843,11620.220750078237
00e12e8b_3844,11620.359635713225
00e12e8b_3845,11620.47160515445
00e12e8b_3846,11620.541810932325
00e12e8b_3847,11620.649947640475
00e12e8b_3848,11620.735817049183
00e12e8b_3849,11620.841026332224
00e12e8b_3850,11620.917240910534
00e12e8b_3851,11620.978008219461
00e12e8b_3852,11621.069302852848
00e12e8b_3853,11621.147385001626
00e12e8b_3854,11621.220733585693
00e12e8b_3855,11621.267724086649
00e12e8b_3856,11621.324352949756
00e12e8b_3857,11621.368977781021
00e12e8b_3858,11621.408130664491
00e12e8b_3859,11621.439399059052
00e12e8b_3860,11621.473301322347
00e12e8b_3861,11621.509454404808
00e12e8b_3862,11621.532168915748
00e12e8b_3863,11621.559431771573
00e12e8b_3864,11621.596215868936
00e12e8b_3865,11621.611036974698
00e12e8b_3866,11621.640216039023
00e12e8b_3867,11621.661057564761
00e12e8b_3868,11621.691976077864
00e12e8b_3869,11621.7072136404
00e12e8b_3870,11621.733434645794
00e12e8b_3871,11621.747376655145
00e12e8b_3872,11621.7836458089
00e12e8b_3873,11621.809008704595
00e12e8b_3874,11621.819676676978
00e12e8b_3875,11621.832896246353
00e12e8b_3876,11621.853092973592
00e12e8b_3877,11621.872071851398
00e12e8b_3878,11621.882632445351
00e12e8b_3879,11621.900296345502
00e12e8b_3880,11621.909232570373
00e12e8b_3881,11621.928836823152
00e12e8b_3882,11621.937129563026
00e12e8b_3883,11621.896443556892
00e12e8b_3884,11621.988867841728
00e12e8b_3885,11621.996777908615
00e12e8b_3886,11622.011189686014
00e12e8b_3887,11622.021134187285
00e12e8b_3888,11622.024745928724
00e12e8b_3889,11622.037470171275
00e12e8b_3890,11622.048681699092
00e12e8b_3891,11622.056103208333
00e12e8b_3892,11622.0465522338
00e12e8b_3893,11622.046120116065
00e12e8b_3894,11622.046340484154
00e12e8b_3895,11622.041433667904
00e12e8b_3896,11622.046276150772
00e12e8b_3897,11622.042000454976
00e12e8b_3898,11622.049147227213
00e12e8b_3899,11622.060173712303
00e12e8b_3900,11622.067568749093
00e12e8b_3901,11622.066716908937
00e12e8b_3902,11622.074909426605
00e12e8b_3903,11622.084726151945
00e12e8b_3904,11622.083009290902
00e12e8b_3905,11622.089922694708
00e12e8b_3906,11622.078037206866
00e12e8b_3907,11622.086055491722
00e12e8b_3908,11622.094466625229
00e12e8b_3909,11622.087501137741
00e12e8b_3910,11622.095591064844
00e12e8b_3911,11622.09925523271
00e12e8b_3912,11622.095193966155
00e12e8b_3913,11622.094164882794
00e12e8b_3914,11622.093825483706
00e12e8b_3915,11622.089898572845
00e12e8b_3916,11622.094215250869
00e12e8b_3917,11622.100591162618
00e12e8b_3918,11622.10336492942
00e12e8b_3919,11622.091423270404
00e12e8b_3920,11622.097411392455
00e12e8b_3921,11622.104052349365
00e12e8b_3922,11622.101033133325
00e12e8b_3923,11622.10342817595
00e12e8b_3924,11622.092505273835
00e12e8b_3925,11622.100680503147
00e12e8b_3926,11622.088713776533
00e12e8b_3927,11622.08687016494
00e12e8b_3928,11622.020040378775
00e12e8b_3929,11622.02760736605
00e12e8b_3930,11622.00543548754
00e12e8b_3931,11622.042035904258
00e12e8b_3932,11622.097671312087
00e12e8b_3933,11622.017191737134
00e12e8b_3934,11622.093640629695
00e12e8b_3935,11622.100537656868
00e12e8b_3936,11622.103861229238
00e12e8b_3937,11622.107671651574
00e12e8b_3938,11621.990049669672
00e12e8b_3939,11622.038173995023
00e12e8b_3940,11622.024526112567
00e12e8b_3941,11621.950474552787
00e12e8b_3942,11621.99520254141
00e12e8b_3943,11622.004574332592
00e12e8b_3944,11621.977925711957
00e12e8b_3945,11621.909244452367
00e12e8b_3946,11621.97117076014
00e12e8b_3947,11621.97376432174
00e12e8b_3948,11621.980259071059
00e12e8b_3949,11622.078087985281
00e12e8b_3950,11622.078708763725
00e12e8b_3951,11622.083262284461
00e12e8b_3952,11622.092899803607
00e12e8b_3953,11622.082407230393
00e12e8b_3954,11622.07986113527
00e12e8b_3955,11622.088678604843
00e12e8b_3956,11622.07938460179
00e12e8b_3957,11622.080511769967
00e12e8b_3958,11622.095566262495
00e12e8b_3959,11622.081984327997
00e12e8b_3960,11622.085577631959
00e12e8b_3961,11622.09248479732
00e12e8b_3962,11622.094248185995
00e12e8b_3963,11622.079058055271
00e12e8b_3964,11622.07046785717
00e12e8b_3965,11622.087167032281
00e12e8b_3966,11622.11701997843
00e12e8b_3967,11622.119900547495
00e12e8b_3968,11622.166456144912
00e12e8b_3969,11622.12939723886
00e12e8b_3970,11622.149958566179
00e12e8b_3971,11622.12330203717
00e12e8b_3972,11622.103448492715
00e12e8b_3973,11622.0864653587
00e12e8b_3974,11622.078145743351
00e12e8b_3975,11622.039242399704
00e12e8b_3976,11622.035995703343
00e12e8b_3977,11622.028863308935
00e12e8b_3978,11622.019860665227
00e12e8b_3979,11621.999511581624
00e12e8b_3980,11621.987872574387
00e12e8b_3981,11621.976873434201
00e12e8b_3982,11621.96387118461
00e12e8b_3983,11621.950173227964
00e12e8b_3984,11621.939863261183
00e12e8b_3985,11621.937235224375
00e12e8b_3986,11621.963746264853
00e12e8b_3987,11621.955035458883
00e12e8b_3988,11621.947148786807
00e12e8b_3989,11621.938848981332
00e12e8b_3990,11621.926959050472
00e12e8b_3991,11621.910577725495
00e12e8b_3992,11621.894261916936
00e12e8b_3993,11621.889224537768
00e12e8b_3994,11621.86800442001
00e12e8b_3995,11621.867333707993
00e12e8b_3996,11621.85739323748
00e12e8b_3997,11621.850159337324
00e12e8b_3998,11621.84658402558
00e12e8b_3999,11621.839637865753
00e12e8b_4000,11621.831252576372
00e12e8b_4001,11621.81143286238
00e12e8b_4002,11621.799515625882
00e12e8b_4003,11621.78573497218
00e12e8b_4004,11621.783327025816
00e12e8b_4005,11621.768255262054
00e12e8b_4006,11621.701715450243
00e12e8b_4007,11621.682510036264
00e12e8b_4008,11621.663790110148
00e12e8b_4009,11621.591076903698
00e12e8b_4010,11621.529843115002
00e12e8b_4011,11621.476223012462
00e12e8b_4012,11621.42460032782
00e12e8b_4013,11621.355430026306
00e12e8b_4014,11621.279130069597
00e12e8b_4015,11621.183504258457
00e12e8b_4016,11621.083016909912
00e12e8b_4017,11620.978980557255
00e12e8b_4018,11620.879553076706
00e12e8b_4019,11620.82559692777
00e12e8b_4020,11620.77906977613
00e12e8b_4021,11620.79335569396
00e12e8b_4022,11620.742601208265
00e12e8b_4023,11620.713658574768
00e12e8b_4024,11620.710027383224
00e12e8b_4025,11620.791829519518
00e12e8b_4026,11620.927851972352
00e12e8b_4027,11621.01928536663
00e12e8b_4028,11621.16711975741
00e12e8b_4029,11621.287838181932
00e12e8b_4030,11621.404522138744
00e12e8b_4031,11621.483326654663
00e12e8b_4032,11621.568602378406
00e12e8b_4033,11621.633983647278
00e12e8b_4034,11621.706778333122
00e12e8b_4035,11621.750825026693
00e12e8b_4036,11621.807593526319
00e12e8b_4037,11621.858088122204
00e12e8b_4038,11621.880478668108
00e12e8b_4039,11621.912958928859
00e12e8b_4040,11621.956103040677
00e12e8b_4041,11621.968043887624
00e12e8b_4042,11622.006710947759
00e12e8b_4043,11622.007770228494
00e12e8b_4044,11622.033420755157
00e12e8b_4045,11622.082645475091
00e12e8b_4046,11622.077857798213
00e12e8b_4047,11622.08723416528
00e12e8b_4048,11622.101105933096
00e12e8b_4049,11622.072078050134
00e12e8b_4050,11622.078294528677
00e12e8b_4051,11622.061669106672
00e12e8b_4052,11622.08230659175
00e12e8b_4053,11622.054391275018
00e12e8b_4054,11622.077506326701
00e12e8b_4055,11622.079085580459
00e12e8b_4056,11622.098029589328
00e12e8b_4057,11622.187573749703
00e12e8b_4058,11622.165801829155
00e12e8b_4059,11622.14650770513
00e12e8b_4060,11622.138312460922
00e12e8b_4061,11622.117857871612
00e12e8b_4062,11622.093579863524
00e12e8b_4063,11622.088876158585
00e12e8b_4064,11622.035849454147
00e12e8b_4065,11622.035320959356
00e12e8b_4066,11622.037925275126
00e12e8b_4067,11622.032253068386
00e12e8b_4068,11622.013470215588
00e12e8b_4069,11621.991729822099
00e12e8b_4070,11621.965051598974
00e12e8b_4071,11621.937456106501
00e12e8b_4072,11621.91386130554
00e12e8b_4073,11621.886810561746
00e12e8b_4074,11621.851265182218
00e12e8b_4075,11621.837931170343
00e12e8b_4076,11621.81104358165
00e12e8b_4077,11621.785258418095
00e12e8b_4078,11621.750172836237
00e12e8b_4079,11621.736040327725
00e12e8b_4080,11621.710250343029
00e12e8b_4081,11621.611513291607
00e12e8b_4082,11621.633242878292
00e12e8b_4083,11621.62323329438
00e12e8b_4084,11621.582331984888
00e12e8b_4085,11621.584647211872
00e12e8b_4086,11621.566207567776
00e12e8b_4087,11621.542484673204
00e12e8b_4088,11621.528950216009
00e12e8b_4089,11621.592579003456
00e12e8b_4090,11621.58323502739
00e12e8b_4091,11621.564241038319
00e12e8b_4092,11621.54979416824
00e12e8b_4093,11621.521413221148
00e12e8b_4094,11621.503566543432
00e12e8b_4095,11621.485134119548
00e12e8b_4096,11621.462674472892
00e12e8b_4097,11621.446890480956
00e12e8b_4098,11621.430847885487
00e12e8b_4099,11621.411129131307
00e12e8b_4100,11621.378778396991
00e12e8b_4101,11621.363164898545
00e12e8b_4102,11621.335536829156
00e12e8b_4103,11621.322925032808
00e12e8b_4104,11621.317392902156
00e12e8b_4105,11621.302992679095
00e12e8b_4106,11621.290947663765
00e12e8b_4107,11621.290041171631
00e12e8b_4108,11621.288198924125
00e12e8b_4109,11621.271871192093
00e12e8b_4110,11621.272256607914
00e12e8b_4111,11621.264029571084
00e12e8b_4112,11621.250314172736
00e12e8b_4113,11621.243510442164
00e12e8b_4114,11621.258743384
00e12e8b_4115,11621.2443568938
00e12e8b_4116,11621.22903273555
00e12e8b_4117,11621.231282457511
00e12e8b_4118,11621.212420821237
00e12e8b_4119,11621.181809203
00e12e8b_4120,11621.180488740789
00e12e8b_4121,11621.16754074585
00e12e8b_4122,11621.14397792702
00e12e8b_4123,11621.134379944928
00e12e8b_4124,11621.126155416548
00e12e8b_4125,11621.123256486266
00e12e8b_4126,11621.12796046035
00e12e8b_4127,11621.126673414932
00e12e8b_4128,11621.127920059767
00e12e8b_4129,11621.12522088673
00e12e8b_4130,11621.125081714514
00e12e8b_4131,11621.129247152865
00e12e8b_4132,11621.1302848014
00e12e8b_4133,11621.122565386082
00e12e8b_4134,11621.116559153525
00e12e8b_4135,11621.12232062368
00e12e8b_4136,11621.104863431297
00e12e8b_4137,11621.1349449063
00e12e8b_4138,11621.09097829031
00e12e8b_4139,11621.117398856328
00e12e8b_4140,11621.123878905066
00e12e8b_4141,11621.155761984697
00e12e8b_4142,11621.154805958315
00e12e8b_4143,11621.123063782035
00e12e8b_4144,11621.112426261378
00e12e8b_4145,11621.129424152821
00e12e8b_4146,11621.157720855681
00e12e8b_4147,11621.035895747065
00e12e8b_4148,11621.137577907119
00e12e8b_4149,11621.144212502288
00e12e8b_4150,11621.136389899415
00e12e8b_4151,11621.177409984548
00e12e8b_4152,11621.167232527536
00e12e8b_4153,11621.160673007686
00e12e8b_4154,11621.12405026805
00e12e8b_4155,11621.171775485145
00e12e8b_4156,11621.18990298665
00e12e8b_4157,11621.195841767742
00e12e8b_4158,11621.242410743267
00e12e8b_4159,11621.21964504171
00e12e8b_4160,11621.340127983258
00e12e8b_4161,11621.353050073312
00e12e8b_4162,11621.382092959766
00e12e8b_4163,11621.388000905285
00e12e8b_4164,11621.401366931057
00e12e8b_4165,11621.425039423848
00e12e8b_4166,11621.428770657656
00e12e8b_4167,11621.434318244146
00e12e8b_4168,11621.480528708465
00e12e8b_4169,11621.50399981105
00e12e8b_4170,11621.524219563358
00e12e8b_4171,11621.549611161987
00e12e8b_4172,11621.583806167844
00e12e8b_4173,11621.604035452798
00e12e8b_4174,11621.629008449883
00e12e8b_4175,11621.656635347364
00e12e8b_4176,11621.669525944824
00e12e8b_4177,11621.678279247391
00e12e8b_4178,11621.696929315032
00e12e8b_4179,11621.722032848167
00e12e8b_4180,11621.73883020932
00e12e8b_4181,11621.754894216481
00e12e8b_4182,11621.800841077364
00e12e8b_4183,11621.823040131763
00e12e8b_4184,11621.85113741974
00e12e8b_4185,11621.857613186425
00e12e8b_4186,11621.878827151615
00e12e8b_4187,11621.87659497791
00e12e8b_4188,11621.896102974108
00e12e8b_4189,11621.908352780198
00e12e8b_4190,11621.910421425488
00e12e8b_4191,11621.904557243874
00e12e8b_4192,11621.878563719503
00e12e8b_4193,11621.850393080498
00e12e8b_4194,11621.822066530232
00e12e8b_4195,11621.893417420033
00e12e8b_4196,11621.876859128324
00e12e8b_4197,11621.836843593588
00e12e8b_4198,11621.771045901203
00e12e8b_4199,11621.721683040783
00e12e8b_4200,11621.67016524449
00e12e8b_4201,11621.634277180607
00e12e8b_4202,11621.58873829079
00e12e8b_4203,11621.524237148531
00e12e8b_4204,11621.484873162844
00e12e8b_4205,11621.40977789726
00e12e8b_4206,11621.276144075378
00e12e8b_4207,11621.31932014804
00e12e8b_4208,11621.23864952862
00e12e8b_4209,11621.208914716623
00e12e8b_4210,11621.140691747227
00e12e8b_4211,11621.105725781568
00e12e8b_4212,11621.061014892446
00e12e8b_4213,11620.983944914798
00e12e8b_4214,11620.92309314334
00e12e8b_4215,11620.978652519854
00e12e8b_4216,11620.940968017792
00e12e8b_4217,11620.924415041634
00e12e8b_4218,11620.91668186637
00e12e8b_4219,11620.886998019716
00e12e8b_4220,11620.87410202443
00e12e8b_4221,11620.961406473367
00e12e8b_4222,11620.972183731385
00e12e8b_4223,11620.94367033337
00e12e8b_4224,11620.919640274644
00e12e8b_4225,11620.915533483752
00e12e8b_4226,11620.882097822221
00e12e8b_4227,11620.869184782021
00e12e8b_4228,11620.87157307114
00e12e8b_4229,11620.83646066243
00e12e8b_4230,11620.817612385366
00e12e8b_4231,11620.800530806766
00e12e8b_4232,11620.802710693444
00e12e8b_4233,11620.776636403069
00e12e8b_4234,11620.781504664334
00e12e8b_4235,11620.744831559383
00e12e8b_4236,11620.726906040423
00e12e8b_4237,11620.690267444648
00e12e8b_4238,11620.689755719546
00e12e8b_4239,11620.652226148133
00e12e8b_4240,11620.62719974607
00e12e8b_4241,11620.578773071244
00e12e8b_4242,11620.583422728527
00e12e8b_4243,11620.54629278303
00e12e8b_4244,11620.53373168892
00e12e8b_4245,11620.501292423949
00e12e8b_4246,11620.495330184945
00e12e8b_4247,11620.465874442425
00e12e8b_4248,11620.467517971121
00e12e8b_4249,11620.488306892608
00e12e8b_4250,11620.46244531823
00e12e8b_4251,11620.486596817671
00e12e8b_4252,11620.4703796302
00e12e8b_4253,11620.502094072555
00e12e8b_4254,11620.494481515827
00e12e8b_4255,11620.525228077446
00e12e8b_4256,11620.53772099581
00e12e8b_4257,11620.572786988232
00e12e8b_4258,11620.58180715789
00e12e8b_4259,11620.62834490947
00e12e8b_4260,11620.639768267647
00e12e8b_4261,11620.630536209152
00e12e8b_4262,11620.589987736346
00e12e8b_4263,11620.724986176456
00e12e8b_4264,11620.699559443008
00e12e8b_4265,11620.806767870063
00e12e8b_4266,11620.779863974814
00e12e8b_4267,11620.874062515035
00e12e8b_4268,11620.805020232325
00e12e8b_4269,11620.915715158024
00e12e8b_4270,11620.943448687753
00e12e8b_4271,11620.980666221401
00e12e8b_4272,11621.000256395606
00e12e8b_4273,11621.01387743373
00e12e8b_4274,11621.05456386245
00e12e8b_4275,11621.062388517688
00e12e8b_4276,11621.102310847713
00e12e8b_4277,11621.099247932034
00e12e8b_4278,11621.145029167836
00e12e8b_4279,11621.158323746482
00e12e8b_4280,11621.196994686874
00e12e8b_4281,11621.204235400237
00e12e8b_4282,11621.243048595248
00e12e8b_4283,11621.254961388026
00e12e8b_4284,11621.289087900575
00e12e8b_4285,11621.295769120094
00e12e8b_4286,11621.337186760144
00e12e8b_4287,11621.357485660244
00e12e8b_4288,11621.364692119972
00e12e8b_4289,11621.403925137522
00e12e8b_4290,11621.411031687965
00e12e8b_4291,11621.448267041606
00e12e8b_4292,11621.462669210523
00e12e8b_4293,11621.496312337189
00e12e8b_4294,11621.507259357288
00e12e8b_4295,11621.538928049064
00e12e8b_4296,11621.554046186957
00e12e8b_4297,11621.556847223414
00e12e8b_4298,11621.592198602693
00e12e8b_4299,11621.56442629792
00e12e8b_4300,11621.625842638852
00e12e8b_4301,11621.620891651177
00e12e8b_4302,11621.690740527074
00e12e8b_4303,11621.710725131663
00e12e8b_4304,11621.70045596923
00e12e8b_4305,11621.745237401215
00e12e8b_4306,11621.726519147567
00e12e8b_4307,11621.775800312009
00e12e8b_4308,11621.775925136659
00e12e8b_4309,11621.812937563964
00e12e8b_4310,11621.832923121447
00e12e8b_4311,11621.840750142284
00e12e8b_4312,11621.872341003236
00e12e8b_4313,11621.888176387052
00e12e8b_4314,11621.91700484494
00e12e8b_4315,11621.928511510176
00e12e8b_4316,11621.958957038729
00e12e8b_4317,11621.972218990766
00e12e8b_4318,11621.99070228048
00e12e8b_4319,11622.021199152616
00e12e8b_4320,11622.009257729203
00e12e8b_4321,11622.02838122676
00e12e8b_4322,11622.041288928374
00e12e8b_4323,11622.019721758928
00e12e8b_4324,11622.041653146962
00e12e8b_4325,11622.04577864135
00e12e8b_4326,11622.036677287519
00e12e8b_4327,11622.06185464802
00e12e8b_4328,11622.059368412714
00e12e8b_4329,11622.084828756531
00e12e8b_4330,11622.09856318796
00e12e8b_4331,11622.084714754566
00e12e8b_4332,11622.111129962743
00e12e8b_4333,11622.123252947149
00e12e8b_4334,11622.148577782522
00e12e8b_4335,11622.173948072357
00e12e8b_4336,11622.19366759995
00e12e8b_4337,11622.24728273657
00e12e8b_4338,11622.268521788787
00e12e8b_4339,11622.329126981429
00e12e8b_4340,11622.3840129974
00e12e8b_4341,11622.452218386084
00e12e8b_4342,11622.551908090918
00e12e8b_4343,11622.619527548424
00e12e8b_4344,11622.726078426032
00e12e8b_4345,11622.793701569777
00e12e8b_4346,11622.877926540452
00e12e8b_4347,11623.007425190484
00e12e8b_4348,11623.09303567943
00e12e8b_4349,11623.214470923376
00e12e8b_4350,11623.343863466536
00e12e8b_4351,11623.44405898625
00e12e8b_4352,11623.551713873807
00e12e8b_4353,11623.604598092432
00e12e8b_4354,11623.674006080093
00e12e8b_4355,11623.711626525022
00e12e8b_4356,11623.722724098576
00e12e8b_4357,11623.758967565927
00e12e8b_4358,11623.762552433305
00e12e8b_4359,11623.79536739181
00e12e8b_4360,11623.824646645178
00e12e8b_4361,11623.827473786234
00e12e8b_4362,11623.84061558159
00e12e8b_4363,11623.84925064873
00e12e8b_4364,11623.869405631069
00e12e8b_4365,11623.871824670683
00e12e8b_4366,11623.90058236284
00e12e8b_4367,11623.911646682056
00e12e8b_4368,11623.928989330454
00e12e8b_4369,11623.946253050473
00e12e8b_4370,11623.94558845148
00e12e8b_4371,11623.970178009382
00e12e8b_4372,11623.981553347492
00e12e8b_4373,11623.993132267191
00e12e8b_4374,11623.98691089988
00e12e8b_4375,11623.957709591768
00e12e8b_4376,11623.954054382937
00e12e8b_4377,11623.92084854919
00e12e8b_4378,11623.90984487252
00e12e8b_4379,11623.850115090565
00e12e8b_4380,11623.817613269686
00e12e8b_4381,11623.771266199557
00e12e8b_4382,11623.715622608348
00e12e8b_4383,11623.693752153507
00e12e8b_4384,11623.615073658135
00e12e8b_4385,11623.56521780144
00e12e8b_4386,11623.488158728647
00e12e8b_4387,11623.448634457847
00e12e8b_4388,11623.383544992517
00e12e8b_4389,11623.339572196266
00e12e8b_4390,11623.284212397843
00e12e8b_4391,11623.228889437813
00e12e8b_4392,11623.183337575936
00e12e8b_4393,11623.115942720005
00e12e8b_4394,11623.083021419117
00e12e8b_4395,11623.032037929694
00e12e8b_4396,11623.004390305348
00e12e8b_4397,11622.970353822391
00e12e8b_4398,11622.948402651888
00e12e8b_4399,11622.887964689266
00e12e8b_4400,11622.889573480234
00e12e8b_4401,11622.851220336528
00e12e8b_4402,11622.859823342895
00e12e8b_4403,11622.835097676394
00e12e8b_4404,11622.808893421847
00e12e8b_4405,11622.82623512197
00e12e8b_4406,11622.826383527181
00e12e8b_4407,11622.839225025724
00e12e8b_4408,11622.914327211445
00e12e8b_4409,11622.93266974221
00e12e8b_4410,11622.922802309762
00e12e8b_4411,11622.962224314191
00e12e8b_4412,11622.962103699803
00e12e8b_4413,11623.044495366672
00e12e8b_4414,11623.084327745097
00e12e8b_4415,11623.148337926365
00e12e8b_4416,11623.146598994235
00e12e8b_4417,11623.194905722885
00e12e8b_4418,11623.233202142916
00e12e8b_4419,11623.286641000168
00e12e8b_4420,11623.275781789303
00e12e8b_4421,11623.29586800634
00e12e8b_4422,11623.284694720729
00e12e8b_4423,11623.305470979447
00e12e8b_4424,11623.31650176637
00e12e8b_4425,11623.316240637792
00e12e8b_4426,11623.330145322712
00e12e8b_4427,11623.306030830887
00e12e8b_4428,11623.324546601623
00e12e8b_4429,11623.307582049843
00e12e8b_4430,11623.323415012164
00e12e8b_4431,11623.31022599692
00e12e8b_4432,11623.324350347408
00e12e8b_4433,11623.305981847703
00e12e8b_4434,11623.32433468668
00e12e8b_4435,11623.32527135063
00e12e8b_4436,11623.293032758414
00e12e8b_4437,11623.324603560766
00e12e8b_4438,11623.313856168803
00e12e8b_4439,11623.4076896591
00e12e8b_4440,11623.411379459507
00e12e8b_4441,11623.432131843334
00e12e8b_4442,11623.44142093884
00e12e8b_4443,11623.432177014243
00e12e8b_4444,11623.438470921816
00e12e8b_4445,11623.426241903122
00e12e8b_4446,11623.436691677822
00e12e8b_4447,11623.426313998732
00e12e8b_4448,11623.391857742587
00e12e8b_4449,11623.393514457166
00e12e8b_4450,11623.385718647758
00e12e8b_4451,11623.373346246462
00e12e8b_4452,11623.360624950215
00e12e8b_4453,11623.344514585697
00e12e8b_4454,11623.314684801677
00e12e8b_4455,11623.309121201815
00e12e8b_4456,11623.286379748028
00e12e8b_4457,11623.256133025428
00e12e8b_4458,11623.244174344689
00e12e8b_4459,11623.232757303726
00e12e8b_4460,11623.204093844444
00e12e8b_4461,11623.188547639656
00e12e8b_4462,11623.167398449663
00e12e8b_4463,11623.14017466936
00e12e8b_4464,11623.136048811
00e12e8b_4465,11623.11317023836
00e12e8b_4466,11623.092611471171
00e12e8b_4467,11623.070760075523
00e12e8b_4468,11623.062324504788
00e12e8b_4469,11623.028681028463
00e12e8b_4470,11623.02723533048
00e12e8b_4471,11622.990313837137
00e12e8b_4472,11622.985025080816
00e12e8b_4473,11622.96483674836
00e12e8b_4474,11622.946967848184
00e12e8b_4475,11622.915236417677
00e12e8b_4476,11622.898625393998
00e12e8b_4477,11622.885298401834
00e12e8b_4478,11622.85881277126
00e12e8b_4479,11622.827498529708
00e12e8b_4480,11622.773010743087
00e12e8b_4481,11622.81331031264
00e12e8b_4482,11622.78935838809
00e12e8b_4483,11622.78446860321
00e12e8b_4484,11622.760250093204
00e12e8b_4485,11622.719393231999
00e12e8b_4486,11622.733705761608
00e12e8b_4487,11622.663911381944
00e12e8b_4488,11622.665391687222
00e12e8b_4489,11622.701288790691
00e12e8b_4490,11622.670150890297
00e12e8b_4491,11622.64879175555
00e12e8b_4492,11622.679349197002
00e12e8b_4493,11622.658436933601
00e12e8b_4494,11622.636087613513
00e12e8b_4495,11622.631721191243
00e12e8b_4496,11622.61354695327
00e12e8b_4497,11622.612729289907
00e12e8b_4498,11622.60049838901
00e12e8b_4499,11622.558509873625
00e12e8b_4500,11622.584268062035
00e12e8b_4501,11622.59844570746
00e12e8b_4502,11622.566937338936
00e12e8b_4503,11622.555368879122
00e12e8b_4504,11622.543212540952
00e12e8b_4505,11622.49621009565
00e12e8b_4506,11622.54780371561
00e12e8b_4507,11622.52893544883
00e12e8b_4508,11622.523513538472
00e12e8b_4509,11622.520099437263
00e12e8b_4510,11622.516643444713
00e12e8b_4511,11622.501511469127
00e12e8b_4512,11622.496153813241
00e12e8b_4513,11622.507012528255
00e12e8b_4514,11622.501803376746
00e12e8b_4515,11622.493593881387
00e12e8b_4516,11622.486155789273
00e12e8b_4517,11622.480594941488
00e12e8b_4518,11622.417415365297
00e12e8b_4519,11622.454851571221
00e12e8b_4520,11622.46194981806
00e12e8b_4521,11622.471163654085
00e12e8b_4522,11622.465997269876
00e12e8b_4523,11622.464462242056
00e12e8b_4524,11622.46080567973
00e12e8b_4525,11622.453439029241
00e12e8b_4526,11622.461902356768
00e12e8b_4527,11622.40087981729
00e12e8b_4528,11622.425070052886
00e12e8b_4529,11622.47392850711
00e12e8b_4530,11622.472875315847
00e12e8b_4531,11622.470919523475
00e12e8b_4532,11622.46594142968
00e12e8b_4533,11622.465940518121
00e12e8b_4534,11622.458539746276
00e12e8b_4535,11622.460325666172
00e12e8b_4536,11622.446390614141
00e12e8b_4537,11622.46746535927
00e12e8b_4538,11622.465607181159
00e12e8b_4539,11622.458558066804
00e12e8b_4540,11622.432842257986
00e12e8b_4541,11622.449065510911
00e12e8b_4542,11622.439442028128
00e12e8b_4543,11622.431123996525
00e12e8b_4544,11622.391379441058
00e12e8b_4545,11622.399828952985
00e12e8b_4546,11622.390965792896
00e12e8b_4547,11622.387343292043
00e12e8b_4548,11622.400030523811
00e12e8b_4549,11622.388373719983
00e12e8b_4550,11622.386589663834
00e12e8b_4551,11622.376197999125
00e12e8b_4552,11622.34428048407
00e12e8b_4553,11622.363780320735
00e12e8b_4554,11622.349364306065
00e12e8b_4555,11622.348842909894
00e12e8b_4556,11622.314189694143
00e12e8b_4557,11622.332185473682
00e12e8b_4558,11622.325874307064
00e12e8b_4559,11622.293575114281
00e12e8b_4560,11622.316287250245
00e12e8b_4561,11622.320863304267
00e12e8b_4562,11622.317908649966
00e12e8b_4563,11622.310892894331
00e12e8b_4564,11622.29858247917
00e12e8b_4565,11622.294098976718
00e12e8b_4566,11622.284619157293
00e12e8b_4567,11622.240214731235
00e12e8b_4568,11622.235708109434
00e12e8b_4569,11622.264389960888
00e12e8b_4570,11622.235547449525
00e12e8b_4571,11622.21433381693
00e12e8b_4572,11622.256927928647
00e12e8b_4573,11622.250405552262
00e12e8b_4574,11622.252553191964
00e12e8b_4575,11622.24987127537
00e12e8b_4576,11622.240852093035
00e12e8b_4577,11622.162056278878
00e12e8b_4578,11622.229492601531
00e12e8b_4579,11622.21329869607
00e12e8b_4580,11622.222121347655
00e12e8b_4581,11622.233489152273
00e12e8b_4582,11622.228731907051
00e12e8b_4583,11622.259695946526
00e12e8b_4584,11622.270447078994
00e12e8b_4585,11622.275986363626
00e12e8b_4586,11622.255591656953
00e12e8b_4587,11622.253311062655
00e12e8b_4588,11622.24590715283
00e12e8b_4589,11622.24319935522
00e12e8b_4590,11622.236199188188
00e12e8b_4591,11622.224776015417
00e12e8b_4592,11622.199954772383
00e12e8b_4593,11622.218073064812
00e12e8b_4594,11622.200581784957
00e12e8b_4595,11622.205299433444
00e12e8b_4596,11622.196281423126
00e12e8b_4597,11622.186153560639
00e12e8b_4598,11622.177661461057
00e12e8b_4599,11622.156426072353
00e12e8b_4600,11622.121464790485
00e12e8b_4601,11622.139843412922
00e12e8b_4602,11622.129438051215
00e12e8b_4603,11622.125325051384
00e12e8b_4604,11622.13579197827
00e12e8b_4605,11622.139546826433
00e12e8b_4606,11622.12545203327
00e12e8b_4607,11622.138976323979
00e12e8b_4608,11622.13882333754
00e12e8b_4609,11622.13689613833
00e12e8b_4610,11622.139931031375
00e12e8b_4611,11622.143600636276
00e12e8b_4612,11622.144592313964
00e12e8b_4613,11622.147251617034
00e12e8b_4614,11622.152271056362
00e12e8b_4615,11622.152867811106
00e12e8b_4616,11622.15915178767
00e12e8b_4617,11622.107557919348
00e12e8b_4618,11622.195380084415
00e12e8b_4619,11622.19558356385
00e12e8b_4620,11622.18745668489
00e12e8b_4621,11622.18682746657
00e12e8b_4622,11622.192467271523
00e12e8b_4623,11622.193487009943
00e12e8b_4624,11622.194584028384
00e12e8b_4625,11622.19811854992
00e12e8b_4626,11622.200888110765
00e12e8b_4627,11622.204511226444
00e12e8b_4628,11622.188870617094
00e12e8b_4629,11622.191598222835
00e12e8b_4630,11622.221357123708
00e12e8b_4631,11622.210084192959
00e12e8b_4632,11622.225905761788
00e12e8b_4633,11622.232613253993
00e12e8b_4634,11622.231750456318
00e12e8b_4635,11622.239673019174
00e12e8b_4636,11622.239190102804
00e12e8b_4637,11622.154667805567
00e12e8b_4638,11622.286427976462
00e12e8b_4639,11622.285506922975
00e12e8b_4640,11622.287005854072
00e12e8b_4641,11622.293857910932
00e12e8b_4642,11622.242394175662
00e12e8b_4643,11622.300304823355
00e12e8b_4644,11622.300651368307
00e12e8b_4645,11622.302572058272
00e12e8b_4646,11622.30612031791
00e12e8b_4647,11622.311488889112
00e12e8b_4648,11622.315430371773
00e12e8b_4649,11622.317067983347
00e12e8b_4650,11622.337289531742
00e12e8b_4651,11622.354322496105
00e12e8b_4652,11622.364073119657
00e12e8b_4653,11622.34030641873
00e12e8b_4654,11622.340564913233
00e12e8b_4655,11622.306456078486
00e12e8b_4656,11622.31123546971
00e12e8b_4657,11622.308647688073
00e12e8b_4658,11622.30453649056
00e12e8b_4659,11622.307207422686
00e12e8b_4660,11622.307148890168
00e12e8b_4661,11622.289047849448
00e12e8b_4662,11622.29052580971
00e12e8b_4663,11622.283379064163
00e12e8b_4664,11622.272308832089
00e12e8b_4665,11622.272524776146
00e12e8b_4666,11622.267728525541
00e12e8b_4667,11622.26541791261
00e12e8b_4668,11622.26298699866
00e12e8b_4669,11622.260571909017
00e12e8b_4670,11622.234622491595
00e12e8b_4671,11622.210424819303
00e12e8b_4672,11622.193559938714
00e12e8b_4673,11622.1729975714
00e12e8b_4674,11622.120931885403
00e12e8b_4675,11622.051536704663
00e12e8b_4676,11621.995849490802
00e12e8b_4677,11621.915158794594
00e12e8b_4678,11621.84009432726
00e12e8b_4679,11621.74767626875
00e12e8b_4680,11621.64628561599
00e12e8b_4681,11621.56304051397
00e12e8b_4682,11621.446237037238
00e12e8b_4683,11621.33323731875
00e12e8b_4684,11621.196990331217
00e12e8b_4685,11621.03002728046
00e12e8b_4686,11620.852205658752
00e12e8b_4687,11620.698525107326
00e12e8b_4688,11620.558528967089
00e12e8b_4689,11620.584457151976
00e12e8b_4690,11620.607893948232
00e12e8b_4691,11620.62110029862
00e12e8b_4692,11620.570631307544
00e12e8b_4693,11620.602312051087
00e12e8b_4694,11620.641332996629
00e12e8b_4695,11620.620915004762
00e12e8b_4696,11620.628203092227
00e12e8b_4697,11620.632195263293
00e12e8b_4698,11620.632151409918
00e12e8b_4699,11620.617405099036
00e12e8b_4700,11620.618296690092
00e12e8b_4701,11620.565259664107
00e12e8b_4702,11620.620767203545
00e12e8b_4703,11620.610981705664
00e12e8b_4704,11620.623175839999
00e12e8b_4705,11620.649899097662
00e12e8b_4706,11620.649964698692
00e12e8b_4707,11620.657329314796
00e12e8b_4708,11620.664535132597
00e12e8b_4709,11620.675322272135
00e12e8b_4710,11620.68732771876
00e12e8b_4711,11620.704547374258
00e12e8b_4712,11620.720737368954
00e12e8b_4713,11620.738645847483
00e12e8b_4714,11620.764361454383
00e12e8b_4715,11620.790388308946
00e12e8b_4716,11620.745723214122
00e12e8b_4717,11620.807771636644
00e12e8b_4718,11620.807140391462
00e12e8b_4719,11620.830785466722
00e12e8b_4720,11620.843295483719
00e12e8b_4721,11620.851496986026
00e12e8b_4722,11620.863867388025
00e12e8b_4723,11620.883693165795
00e12e8b_4724,11620.953919046315
00e12e8b_4725,11620.98205249443
00e12e8b_4726,11621.020125247602
00e12e8b_4727,11621.01919013112
00e12e8b_4728,11621.054995160299
00e12e8b_4729,11621.058599019327
00e12e8b_4730,11621.097795570193
00e12e8b_4731,11621.092003412887
00e12e8b_4732,11621.120574274908
00e12e8b_4733,11621.121594905955
00e12e8b_4734,11621.124390823297
00e12e8b_4735,11621.151224811774
00e12e8b_4736,11621.178331063627
00e12e8b_4737,11621.202800035562
00e12e8b_4738,11621.205959541632
00e12e8b_4739,11621.216416942183
00e12e8b_4740,11621.20691171203
00e12e8b_4741,11621.195189974715
00e12e8b_4742,11621.160376138867
00e12e8b_4743,11621.133934407371
00e12e8b_4744,11621.155619073266
00e12e8b_4745,11621.148324709979
00e12e8b_4746,11621.141531960895
00e12e8b_4747,11621.134178391023
00e12e8b_4748,11621.142406403143
00e12e8b_4749,11621.141690988816
00e12e8b_4750,11621.12758501691
00e12e8b_4751,11621.157933838049
00e12e8b_4752,11621.165089578006
00e12e8b_4753,11621.204741875103
00e12e8b_4754,11621.226271544969
00e12e8b_4755,11621.244173281895
00e12e8b_4756,11621.284980998105
00e12e8b_4757,11621.302882932114
00e12e8b_4758,11621.35147707791
00e12e8b_4759,11621.385616432344
00e12e8b_4760,11621.402161841308
00e12e8b_4761,11621.42150523324
00e12e8b_4762,11621.454877960434
00e12e8b_4763,11621.489745565568
00e12e8b_4764,11621.526107424503
00e12e8b_4765,11621.545426873425
00e12e8b_4766,11621.576177493538
00e12e8b_4767,11621.615676645855
00e12e8b_4768,11621.637771414415
00e12e8b_4769,11621.671530118532
00e12e8b_4770,11621.71475430003
00e12e8b_4771,11621.732312231943
00e12e8b_4772,11621.759509161162
00e12e8b_4773,11621.76673968891
00e12e8b_4774,11621.778890075544
00e12e8b_4775,11621.786414495502
00e12e8b_4776,11621.770962395636
00e12e8b_4777,11621.831880266289
00e12e8b_4778,11621.855653770845
00e12e8b_4779,11621.85188930093
00e12e8b_4780,11621.86195900653
00e12e8b_4781,11621.917072770526
00e12e8b_4782,11621.93566255735
00e12e8b_4783,11621.952279173503
00e12e8b_4784,11621.939238562387
00e12e8b_4785,11621.899726621054
00e12e8b_4786,11621.981575357313
00e12e8b_4787,11621.980899380884
00e12e8b_4788,11621.998186712059
00e12e8b_4789,11621.939381319415
00e12e8b_4790,11621.953481071803
00e12e8b_4791,11621.99311542086
00e12e8b_4792,11621.964387221002
00e12e8b_4793,11621.986398081837
00e12e8b_4794,11622.015378497668
00e12e8b_4795,11622.049951895453
00e12e8b_4796,11622.069270213437
00e12e8b_4797,11622.102790876626
00e12e8b_4798,11622.107915666633
00e12e8b_4799,11622.073016304448
00e12e8b_4800,11622.080995476312
00e12e8b_4801,11622.091436577182
00e12e8b_4802,11622.095543504784
00e12e8b_4803,11622.083161450038
00e12e8b_4804,11622.10885002673
00e12e8b_4805,11622.087432443459
00e12e8b_4806,11622.120499269451
00e12e8b_4807,11622.101218796462
00e12e8b_4808,11622.113142777609
00e12e8b_4809,11622.131413895195
00e12e8b_4810,11622.142345302726
00e12e8b_4811,11622.156186184335
00e12e8b_4812,11622.176863526161
00e12e8b_4813,11622.179169800718
00e12e8b_4814,11622.174625522712
00e12e8b_4815,11622.193408997904
00e12e8b_4816,11622.226737066105
00e12e8b_4817,11622.229203361168
00e12e8b_4818,11622.225622750168
00e12e8b_4819,11622.245647201824
00e12e8b_4820,11622.265835380245
00e12e8b_4821,11622.269733793999
00e12e8b_4822,11622.281130956913
00e12e8b_4823,11622.269289900898
00e12e8b_4824,11622.28467777964
00e12e8b_4825,11622.30062872589
00e12e8b_4826,11622.293481009208
00e12e8b_4827,11622.290193011824
00e12e8b_4828,11622.276855490069
00e12e8b_4829,11622.252793031821
00e12e8b_4830,11622.257305870357
00e12e8b_4831,11622.23084724382
00e12e8b_4832,11622.212184295138
00e12e8b_4833,11622.165157465293
00e12e8b_4834,11622.112280444817
00e12e8b_4835,11622.0791744865
00e12e8b_4836,11622.048623500246
00e12e8b_4837,11622.039133349552
00e12e8b_4838,11622.02554122098
00e12e8b_4839,11622.034281114105
00e12e8b_4840,11622.038175841191
00e12e8b_4841,11621.966735220614
00e12e8b_4842,11621.98896041443
00e12e8b_4843,11622.03791297456
00e12e8b_4844,11622.00699613529
00e12e8b_4845,11622.032348425273
00e12e8b_4846,11622.04286634392
00e12e8b_4847,11622.028446595054
00e12e8b_4848,11622.02921181755
00e12e8b_4849,11622.043152224722
00e12e8b_4850,11622.017147517316
00e12e8b_4851,11621.99711957116
00e12e8b_4852,11621.995304494712
00e12e8b_4853,11621.999189662598
00e12e8b_4854,11621.992427548254
00e12e8b_4855,11621.998574454039
00e12e8b_4856,11621.968144602888
00e12e8b_4857,11621.946788976664
00e12e8b_4858,11621.920148184045
00e12e8b_4859,11621.877603393017
00e12e8b_4860,11621.867365521428
00e12e8b_4861,11621.858948457457
00e12e8b_4862,11621.857157728731
00e12e8b_4863,11621.843023674595
00e12e8b_4864,11621.86422886874
00e12e8b_4865,11621.867534063695
00e12e8b_4866,11621.858027776276
00e12e8b_4867,11621.832342032016
00e12e8b_4868,11621.845042489218
00e12e8b_4869,11621.847507112025
00e12e8b_4870,11621.863562418308
00e12e8b_4871,11621.846212384338
00e12e8b_4872,11621.895117412503
00e12e8b_4873,11621.919879347866
00e12e8b_4874,11621.924053479921
00e12e8b_4875,11621.956237343846
00e12e8b_4876,11621.96988395452
00e12e8b_4877,11621.981375483869
00e12e8b_4878,11621.99113148682
00e12e8b_4879,11622.020829199528
00e12e8b_4880,11622.029380879052
00e12e8b_4881,11622.03789775147
00e12e8b_4882,11622.04249417367
00e12e8b_4883,11622.066537381397
00e12e8b_4884,11622.060891593583
00e12e8b_4885,11622.087976860208
00e12e8b_4886,11622.082910267905
00e12e8b_4887,11622.094466622686
00e12e8b_4888,11622.11008035242
00e12e8b_4889,11622.108209275471
00e12e8b_4890,11622.121682401295
00e12e8b_4891,11622.12451579599
00e12e8b_4892,11622.13137658448
00e12e8b_4893,11622.059324050762
00e12e8b_4894,11622.133001616206
00e12e8b_4895,11622.133009427325
00e12e8b_4896,11622.145714966115
00e12e8b_4897,11622.113923528137
00e12e8b_4898,11622.124114877675
00e12e8b_4899,11622.151952585657
00e12e8b_4900,11622.17229994614
00e12e8b_4901,11622.185960031726
00e12e8b_4902,11622.175637136192
00e12e8b_4903,11622.186224347475
00e12e8b_4904,11622.18504684619
00e12e8b_4905,11622.189752376447
00e12e8b_4906,11622.17956063025
00e12e8b_4907,11622.172241249304
00e12e8b_4908,11622.168258380041
00e12e8b_4909,11622.166941546875
00e12e8b_4910,11622.175676384031
00e12e8b_4911,11622.169530285606
00e12e8b_4912,11622.163751243575
00e12e8b_4913,11622.170955339301
00e12e8b_4914,11622.166833288285
00e12e8b_4915,11622.16106541873
00e12e8b_4916,11622.144391062944
00e12e8b_4917,11622.13870648115
00e12e8b_4918,11622.140906224333
00e12e8b_4919,11622.137287722127
00e12e8b_4920,11622.129906237127
00e12e8b_4921,11622.124277466217
00e12e8b_4922,11622.125576980363
00e12e8b_4923,11622.125129295984
00e12e8b_4924,11622.130172286572
00e12e8b_4925,11622.127339712422
00e12e8b_4926,11622.13786099447
00e12e8b_4927,11622.144913684297
00e12e8b_4928,11622.167932976583
00e12e8b_4929,11622.180951658003
00e12e8b_4930,11622.18641394659
00e12e8b_4931,11622.192057311804
00e12e8b_4932,11622.197025874444
00e12e8b_4933,11622.202714501904
00e12e8b_4934,11622.19278768797
00e12e8b_4935,11622.185553723266
00e12e8b_4936,11622.247709086587
00e12e8b_4937,11622.229734375152
00e12e8b_4938,11622.235254808162
00e12e8b_4939,11622.22843654138
00e12e8b_4940,11622.210956990639
00e12e8b_4941,11622.215952813252
00e12e8b_4942,11622.21498091182
00e12e8b_4943,11622.200952900748
00e12e8b_4944,11622.193476515888
00e12e8b_4945,11622.190997065842
00e12e8b_4946,11622.19399417207
00e12e8b_4947,11622.180090937787
00e12e8b_4948,11622.1843464195
00e12e8b_4949,11622.170822482454
00e12e8b_4950,11622.177467163807
00e12e8b_4951,11622.190880736483
00e12e8b_4952,11622.182739034313
00e12e8b_4953,11622.189125493245
00e12e8b_4954,11622.179780425202
00e12e8b_4955,11622.193638593917
00e12e8b_4956,11622.180162707931
00e12e8b_4957,11622.186570704389
00e12e8b_4958,11622.17298219694
00e12e8b_4959,11622.171079923837
00e12e8b_4960,11622.1473730777
00e12e8b_4961,11622.163791007912
00e12e8b_4962,11622.150418835268
00e12e8b_4963,11622.150236915468
00e12e8b_4964,11622.148016060873
00e12e8b_4965,11622.161148027932
00e12e8b_4966,11622.151946146094
00e12e8b_4967,11622.152233462073
00e12e8b_4968,11622.150020950856
00e12e8b_4969,11622.084408065295
00e12e8b_4970,11622.096445720132
00e12e8b_4971,11622.028236233391
00e12e8b_4972,11622.003566521107
00e12e8b_4973,11621.962943414288
00e12e8b_4974,11621.926103124693
00e12e8b_4975,11621.884549057208
00e12e8b_4976,11621.861751262397
00e12e8b_4977,11621.819363303774
00e12e8b_4978,11621.801350750357
00e12e8b_4979,11621.764982977373
00e12e8b_4980,11621.705623004036
00e12e8b_4981,11621.683472697341
00e12e8b_4982,11621.6595772202
00e12e8b_4983,11621.620527025021
00e12e8b_4984,11621.649134962387
00e12e8b_4985,11621.677776987579
00e12e8b_4986,11621.73389885655
00e12e8b_4987,11621.821887883321
00e12e8b_4988,11621.9007293998
00e12e8b_4989,11621.960717379206
00e12e8b_4990,11622.019149336676
00e12e8b_4991,11622.076634052066
00e12e8b_4992,11622.094322465291
00e12e8b_4993,11622.111947889958
00e12e8b_4994,11622.114287222266
00e12e8b_4995,11622.127508952562
00e12e8b_4996,11622.123574486623
00e12e8b_4997,11622.079704639396
00e12e8b_4998,11622.059787586448
00e12e8b_4999,11622.05706860103
00e12e8b_5000,11622.073896730566
00e12e8b_5001,11622.080237414459
00e12e8b_5002,11622.122809910694
00e12e8b_5003,11622.155073132555
00e12e8b_5004,11622.181553104685
00e12e8b_5005,11622.273310532097
00e12e8b_5006,11622.33901761105
00e12e8b_5007,11622.389977151062
00e12e8b_5008,11622.394198479615
00e12e8b_5009,11622.431173899793
00e12e8b_5010,11622.433019651326
00e12e8b_5011,11622.446546860652
00e12e8b_5012,11622.471999857364
00e12e8b_5013,11622.483739423482
00e12e8b_5014,11622.503420426476
00e12e8b_5015,11622.530271381609
00e12e8b_5016,11622.554545184183
00e12e8b_5017,11622.56726033951
00e12e8b_5018,11622.578236676853
00e12e8b_5019,11622.610881579618
00e12e8b_5020,11622.609294606322
00e12e8b_5021,11622.607076316075
00e12e8b_5022,11622.581402233849
00e12e8b_5023,11622.584950691427
00e12e8b_5024,11622.540804893008
00e12e8b_5025,11622.510264780887
00e12e8b_5026,11622.461502644377
00e12e8b_5027,11622.397098328389
00e12e8b_5028,11622.366342369323
00e12e8b_5029,11622.304598703447
00e12e8b_5030,11622.223188715561
00e12e8b_5031,11622.14980484019
00e12e8b_5032,11622.106963210648
00e12e8b_5033,11622.0412770626
00e12e8b_5034,11621.995881277244
00e12e8b_5035,11622.001390892929
00e12e8b_5036,11622.04663255901
00e12e8b_5037,11622.032655426487
00e12e8b_5038,11622.047681518898
00e12e8b_5039,11622.1083831957
00e12e8b_5040,11622.18741386419
00e12e8b_5041,11622.264678413449
00e12e8b_5042,11622.36749881663
00e12e8b_5043,11622.422837936263
00e12e8b_5044,11622.472550569462
00e12e8b_5045,11622.53058137577
00e12e8b_5046,11622.586440342962
00e12e8b_5047,11622.64363993025
00e12e8b_5048,11622.70410413411
00e12e8b_5049,11622.754423523224
00e12e8b_5050,11622.793264097358
00e12e8b_5051,11622.830577818071
00e12e8b_5052,11622.857611021627
00e12e8b_5053,11622.89333830761
00e12e8b_5054,11622.922184839887
00e12e8b_5055,11622.942326245482
00e12e8b_5056,11622.97400347945
00e12e8b_5057,11622.998157674878
00e12e8b_5058,11623.015993205165
00e12e8b_5059,11623.040111168082
00e12e8b_5060,11623.054317559127
00e12e8b_5061,11623.073899696665
00e12e8b_5062,11623.080572065164
00e12e8b_5063,11623.081870414728
00e12e8b_5064,11623.08624801438
00e12e8b_5065,11623.09441275126
00e12e8b_5066,11623.098523132272
00e12e8b_5067,11623.102876050305
00e12e8b_5068,11623.106832501004
00e12e8b_5069,11623.109621494032
00e12e8b_5070,11623.098152172584
00e12e8b_5071,11623.102770846122
00e12e8b_5072,11623.102182241357
00e12e8b_5073,11623.098024339615
00e12e8b_5074,11623.082475163068
00e12e8b_5075,11623.075979939413
00e12e8b_5076,11623.066028362411
00e12e8b_5077,11623.058255788703
00e12e8b_5078,11623.044161758582
00e12e8b_5079,11623.034706303773
00e12e8b_5080,11623.021194413268
00e12e8b_5081,11623.010980814466
00e12e8b_5082,11623.0151080042
00e12e8b_5083,11622.978751795574
00e12e8b_5084,11622.969499077342
00e12e8b_5085,11622.94607187147
00e12e8b_5086,11622.931490442987
00e12e8b_5087,11622.914585847844
00e12e8b_5088,11622.902886324047
00e12e8b_5089,11622.886318095681
00e12e8b_5090,11622.872983696212
00e12e8b_5091,11622.857984252832
00e12e8b_5092,11622.851627290853
00e12e8b_5093,11622.832172683678
00e12e8b_5094,11622.817902478615
00e12e8b_5095,11622.790082647054
00e12e8b_5096,11622.791405420088
00e12e8b_5097,11622.79599463581
00e12e8b_5098,11622.743297066634
00e12e8b_5099,11622.725393292792
00e12e8b_5100,11622.67473516298
00e12e8b_5101,11622.687731362836
00e12e8b_5102,11622.668020486375
00e12e8b_5103,11622.624167363152
00e12e8b_5104,11622.610140418878
00e12e8b_5105,11622.589716627506
00e12e8b_5106,11622.587134670921
00e12e8b_5107,11622.530881715351
00e12e8b_5108,11622.502793252377
00e12e8b_5109,11622.500095297371
00e12e8b_5110,11622.49909763797
00e12e8b_5111,11622.489168195474
00e12e8b_5112,11622.49666834018
00e12e8b_5113,11622.445272159955
00e12e8b_5114,11622.4325259767
00e12e8b_5115,11622.393063885513
00e12e8b_5116,11622.364948200871
00e12e8b_5117,11622.366000067397
00e12e8b_5118,11622.328702135796
00e12e8b_5119,11622.31957530062
00e12e8b_5120,11622.27954528416
00e12e8b_5121,11622.281318589583
00e12e8b_5122,11622.238642533495
00e12e8b_5123,11622.22885247344
00e12e8b_5124,11622.193962158122
00e12e8b_5125,11622.178966710577
00e12e8b_5126,11622.1568891842
00e12e8b_5127,11622.121893363217
00e12e8b_5128,11622.124022292435
00e12e8b_5129,11622.090498903981
00e12e8b_5130,11622.079301370253
00e12e8b_5131,11622.05937692376
00e12e8b_5132,11622.016573880106
00e12e8b_5133,11622.026296390548
00e12e8b_5134,11622.008739583463
00e12e8b_5135,11621.969497466169
00e12e8b_5136,11621.973827261772
00e12e8b_5137,11621.957822613695
00e12e8b_5138,11621.918782175486
00e12e8b_5139,11621.880036364724
00e12e8b_5140,11621.88164843783
00e12e8b_5141,11621.854547458774
00e12e8b_5142,11621.843224189402
00e12e8b_5143,11621.814351225345
00e12e8b_5144,11621.76829671954
00e12e8b_5145,11621.752316274113
00e12e8b_5146,11621.728233566768
00e12e8b_5147,11621.732041048028
00e12e8b_5148,11621.730341123282
00e12e8b_5149,11621.641868100873
00e12e8b_5150,11621.71887970669
00e12e8b_5151,11621.678598207014
00e12e8b_5152,11621.673326405597
00e12e8b_5153,11621.686272515815
00e12e8b_5154,11621.662428430893
00e12e8b_5155,11621.685823894044
00e12e8b_5156,11621.66562826067
00e12e8b_5157,11621.644293080099
00e12e8b_5158,11621.654952090166
00e12e8b_5159,11621.630408315657
00e12e8b_5160,11621.628088662143
00e12e8b_5161,11621.634110375124
00e12e8b_5162,11621.629948106249
00e12e8b_5163,11621.608999071424
00e12e8b_5164,11621.610552296424
00e12e8b_5165,11621.615369657971
00e12e8b_5166,11621.607925363218
00e12e8b_5167,11621.604649609671
00e12e8b_5168,11621.60105527246
00e12e8b_5169,11621.59747380816
00e12e8b_5170,11621.573471670135
00e12e8b_5171,11621.6045790323
00e12e8b_5172,11621.590998400734
00e12e8b_5173,11621.59522140873
00e12e8b_5174,11621.574385694294
00e12e8b_5175,11621.516058220219
00e12e8b_5176,11621.582406806834
00e12e8b_5177,11621.580089963469
00e12e8b_5178,11621.568591985992
00e12e8b_5179,11621.570614778546
00e12e8b_5180,11621.566939152151
00e12e8b_5181,11621.557042571152
00e12e8b_5182,11621.562586489395
00e12e8b_5183,11621.5729055293
00e12e8b_5184,11621.559557945176
00e12e8b_5185,11621.56232213568
00e12e8b_5186,11621.559914480506
00e12e8b_5187,11621.546150528953
00e12e8b_5188,11621.553642473493
00e12e8b_5189,11621.554384373867
00e12e8b_5190,11621.532714036592
00e12e8b_5191,11621.554613697688
00e12e8b_5192,11621.564501431307
00e12e8b_5193,11621.566695620695
00e12e8b_5194,11621.550103807804
00e12e8b_5195,11621.571276497696
00e12e8b_5196,11621.576036785864
00e12e8b_5197,11621.571164591725
00e12e8b_5198,11621.585058498425
00e12e8b_5199,11621.592386834858
00e12e8b_5200,11621.599427877109
00e12e8b_5201,11621.585501669793
00e12e8b_5202,11621.61712835879
00e12e8b_5203,11621.616505419275
00e12e8b_5204,11621.601632267128
00e12e8b_5205,11621.634240040632
00e12e8b_5206,11621.613323979913
00e12e8b_5207,11621.643965763838
00e12e8b_5208,11621.641497340457
00e12e8b_5209,11621.61954223502
00e12e8b_5210,11621.626032633278
00e12e8b_5211,11621.653809298408
00e12e8b_5212,11621.629604471213
00e12e8b_5213,11621.652115828409
00e12e8b_5214,11621.61131885355
00e12e8b_5215,11621.61597366164
00e12e8b_5216,11621.622635314317
00e12e8b_5217,11621.655759738485
00e12e8b_5218,11621.627255946758
00e12e8b_5219,11621.608931626903
00e12e8b_5220,11621.58531643505
00e12e8b_5221,11621.55656722435
00e12e8b_5222,11621.532088359407
00e12e8b_5223,11621.509313592378
00e12e8b_5224,11621.481577557655
00e12e8b_5225,11621.451273290759
00e12e8b_5226,11621.435633390021
00e12e8b_5227,11621.430819391582
00e12e8b_5228,11621.38452785682
00e12e8b_5229,11621.383061962657
00e12e8b_5230,11621.40036853066
00e12e8b_5231,11621.383980500343
00e12e8b_5232,11621.353309283295
00e12e8b_5233,11621.354653962935
00e12e8b_5234,11621.303440800866
00e12e8b_5235,11621.352947821624
00e12e8b_5236,11621.365365474969
00e12e8b_5237,11621.281695558499
00e12e8b_5238,11621.354940781403
00e12e8b_5239,11621.305571008143
00e12e8b_5240,11621.33680142979
00e12e8b_5241,11621.295007415441
00e12e8b_5242,11621.294038494354
00e12e8b_5243,11621.249914029831
00e12e8b_5244,11621.217166682996
00e12e8b_5245,11621.184387634825
00e12e8b_5246,11621.223324807595
00e12e8b_5247,11621.221009440056
00e12e8b_5248,11621.221979670634
00e12e8b_5249,11621.27521879332
00e12e8b_5250,11621.303425981701
00e12e8b_5251,11621.334347849477
00e12e8b_5252,11621.345240213332
00e12e8b_5253,11621.372743967207
00e12e8b_5254,11621.394643515512
00e12e8b_5255,11621.472531362775
00e12e8b_5256,11621.490860679098
00e12e8b_5257,11621.517169124732
00e12e8b_5258,11621.550132412725
00e12e8b_5259,11621.53469821426
00e12e8b_5260,11621.616164710957
00e12e8b_5261,11621.63717606505
00e12e8b_5262,11621.653042429998
00e12e8b_5263,11621.662882875848
00e12e8b_5264,11621.680022994482
00e12e8b_5265,11621.693840024875
00e12e8b_5266,11621.707516912535
00e12e8b_5267,11621.71538452341
00e12e8b_5268,11621.72438799947
00e12e8b_5269,11621.736348909539
00e12e8b_5270,11621.748087944326
00e12e8b_5271,11621.751764321023
00e12e8b_5272,11621.75960899465
00e12e8b_5273,11621.771059155306
00e12e8b_5274,11621.777425215374
00e12e8b_5275,11621.785325239476
00e12e8b_5276,11621.788841291816
00e12e8b_5277,11621.799499246148
00e12e8b_5278,11621.79039850509
00e12e8b_5279,11621.804935023563
00e12e8b_5280,11621.792344035031
00e12e8b_5281,11621.750310217434
00e12e8b_5282,11621.806402280861
00e12e8b_5283,11621.809495583879
00e12e8b_5284,11621.767610210367
00e12e8b_5285,11621.824510514356
00e12e8b_5286,11621.736962302562
00e12e8b_5287,11621.820757432553
00e12e8b_5288,11621.827328506015
00e12e8b_5289,11621.825856595106
00e12e8b_5290,11621.780973761715
00e12e8b_5291,11621.828127563396
00e12e8b_5292,11621.745640551922
00e12e8b_5293,11621.80962987573
00e12e8b_5294,11621.81869989105
00e12e8b_5295,11621.84055870161
00e12e8b_5296,11621.844648158552
00e12e8b_5297,11621.870535768692
00e12e8b_5298,11621.847486330973
00e12e8b_5299,11621.874224311652
00e12e8b_5300,11621.86174807489
00e12e8b_5301,11621.868875452868
00e12e8b_5302,11621.873039622336
00e12e8b_5303,11621.871381270197
00e12e8b_5304,11621.84901911493
00e12e8b_5305,11621.861126706099
00e12e8b_5306,11621.856717849809
00e12e8b_5307,11621.859625779003
00e12e8b_5308,11621.85989656053
00e12e8b_5309,11621.861187082019
00e12e8b_5310,11621.857312269858
00e12e8b_5311,11621.861289780987
00e12e8b_5312,11621.85660051931
00e12e8b_5313,11621.844084129774
00e12e8b_5314,11621.827897728754
00e12e8b_5315,11621.844215424411
00e12e8b_5316,11621.846587744369
00e12e8b_5317,11621.8421447447
00e12e8b_5318,11621.848109633862
00e12e8b_5319,11621.842733399051
00e12e8b_5320,11621.84518045572
00e12e8b_5321,11621.845507016544
00e12e8b_5322,11621.846210306703
00e12e8b_5323,11621.865731487038
00e12e8b_5324,11621.873236483745
00e12e8b_5325,11621.866757368462
00e12e8b_5326,11621.87058785462
00e12e8b_5327,11621.868250563093
00e12e8b_5328,11621.856746548296
00e12e8b_5329,11621.861586805917
00e12e8b_5330,11621.850124326089
00e12e8b_5331,11621.847203528174
00e12e8b_5332,11621.864895048555
00e12e8b_5333,11621.865514902001
00e12e8b_5334,11621.847883037111
00e12e8b_5335,11621.848337038622
00e12e8b_5336,11621.846599341397
00e12e8b_5337,11621.845977682999
00e12e8b_5338,11621.846677715987
00e12e8b_5339,11621.850007376343
00e12e8b_5340,11621.841638360263
00e12e8b_5341,11621.838911205765
00e12e8b_5342,11621.823386416603
00e12e8b_5343,11621.84017036146
00e12e8b_5344,11621.839992687354
00e12e8b_5345,11621.837504924311
00e12e8b_5346,11621.831922362886
00e12e8b_5347,11621.833995902445
00e12e8b_5348,11621.826332447623
00e12e8b_5349,11621.824831336895
00e12e8b_5350,11621.82564908817
00e12e8b_5351,11621.812285520053
00e12e8b_5352,11621.81318635001
00e12e8b_5353,11621.819099533826
00e12e8b_5354,11621.816726233903
00e12e8b_5355,11621.807657655045
00e12e8b_5356,11621.809490788055
00e12e8b_5357,11621.811492105484
00e12e8b_5358,11621.795693943328
00e12e8b_5359,11621.805723720045
00e12e8b_5360,11621.786836911597
00e12e8b_5361,11621.822674398754
00e12e8b_5362,11621.876173932545
00e12e8b_5363,11621.878700528654
00e12e8b_5364,11621.786156405586
00e12e8b_5365,11621.877478589135
00e12e8b_5366,11621.875411094348
00e12e8b_5367,11621.86820098752
00e12e8b_5368,11621.86667243741
00e12e8b_5369,11621.866515865091
00e12e8b_5370,11621.86711886362
00e12e8b_5371,11621.855618461992
00e12e8b_5372,11621.797014794149
00e12e8b_5373,11621.851908643794
00e12e8b_5374,11621.849437286623
00e12e8b_5375,11621.84341605435
00e12e8b_5376,11621.848103375796
00e12e8b_5377,11621.848869659378
00e12e8b_5378,11621.848857753432
00e12e8b_5379,11621.842085655342
00e12e8b_5380,11621.776074020172
00e12e8b_5381,11621.826842123646
00e12e8b_5382,11621.829946660695
00e12e8b_5383,11621.827887723908
00e12e8b_5384,11621.831225224732
00e12e8b_5385,11621.833643574619
00e12e8b_5386,11621.836422796732
00e12e8b_5387,11621.830922895364
00e12e8b_5388,11621.830590321979
00e12e8b_5389,11621.837833526612
00e12e8b_5390,11621.841845615943
00e12e8b_5391,11621.838107333486
00e12e8b_5392,11621.843311527526
00e12e8b_5393,11621.844102391467
00e12e8b_5394,11621.84072129237
00e12e8b_5395,11621.846571724283
00e12e8b_5396,11621.843677208119
00e12e8b_5397,11621.843346693673
00e12e8b_5398,11621.829823088388
00e12e8b_5399,11621.83093717993
00e12e8b_5400,11621.836442442935
00e12e8b_5401,11621.820151536847
00e12e8b_5402,11621.819737753545
00e12e8b_5403,11621.826161953175
00e12e8b_5404,11621.828683397944
00e12e8b_5405,11621.849451917527
00e12e8b_5406,11621.840547078216
00e12e8b_5407,11621.850132432799
00e12e8b_5408,11621.848370262156
00e12e8b_5409,11621.841509672144
00e12e8b_5410,11621.85015419536
00e12e8b_5411,11621.840996651628
00e12e8b_5412,11621.852073216622
00e12e8b_5413,11621.851325496275
00e12e8b_5414,11621.853895947763
00e12e8b_5415,11621.852470039368
00e12e8b_5416,11621.855961484138
00e12e8b_5417,11621.84518881484
00e12e8b_5418,11621.85157985678
00e12e8b_5419,11621.85288009957
00e12e8b_5420,11621.856069984762
00e12e8b_5421,11621.862002999427
00e12e8b_5422,11621.855151484502
00e12e8b_5423,11621.860690118196
00e12e8b_5424,11621.859443175705
00e12e8b_5425,11621.79935630934
00e12e8b_5426,11621.902437608725
00e12e8b_5427,11621.902070487657
00e12e8b_5428,11621.901491053104
00e12e8b_5429,11621.905456492801
00e12e8b_5430,11621.925246443849
00e12e8b_5431,11621.930202549303
00e12e8b_5432,11621.930288820613
00e12e8b_5433,11621.93778036881
00e12e8b_5434,11621.943287795762
00e12e8b_5435,11621.944381171978
00e12e8b_5436,11621.949390524547
00e12e8b_5437,11621.956068390744
00e12e8b_5438,11621.96714727601
00e12e8b_5439,11621.963337735486
00e12e8b_5440,11621.974997665759
00e12e8b_5441,11621.954186650313
00e12e8b_5442,11621.958848899925
00e12e8b_5443,11621.969201058375
00e12e8b_5444,11621.960224204622
00e12e8b_5445,11621.886107053739
00e12e8b_5446,11621.99064372341
00e12e8b_5447,11621.98437200494
00e12e8b_5448,11621.997506443524
00e12e8b_5449,11621.920619558527
00e12e8b_5450,11622.003842934946
00e12e8b_5451,11622.021514626942
00e12e8b_5452,11622.021306712675
00e12e8b_5453,11621.941022149425
00e12e8b_5454,11622.040168699103
00e12e8b_5455,11622.033790664891
00e12e8b_5456,11622.042478998696
00e12e8b_5457,11622.047721513933
00e12e8b_5458,11622.050043513977
00e12e8b_5459,11622.055684448387
00e12e8b_5460,11622.054617969834
00e12e8b_5461,11622.068010843803
00e12e8b_5462,11622.076267432745
00e12e8b_5463,11622.09102502632
00e12e8b_5464,11622.090444480871
00e12e8b_5465,11622.104550881515
00e12e8b_5466,11622.088965614115
00e12e8b_5467,11622.16632711554
00e12e8b_5468,11622.18994661639
00e12e8b_5469,11622.184979339838
00e12e8b_5470,11622.162684054856
00e12e8b_5471,11622.19918495126
00e12e8b_5472,11622.148440244151
00e12e8b_5473,11622.192056914864
00e12e8b_5474,11622.225371656134
00e12e8b_5475,11622.234855930701
00e12e8b_5476,11622.18349544625
00e12e8b_5477,11622.250756245912
00e12e8b_5478,11622.259461078023
00e12e8b_5479,11622.242446188813
00e12e8b_5480,11622.266561710536
00e12e8b_5481,11622.279144420532
00e12e8b_5482,11622.300468880798
00e12e8b_5483,11622.321381607266
00e12e8b_5484,11622.317446850984
00e12e8b_5485,11622.380146084408
00e12e8b_5486,11622.351777702557
00e12e8b_5487,11622.339581246866
00e12e8b_5488,11622.317548951074
00e12e8b_5489,11622.307274425217
00e12e8b_5490,11622.34328522702
00e12e8b_5491,11622.307004951781
00e12e8b_5492,11622.392373320172
00e12e8b_5493,11622.409557681967
00e12e8b_5494,11622.432969326483
00e12e8b_5495,11622.459725180197
00e12e8b_5496,11622.481155502866
00e12e8b_5497,11622.497084295293
00e12e8b_5498,11622.514091500623
00e12e8b_5499,11622.527643991276
00e12e8b_5500,11622.537778403705
00e12e8b_5501,11622.545181600824
00e12e8b_5502,11622.550676740062
00e12e8b_5503,11622.56234029479
00e12e8b_5504,11622.56594378881
00e12e8b_5505,11622.562811049864
00e12e8b_5506,11622.56833116485
00e12e8b_5507,11622.558662331325
00e12e8b_5508,11622.549396393406
00e12e8b_5509,11622.5430795524
00e12e8b_5510,11622.542469486982
00e12e8b_5511,11622.540260808271
00e12e8b_5512,11622.532121204911
00e12e8b_5513,11622.472396521298
00e12e8b_5514,11622.455796153383
00e12e8b_5515,11622.500364358846
00e12e8b_5516,11622.490141948612
00e12e8b_5517,11622.422851881802
00e12e8b_5518,11622.455380544501
00e12e8b_5519,11622.44450951245
00e12e8b_5520,11622.432107738441
00e12e8b_5521,11622.363591271453
00e12e8b_5522,11622.376649688476
00e12e8b_5523,11622.303344567868
00e12e8b_5524,11622.294136070552
00e12e8b_5525,11622.189412675103
00e12e8b_5526,11622.254714639314
00e12e8b_5527,11622.307471623411
00e12e8b_5528,11622.206180081426
00e12e8b_5529,11622.230516117479
00e12e8b_5530,11622.316209597539
00e12e8b_5531,11622.303158775903
00e12e8b_5532,11622.293455727326
00e12e8b_5533,11622.293618296113
00e12e8b_5534,11622.265722166263
00e12e8b_5535,11622.250759139772
00e12e8b_5536,11622.248252800262
00e12e8b_5537,11622.2294377324
00e12e8b_5538,11622.204953200584
00e12e8b_5539,11622.191498192138
00e12e8b_5540,11622.192279578423
00e12e8b_5541,11622.17880362177
00e12e8b_5542,11622.171585634134
00e12e8b_5543,11622.097155726651
00e12e8b_5544,11622.147532406307
00e12e8b_5545,11622.137991432755
00e12e8b_5546,11622.115006514441
00e12e8b_5547,11622.099142323957
00e12e8b_5548,11622.087806731954
00e12e8b_5549,11622.083726599834
00e12e8b_5550,11622.026417622712
00e12e8b_5551,11622.07381024926
00e12e8b_5552,11622.009740684374
00e12e8b_5553,11621.986757713068
00e12e8b_5554,11622.021194455054
00e12e8b_5555,11621.970031804045
00e12e8b_5556,11621.960511517598
00e12e8b_5557,11622.003506272777
00e12e8b_5558,11621.983474081382
00e12e8b_5559,11621.978796451403
00e12e8b_5560,11621.978058643446
00e12e8b_5561,11621.974321468297
00e12e8b_5562,11621.965324050074
00e12e8b_5563,11621.958405374275
00e12e8b_5564,11621.952640877782
00e12e8b_5565,11621.944533161988
00e12e8b_5566,11621.935840224432
00e12e8b_5567,11621.90194245057
00e12e8b_5568,11621.86405672097
00e12e8b_5569,11621.90866825406
00e12e8b_5570,11621.894071254988
00e12e8b_5571,11621.906050380067
00e12e8b_5572,11621.873410644626
00e12e8b_5573,11621.911546625219
00e12e8b_5574,11621.906942295867
00e12e8b_5575,11621.877380923817
00e12e8b_5576,11621.904397848048
00e12e8b_5577,11621.89064655718
00e12e8b_5578,11621.836043369914
00e12e8b_5579,11621.879211716645
00e12e8b_5580,11621.840963902116
00e12e8b_5581,11621.800601286772
00e12e8b_5582,11621.874305277912
00e12e8b_5583,11621.87001963272
00e12e8b_5584,11621.825454884975
00e12e8b_5585,11621.877790874883
00e12e8b_5586,11621.875713606885
00e12e8b_5587,11621.818248748872
00e12e8b_5588,11621.875296033453
00e12e8b_5589,11621.874044814527
00e12e8b_5590,11621.852362726055
00e12e8b_5591,11621.804189035976
00e12e8b_5592,11621.84887974091
00e12e8b_5593,11621.852864893799
00e12e8b_5594,11621.842099786427
00e12e8b_5595,11621.845301771735
00e12e8b_5596,11621.827931215425
00e12e8b_5597,11621.848712782634
00e12e8b_5598,11621.844546315979
00e12e8b_5599,11621.834433940914
00e12e8b_5600,11621.84421880453
00e12e8b_5601,11621.839532212893
00e12e8b_5602,11621.84224200229
00e12e8b_5603,11621.826763064137
00e12e8b_5604,11621.833441129747
00e12e8b_5605,11621.83123655855
00e12e8b_5606,11621.8318916446
00e12e8b_5607,11621.830561593955
00e12e8b_5608,11621.822307683582
00e12e8b_5609,11621.82764237698
00e12e8b_5610,11621.745792190344
00e12e8b_5611,11621.824060069264
00e12e8b_5612,11621.828450094157
00e12e8b_5613,11621.821923970325
00e12e8b_5614,11621.808994241945
00e12e8b_5615,11621.824363648426
00e12e8b_5616,11621.82388872677
00e12e8b_5617,11621.817295693994
00e12e8b_5618,11621.81827773698
00e12e8b_5619,11621.818991291395
00e12e8b_5620,11621.821865131551
00e12e8b_5621,11621.824727214107
00e12e8b_5622,11621.82040316458
00e12e8b_5623,11621.814729656093
00e12e8b_5624,11621.822462858412
00e12e8b_5625,11621.827370317556
00e12e8b_5626,11621.82538024653
00e12e8b_5627,11621.836042472893
00e12e8b_5628,11621.826893042295
00e12e8b_5629,11621.830502904368
00e12e8b_5630,11621.829178362355
00e12e8b_5631,11621.83608004649
00e12e8b_5632,11621.833691765127
00e12e8b_5633,11621.836031579433
00e12e8b_5634,11621.830028441404
00e12e8b_5635,11621.85347567317
00e12e8b_5636,11621.849989991857
00e12e8b_5637,11621.84154942973
00e12e8b_5638,11621.83703111776
00e12e8b_5639,11621.826617290668
00e12e8b_5640,11621.806272382399
00e12e8b_5641,11621.791270704642
00e12e8b_5642,11621.775573633944
00e12e8b_5643,11621.76623693257
00e12e8b_5644,11621.768546219435
00e12e8b_5645,11621.758645173773
00e12e8b_5646,11621.746850137066
00e12e8b_5647,11621.72650150092
00e12e8b_5648,11621.657514210106
00e12e8b_5649,11621.683502055033
00e12e8b_5650,11621.671975041001
00e12e8b_5651,11621.646111810995
00e12e8b_5652,11621.65723349823
00e12e8b_5653,11621.638046693763
00e12e8b_5654,11621.625020511514
00e12e8b_5655,11621.619398852527
00e12e8b_5656,11621.604466236628
00e12e8b_5657,11621.594099610667
00e12e8b_5658,11621.57279626492
00e12e8b_5659,11621.563106761536
00e12e8b_5660,11621.586903085246
00e12e8b_5661,11621.610629733324
00e12e8b_5662,11621.601710722125
00e12e8b_5663,11621.594918009523
00e12e8b_5664,11621.585430685785
00e12e8b_5665,11621.563421425923
00e12e8b_5666,11621.546618889995
00e12e8b_5667,11621.535036518955
00e12e8b_5668,11621.528489452032
00e12e8b_5669,11621.515527908325
00e12e8b_5670,11621.50645366901
00e12e8b_5671,11621.50873131063
00e12e8b_5672,11621.531071560887
00e12e8b_5673,11621.543463893297
00e12e8b_5674,11621.56493014248
00e12e8b_5675,11621.594738288135
00e12e8b_5676,11621.641368455852
00e12e8b_5677,11621.675144372142
00e12e8b_5678,11621.711971276694
00e12e8b_5679,11621.739913466163
00e12e8b_5680,11621.773022539288
00e12e8b_5681,11621.79335538933
00e12e8b_5682,11621.81221922597
00e12e8b_5683,11621.83376455155
00e12e8b_5684,11621.857973222888
00e12e8b_5685,11621.824025573238
00e12e8b_5686,11621.888508087752
00e12e8b_5687,11621.900654592391
00e12e8b_5688,11621.917988487028
00e12e8b_5689,11621.933973045247
00e12e8b_5690,11621.94708795732
00e12e8b_5691,11621.955767619296
00e12e8b_5692,11621.964123510315
00e12e8b_5693,11621.968781074527
00e12e8b_5694,11621.986580072913
00e12e8b_5695,11621.997870386387
00e12e8b_5696,11622.003565420466
00e12e8b_5697,11622.015056140222
00e12e8b_5698,11622.027944425754
00e12e8b_5699,11622.03304623947
00e12e8b_5700,11622.044204551492
00e12e8b_5701,11622.05535232159
00e12e8b_5702,11622.068168706739
00e12e8b_5703,11622.082921605623
00e12e8b_5704,11622.125777922822
00e12e8b_5705,11622.13032262811
00e12e8b_5706,11622.139435719166
00e12e8b_5707,11622.150828909409
00e12e8b_5708,11622.13813456311
00e12e8b_5709,11622.16739991503
00e12e8b_5710,11622.175767334653
00e12e8b_5711,11622.162076226763
00e12e8b_5712,11622.182317086004
00e12e8b_5713,11622.196035919891
00e12e8b_5714,11622.142525669347
00e12e8b_5715,11622.213498700177
00e12e8b_5716,11622.214102696289
00e12e8b_5717,11622.219188830219
00e12e8b_5718,11622.22261613731
00e12e8b_5719,11622.225704607086
00e12e8b_5720,11622.229659761506
00e12e8b_5721,11622.234718102996
00e12e8b_5722,11622.23530653829
00e12e8b_5723,11622.23745251109
00e12e8b_5724,11622.232657473602
00e12e8b_5725,11622.236969870342
00e12e8b_5726,11622.239921258084
00e12e8b_5727,11622.235656256844
00e12e8b_5728,11622.220390602759
00e12e8b_5729,11622.217847261745
00e12e8b_5730,11622.231718856376
00e12e8b_5731,11622.229160992008
00e12e8b_5732,11622.180395192107
00e12e8b_5733,11622.227642243897
00e12e8b_5734,11622.227396402946
00e12e8b_5735,11622.212054797787
00e12e8b_5736,11622.128204144334
00e12e8b_5737,11622.220475010874
00e12e8b_5738,11622.217991153964
00e12e8b_5739,11622.121265978009
00e12e8b_5740,11622.1563765968
00e12e8b_5741,11622.228443492093
00e12e8b_5742,11622.229704734498
00e12e8b_5743,11622.225094034768
00e12e8b_5744,11622.2250714711
00e12e8b_5745,11622.230011445761
00e12e8b_5746,11622.225606709595
00e12e8b_5747,11622.22295956221
00e12e8b_5748,11622.231279873029
00e12e8b_5749,11622.224256657111
00e12e8b_5750,11622.212507744114
00e12e8b_5751,11622.165438959186
00e12e8b_5752,11622.222419274573
00e12e8b_5753,11622.161434067384
00e12e8b_5754,11622.206750589856
00e12e8b_5755,11622.215258194914
00e12e8b_5756,11622.204788609597
00e12e8b_5757,11622.202734830415
00e12e8b_5758,11622.219623892965
00e12e8b_5759,11622.19921668185
00e12e8b_5760,11622.203524876557
00e12e8b_5761,11622.15418953166
00e12e8b_5762,11622.199621033973
00e12e8b_5763,11622.196761225907
00e12e8b_5764,11622.21115688031
00e12e8b_5765,11622.207625967163
00e12e8b_5766,11622.203909739505
00e12e8b_5767,11622.205221528347
00e12e8b_5768,11622.207232810972
00e12e8b_5769,11622.209716154606
00e12e8b_5770,11622.203154662657
00e12e8b_5771,11622.19891681696
00e12e8b_5772,11622.202070456991
00e12e8b_5773,11622.203570296646
00e12e8b_5774,11622.201399081576
00e12e8b_5775,11622.205058173771
00e12e8b_5776,11622.206694055265
00e12e8b_5777,11622.207347108473
00e12e8b_5778,11622.208997691676
00e12e8b_5779,11622.210410504773
00e12e8b_5780,11622.211834285697
00e12e8b_5781,11622.221003495906
00e12e8b_5782,11622.224319895298
00e12e8b_5783,11622.222709011796
00e12e8b_5784,11622.22412676404
00e12e8b_5785,11622.230289427787
00e12e8b_5786,11622.253856526151
00e12e8b_5787,11622.262547592198
00e12e8b_5788,11622.268108769073
00e12e8b_5789,11622.26824906043
00e12e8b_5790,11622.27533886089
00e12e8b_5791,11622.265691225308
00e12e8b_5792,11622.274603216578
00e12e8b_5793,11622.287451433891
00e12e8b_5794,11622.304238064382
00e12e8b_5795,11622.307388214398
00e12e8b_5796,11622.31414919767
00e12e8b_5797,11622.31378209782
00e12e8b_5798,11622.298733231988
00e12e8b_5799,11622.334146139767
00e12e8b_5800,11622.342055194495
00e12e8b_5801,11622.258187489912
00e12e8b_5802,11622.343187104227
00e12e8b_5803,11622.297365288696
00e12e8b_5804,11622.36086512489
00e12e8b_5805,11622.367591280727
00e12e8b_5806,11622.369349537592
00e12e8b_5807,11622.375944942225
00e12e8b_5808,11622.383800715399
00e12e8b_5809,11622.390973298026
00e12e8b_5810,11622.345867692668
00e12e8b_5811,11622.348471298896
00e12e8b_5812,11622.37328896792
00e12e8b_5813,11622.435447062682
00e12e8b_5814,11622.293030329438
00e12e8b_5815,11622.387158940743
00e12e8b_5816,11622.453392887572
00e12e8b_5817,11622.312954963203
00e12e8b_5818,11622.4128106561
00e12e8b_5819,11622.471768679952
00e12e8b_5820,11622.423758916717
00e12e8b_5821,11622.425146509306
00e12e8b_5822,11622.484098110775
00e12e8b_5823,11622.487516476791
00e12e8b_5824,11622.478318300316
00e12e8b_5825,11622.488303649041
00e12e8b_5826,11622.488495041913
00e12e8b_5827,11622.519021617092
00e12e8b_5828,11622.523344131972
00e12e8b_5829,11622.528418410566
00e12e8b_5830,11622.533008583116
00e12e8b_5831,11622.541918008841
00e12e8b_5832,11622.542786013912
00e12e8b_5833,11622.554775256067
00e12e8b_5834,11622.565672208204
00e12e8b_5835,11622.572250052766
00e12e8b_5836,11622.583695393616
00e12e8b_5837,11622.592875922623
00e12e8b_5838,11622.602748835669
00e12e8b_5839,11622.618989761351
00e12e8b_5840,11622.613585205305
00e12e8b_5841,11622.613850261192
00e12e8b_5842,11622.624801535689
00e12e8b_5843,11622.636696701065
00e12e8b_5844,11622.589934282558
00e12e8b_5845,11622.629932884638
00e12e8b_5846,11622.646685062735
00e12e8b_5847,11622.655468412231
00e12e8b_5848,11622.646102140146
00e12e8b_5849,11622.657452943677
00e12e8b_5850,11622.67409817141
00e12e8b_5851,11622.680058876103
00e12e8b_5852,11622.681688876051
00e12e8b_5853,11622.68464066366
00e12e8b_5854,11622.6398079465
00e12e8b_5855,11622.637809921363
00e12e8b_5856,11622.652202028468
00e12e8b_5857,11622.65031421769
00e12e8b_5858,11622.709705595586
00e12e8b_5859,11622.634618361424
00e12e8b_5860,11622.716550413974
00e12e8b_5861,11622.653500908047
00e12e8b_5862,11622.600896807675
00e12e8b_5863,11622.682376350169
00e12e8b_5864,11622.730872013237
00e12e8b_5865,11622.729015324203
00e12e8b_5866,11622.735729598933
00e12e8b_5867,11622.732320941122
00e12e8b_5868,11622.742162372717
00e12e8b_5869,11622.737629933095
00e12e8b_5870,11622.750763364345
00e12e8b_5871,11622.750507885778
00e12e8b_5872,11622.756154825409
00e12e8b_5873,11622.761901332357
00e12e8b_5874,11622.770415823416
00e12e8b_5875,11622.771403228564
00e12e8b_5876,11622.782345827707
00e12e8b_5877,11622.800349277553
00e12e8b_5878,11622.799346748834
00e12e8b_5879,11622.810397501682
00e12e8b_5880,11622.815032455612
00e12e8b_5881,11622.815494947696
00e12e8b_5882,11622.823854197097
00e12e8b_5883,11622.83999065707
00e12e8b_5884,11622.84398774562
00e12e8b_5885,11622.846156358139
00e12e8b_5886,11622.872420985559
00e12e8b_5887,11622.889734550812
00e12e8b_5888,11622.918758525584
00e12e8b_5889,11622.930680339832
00e12e8b_5890,11622.95626100335
00e12e8b_5891,11623.001814812935
00e12e8b_5892,11623.043421274908
00e12e8b_5893,11623.105201861468
00e12e8b_5894,11623.147774150004
00e12e8b_5895,11623.178496585424
00e12e8b_5896,11623.216736469216
00e12e8b_5897,11623.276171473908
00e12e8b_5898,11623.274227972623
00e12e8b_5899,11623.323903212646
00e12e8b_5900,11623.346547497456
00e12e8b_5901,11623.353998122855
00e12e8b_5902,11623.399945866071
00e12e8b_5903,11623.412941613658
00e12e8b_5904,11623.437092515593
00e12e8b_5905,11623.440546225018
00e12e8b_5906,11623.477952579522
00e12e8b_5907,11623.49312328648
00e12e8b_5908,11623.489348822264
00e12e8b_5909,11623.478777890638
00e12e8b_5910,11623.497293109027
00e12e8b_5911,11623.495740439037
00e12e8b_5912,11623.472634281667
00e12e8b_5913,11623.467472697348
00e12e8b_5914,11623.436720856107
00e12e8b_5915,11623.417040551232
00e12e8b_5916,11623.409059678166
00e12e8b_5917,11623.401067454213
00e12e8b_5918,11623.398717580672
00e12e8b_5919,11623.406705534766
00e12e8b_5920,11623.430556030395
00e12e8b_5921,11623.459674355468
00e12e8b_5922,11623.4641718789
00e12e8b_5923,11623.506586996467
00e12e8b_5924,11623.584095784283
00e12e8b_5925,11623.65287353446
00e12e8b_5926,11623.732333179658
00e12e8b_5927,11623.838235619714
00e12e8b_5928,11623.935250835635
00e12e8b_5929,11624.056542192875
00e12e8b_5930,11624.160327064117
00e12e8b_5931,11624.303408361924
00e12e8b_5932,11624.474266980691
00e12e8b_5933,11624.663443000652
00e12e8b_5934,11624.749325119494
00e12e8b_5935,11624.824617017952
00e12e8b_5936,11624.889528679996
00e12e8b_5937,11624.934574108916
00e12e8b_5938,11624.972137847302
00e12e8b_5939,11624.995457646615
00e12e8b_5940,11625.028606036798
00e12e8b_5941,11625.07034085359
00e12e8b_5942,11625.14656073676
00e12e8b_5943,11625.239308291824
00e12e8b_5944,11625.29729890203
00e12e8b_5945,11625.316514401213
00e12e8b_5946,11625.430356367426
00e12e8b_5947,11625.427624439137
00e12e8b_5948,11625.50227378654
00e12e8b_5949,11625.553021991023
00e12e8b_5950,11625.540132885608
00e12e8b_5951,11625.598156624463
00e12e8b_5952,11625.615107583588
00e12e8b_5953,11625.645211943576
00e12e8b_5954,11625.691603585867
00e12e8b_5955,11625.701630364445
00e12e8b_5956,11625.725103855222
00e12e8b_5957,11625.738172864441
00e12e8b_5958,11625.751144254873
00e12e8b_5959,11625.759646936287
00e12e8b_5960,11625.7852444007
00e12e8b_5961,11625.79673971496
00e12e8b_5962,11625.81178762081
00e12e8b_5963,11625.827980798225
00e12e8b_5964,11625.847939441366
00e12e8b_5965,11625.860840534817
00e12e8b_5966,11625.880000099454
00e12e8b_5967,11625.90863500605
00e12e8b_5968,11625.901744052575
00e12e8b_5969,11625.908182597213
00e12e8b_5970,11625.928848417278
00e12e8b_5971,11625.916660766607
00e12e8b_5972,11625.928782588946
00e12e8b_5973,11625.912899727158
00e12e8b_5974,11625.892585166577
00e12e8b_5975,11625.863793216202
00e12e8b_5976,11625.833193758968
00e12e8b_5977,11625.810897037209
00e12e8b_5978,11625.789942498313
00e12e8b_5979,11625.744943096834
00e12e8b_5980,11625.70187843702
00e12e8b_5981,11625.665284674387
00e12e8b_5982,11625.629818259844
00e12e8b_5983,11625.599080058922
00e12e8b_5984,11625.590826378664
00e12e8b_5985,11625.583414009465
00e12e8b_5986,11625.586039122787
00e12e8b_5987,11625.604092147805
00e12e8b_5988,11625.591332407508
00e12e8b_5989,11625.571659498768
00e12e8b_5990,11625.529687218946
00e12e8b_5991,11625.443997816328
00e12e8b_5992,11625.3444376005
00e12e8b_5993,11625.293540733877
00e12e8b_5994,11625.244024255493
00e12e8b_5995,11625.193701078972
00e12e8b_5996,11625.129241509654
00e12e8b_5997,11625.118786187999
00e12e8b_5998,11625.060658952585
00e12e8b_5999,11624.951052874712
00e12e8b_6000,11624.840537242675
00e12e8b_6001,11624.756715139336
00e12e8b_6002,11624.69886728498
00e12e8b_6003,11624.661082935063
00e12e8b_6004,11624.641743446926
00e12e8b_6005,11624.628746821738
00e12e8b_6006,11624.648014388647
00e12e8b_6007,11624.692461020699
00e12e8b_6008,11624.718667625126
00e12e8b_6009,11624.742748748295
00e12e8b_6010,11624.78613760022
00e12e8b_6011,11624.8162260552
00e12e8b_6012,11624.850038894718
00e12e8b_6013,11624.866653004508
00e12e8b_6014,11624.859146351551
00e12e8b_6015,11624.910522060758
00e12e8b_6016,11624.93249972084
00e12e8b_6017,11624.924770730591
00e12e8b_6018,11624.970078419827
00e12e8b_6019,11625.001600133965
00e12e8b_6020,11625.019661702983
00e12e8b_6021,11625.056604399677
00e12e8b_6022,11625.123663991111
00e12e8b_6023,11625.232032619999
00e12e8b_6024,11625.152431933671
00e12e8b_6025,11625.327730099456
00e12e8b_6026,11625.432831246979
00e12e8b_6027,11625.424333442532
00e12e8b_6028,11625.67571303824
00e12e8b_6029,11625.850432862397
00e12e8b_6030,11625.888639996436
00e12e8b_6031,11625.833198132479
00e12e8b_6032,11625.903639942799
00e12e8b_6033,11625.8343245131
00e12e8b_6034,11625.887084432292
00e12e8b_6035,11625.940142822805
00e12e8b_6036,11625.914407397502
00e12e8b_6037,11625.913780350527
00e12e8b_6038,11626.001211509702
00e12e8b_6039,11625.99894001813
00e12e8b_6040,11626.005409762296
00e12e8b_6041,11625.97530456278
00e12e8b_6042,11626.013247033521
00e12e8b_6043,11626.056447720935
00e12e8b_6044,11626.083050453568
00e12e8b_6045,11626.130850282443
00e12e8b_6046,11626.178502140207
00e12e8b_6047,11626.138123455858
00e12e8b_6048,11626.189484647413
00e12e8b_6049,11626.299279540399
00e12e8b_6050,11626.401730363079
00e12e8b_6051,11626.51878355023
00e12e8b_6052,11626.617730120839
00e12e8b_6053,11626.679658489
00e12e8b_6054,11626.675178108133
00e12e8b_6055,11626.743837214133
00e12e8b_6056,11626.693623315441
00e12e8b_6057,11626.58156848606
00e12e8b_6058,11626.481924823835
00e12e8b_6059,11626.35782244492
00e12e8b_6060,11626.276737333143
00e12e8b_6061,11626.162693106358
00e12e8b_6062,11625.972116302426
00e12e8b_6063,11625.776677080192
00e12e8b_6064,11625.61720056355
00e12e8b_6065,11625.47704320678
00e12e8b_6066,11625.34201057593
00e12e8b_6067,11625.165558992168
00e12e8b_6068,11625.001967273536
00e12e8b_6069,11624.798906339283
00e12e8b_6070,11624.44117129239
00e12e8b_6071,11624.131075114752
00e12e8b_6072,11623.959761560134
00e12e8b_6073,11623.76823214767
00e12e8b_6074,11623.503798390973
00e12e8b_6075,11623.52400280486
00e12e8b_6076,11623.377799368745
00e12e8b_6077,11623.385032724136
00e12e8b_6078,11623.566492261783
00e12e8b_6079,11623.786329231143
00e12e8b_6080,11623.782888063828
00e12e8b_6081,11623.90371778736
00e12e8b_6082,11623.826645145924
00e12e8b_6083,11623.739536276578
00e12e8b_6084,11623.672362612004
00e12e8b_6085,11623.489685232082
00e12e8b_6086,11623.342017996642
00e12e8b_6087,11623.245562514136
00e12e8b_6088,11623.397959867816
00e12e8b_6089,11623.310091083162
00e12e8b_6090,11623.176031519983
00e12e8b_6091,11622.986962773792
00e12e8b_6092,11622.743631865504
00e12e8b_6093,11622.510475457728
00e12e8b_6094,11622.279468410426
00e12e8b_6095,11622.026527425814
00e12e8b_6096,11621.84428857537
00e12e8b_6097,11621.665335477237
00e12e8b_6098,11621.569918905834
00e12e8b_6099,11621.430640913302
00e12e8b_6100,11621.3143468809
00e12e8b_6101,11621.18489660927
00e12e8b_6102,11621.046979865212
00e12e8b_6103,11620.914612303599
00e12e8b_6104,11620.791386226942
00e12e8b_6105,11620.686393473834
00e12e8b_6106,11620.596612935322
00e12e8b_6107,11620.509122618794
00e12e8b_6108,11620.439118678734
00e12e8b_6109,11620.37172919078
00e12e8b_6110,11620.312210377502
00e12e8b_6111,11620.258484454716
00e12e8b_6112,11620.230326974965
00e12e8b_6113,11620.171944842905
00e12e8b_6114,11620.112618868057
00e12e8b_6115,11620.095062683582
00e12e8b_6116,11620.103284719693
00e12e8b_6117,11620.114112011775
00e12e8b_6118,11620.134016369422
00e12e8b_6119,11620.145324453839
00e12e8b_6120,11620.173784262877
00e12e8b_6121,11620.190029394269
00e12e8b_6122,11620.242853855634
00e12e8b_6123,11620.270997571995
00e12e8b_6124,11620.295611322736
00e12e8b_6125,11620.311844389154
00e12e8b_6126,11620.341937612116
00e12e8b_6127,11620.398196986032
00e12e8b_6128,11620.413629031424
00e12e8b_6129,11620.419066213612
00e12e8b_6130,11620.429495692886
00e12e8b_6131,11620.436035477778
00e12e8b_6132,11620.4093924774
00e12e8b_6133,11620.37485322623
00e12e8b_6134,11620.273546459386
00e12e8b_6135,11620.191653209547
00e12e8b_6136,11620.125413129388
00e12e8b_6137,11620.029061844536
00e12e8b_6138,11619.886433247406
00e12e8b_6139,11619.746885030016
00e12e8b_6140,11619.609530533638
00e12e8b_6141,11619.488320964185
00e12e8b_6142,11619.401242902997
00e12e8b_6143,11619.32014575799
00e12e8b_6144,11619.222215125952
00e12e8b_6145,11619.100923943593
00e12e8b_6146,11618.960203935205
00e12e8b_6147,11618.827347941971
00e12e8b_6148,11618.712074866575
00e12e8b_6149,11618.677698795527
00e12e8b_6150,11618.605174756383
00e12e8b_6151,11618.571174360026
00e12e8b_6152,11618.596981419108
00e12e8b_6153,11618.493798959167
00e12e8b_6154,11618.475039412842
00e12e8b_6155,11618.446378406095
00e12e8b_6156,11618.444633550698
00e12e8b_6157,11618.34810845852
00e12e8b_6158,11618.380039620131
00e12e8b_6159,11618.342274324008
00e12e8b_6160,11618.315716435029
00e12e8b_6161,11618.288543475988
00e12e8b_6162,11618.212038776614
00e12e8b_6163,11618.121588771477
00e12e8b_6164,11618.144914358789
00e12e8b_6165,11618.00467658924
00e12e8b_6166,11617.875884915567
00e12e8b_6167,11617.69328696656
00e12e8b_6168,11617.495396789616
00e12e8b_6169,11617.306116431722
00e12e8b_6170,11617.176950254594
00e12e8b_6171,11617.162000833432
00e12e8b_6172,11617.10656147055
00e12e8b_6173,11617.033576154688
00e12e8b_6174,11617.069823509057
00e12e8b_6175,11617.148537839883
00e12e8b_6176,11617.21383850559
00e12e8b_6177,11617.283329979253
00e12e8b_6178,11617.328183708758
00e12e8b_6179,11617.418527376816
00e12e8b_6180,11617.510183520611
00e12e8b_6181,11617.543085804267
00e12e8b_6182,11617.627952011535
00e12e8b_6183,11617.640610862814
00e12e8b_6184,11617.6728262544
00e12e8b_6185,11617.740586179212
00e12e8b_6186,11617.765873266864
00e12e8b_6187,11617.773617957599
00e12e8b_6188,11617.801223976494
00e12e8b_6189,11617.799628188672
00e12e8b_6190,11617.84051396574
00e12e8b_6191,11617.909204839185
00e12e8b_6192,11617.95148053536
00e12e8b_6193,11618.064552414045
00e12e8b_6194,11618.184637211749
00e12e8b_6195,11618.3737289029
00e12e8b_6196,11618.578018827964
00e12e8b_6197,11618.763535272954
00e12e8b_6198,11618.92159021508
00e12e8b_6199,11619.088163156592
00e12e8b_6200,11619.20186003221
00e12e8b_6201,11619.354200405016
00e12e8b_6202,11619.417871135847
00e12e8b_6203,11619.522990831649
00e12e8b_6204,11619.586287586415
00e12e8b_6205,11619.778994806036
00e12e8b_6206,11619.927692657773
00e12e8b_6207,11620.078739724333
00e12e8b_6208,11620.195276090404
00e12e8b_6209,11620.329777827317
00e12e8b_6210,11620.485411580503
00e12e8b_6211,11620.63202376876
00e12e8b_6212,11620.761076050954
00e12e8b_6213,11620.898934290852
00e12e8b_6214,11621.021589333157
00e12e8b_6215,11621.162577101935
00e12e8b_6216,11621.249403489302
00e12e8b_6217,11621.33199794058
00e12e8b_6218,11621.424221681176
00e12e8b_6219,11621.528918562184
00e12e8b_6220,11621.587336129222
00e12e8b_6221,11621.652213427471
00e12e8b_6222,11621.739260521914
00e12e8b_6223,11621.773662202218
00e12e8b_6224,11621.850785910861
00e12e8b_6225,11621.852005195607
00e12e8b_6226,11621.89116647535
00e12e8b_6227,11621.927043936548
00e12e8b_6228,11621.941122197359
00e12e8b_6229,11621.963814177103
00e12e8b_6230,11621.995130640182
00e12e8b_6231,11621.91047480683
00e12e8b_6232,11621.956142853793
00e12e8b_6233,11621.966460657266
00e12e8b_6234,11621.989220079888
00e12e8b_6235,11621.966732614952
00e12e8b_6236,11621.960010453424
00e12e8b_6237,11621.96535234297
00e12e8b_6238,11621.976846232448
00e12e8b_6239,11621.920838291351
00e12e8b_6240,11621.933019070795
00e12e8b_6241,11621.906912658884
00e12e8b_6242,11621.919582547605
00e12e8b_6243,11621.924970711027
00e12e8b_6244,11621.92108305484
00e12e8b_6245,11621.89606632062
00e12e8b_6246,11621.889842587663
00e12e8b_6247,11621.885280038512
00e12e8b_6248,11621.862124674559
00e12e8b_6249,11621.876836467589
00e12e8b_6250,11621.84937357069
00e12e8b_6251,11621.844740202274
00e12e8b_6252,11621.855852422827
00e12e8b_6253,11621.829031760937
00e12e8b_6254,11621.839078417688
00e12e8b_6255,11621.811161965205
00e12e8b_6256,11621.826332204415
00e12e8b_6257,11621.807886643763
00e12e8b_6258,11621.818563915303
00e12e8b_6259,11621.798073281376
00e12e8b_6260,11621.811516497835
00e12e8b_6261,11621.786177208165
00e12e8b_6262,11621.794999383552
00e12e8b_6263,11621.785255630813
00e12e8b_6264,11621.710514409942
00e12e8b_6265,11621.763566095835
00e12e8b_6266,11621.738950351584
00e12e8b_6267,11621.766068685247
00e12e8b_6268,11621.757498489951
00e12e8b_6269,11621.736154380458
00e12e8b_6270,11621.745956773142
00e12e8b_6271,11621.725752846327
00e12e8b_6272,11621.735744259444
00e12e8b_6273,11621.726274970337
00e12e8b_6274,11621.7014209711
00e12e8b_6275,11621.71143933909
00e12e8b_6276,11621.685956357467
00e12e8b_6277,11621.66743754516
00e12e8b_6278,11621.623470991764
00e12e8b_6279,11621.631289324836
00e12e8b_6280,11621.610438983496
00e12e8b_6281,11621.587054813226
00e12e8b_6282,11621.546672654502
00e12e8b_6283,11621.55389975916
00e12e8b_6284,11621.538304196009
00e12e8b_6285,11621.515722397244
00e12e8b_6286,11621.463319276176
00e12e8b_6287,11621.452395315504
00e12e8b_6288,11621.40843742391
00e12e8b_6289,11621.35884110956
00e12e8b_6290,11621.309226012723
00e12e8b_6291,11621.262312399818
00e12e8b_6292,11621.237147919113
00e12e8b_6293,11621.203436807991
00e12e8b_6294,11621.20987319373
00e12e8b_6295,11621.162040037758
00e12e8b_6296,11621.128133461161
00e12e8b_6297,11621.087814561137
00e12e8b_6298,11621.044543501012
00e12e8b_6299,11621.052583325472
00e12e8b_6300,11621.015833749138
00e12e8b_6301,11620.958532894736
00e12e8b_6302,11620.892283144129
00e12e8b_6303,11620.824238558193
00e12e8b_6304,11620.786395609
00e12e8b_6305,11620.7170620105
00e12e8b_6306,11620.660580441025
00e12e8b_6307,11620.60984715671
00e12e8b_6308,11620.514877092632
00e12e8b_6309,11620.463135757
00e12e8b_6310,11620.41070223271
00e12e8b_6311,11620.406946410638
00e12e8b_6312,11620.41710118201
00e12e8b_6313,11620.4272314172
00e12e8b_6314,11620.442783940007
00e12e8b_6315,11620.437118107657
00e12e8b_6316,11620.416856542846
00e12e8b_6317,11620.312274792535
00e12e8b_6318,11620.318690286684
00e12e8b_6319,11620.263257513787
00e12e8b_6320,11620.217218881386
00e12e8b_6321,11620.206556512687
00e12e8b_6322,11620.193447489686
00e12e8b_6323,11620.08474019804
00e12e8b_6324,11620.129070351988
00e12e8b_6325,11620.063059277094
00e12e8b_6326,11620.06211940436
00e12e8b_6327,11620.01830305828
00e12e8b_6328,11619.945149446155
00e12e8b_6329,11619.843882506679
00e12e8b_6330,11619.773618706502
00e12e8b_6331,11619.728124764726
00e12e8b_6332,11619.721005074967
00e12e8b_6333,11619.71532263939
00e12e8b_6334,11619.736228802576
00e12e8b_6335,11619.737904902831
00e12e8b_6336,11619.791650673864
00e12e8b_6337,11619.8505299825
00e12e8b_6338,11619.87749960705
00e12e8b_6339,11619.90711198005
00e12e8b_6340,11619.940520156833
00e12e8b_6341,11619.979055613978
00e12e8b_6342,11620.051031833838
00e12e8b_6343,11620.124720315172
00e12e8b_6344,11620.174745605445
00e12e8b_6345,11620.233625138813
00e12e8b_6346,11620.292753988688
00e12e8b_6347,11620.340763038399
00e12e8b_6348,11620.364703917496
00e12e8b_6349,11620.40210547705
00e12e8b_6350,11620.435276959
00e12e8b_6351,11620.45323735649
00e12e8b_6352,11620.476147587471
00e12e8b_6353,11620.486975770915
00e12e8b_6354,11620.469209764015
00e12e8b_6355,11620.464000969803
00e12e8b_6356,11620.478161465842
00e12e8b_6357,11620.50070243784
00e12e8b_6358,11620.529617472323
00e12e8b_6359,11620.550148311737
00e12e8b_6360,11620.557303990432
00e12e8b_6361,11620.584463375008
00e12e8b_6362,11620.625436434559
00e12e8b_6363,11620.647572391135
00e12e8b_6364,11620.663587656361
00e12e8b_6365,11620.664245449201
00e12e8b_6366,11620.676718996736
00e12e8b_6367,11620.692924647925
00e12e8b_6368,11620.691850284784
00e12e8b_6369,11620.6429100876
00e12e8b_6370,11620.695472663088
00e12e8b_6371,11620.75000078689
00e12e8b_6372,11620.765608190171
00e12e8b_6373,11620.782861545074
00e12e8b_6374,11620.789793790484
00e12e8b_6375,11620.802731479425
00e12e8b_6376,11620.801763630492
00e12e8b_6377,11620.806763199675
00e12e8b_6378,11620.813363931371
00e12e8b_6379,11620.825765183872
00e12e8b_6380,11620.82727737537
00e12e8b_6381,11620.838903829223
00e12e8b_6382,11620.857384366334
00e12e8b_6383,11620.851177177447
